City Name,Population,Area (sq. km),Smart Infrastructure Score,Energy Consumption,Public Transport Usage,Air Quality Index,Education Index,Healthcare Index,Employment Rate,Smart Grid Adoption,Waste Management Score,Internet Speed (Mbps),Safety Index,Cost of Living Index
City1,537884,147.2,28.6,573.1,28.9,31.9,27.1,33.6,57.4,33.7,25.6,182.8,47.9,54.6
City2,221113,142.0,25.9,598.7,40.1,54.6,26.0,41.9,55.7,30.4,24.8,193.7,47.5,72.1
City3,664482,50.0,56.8,465.2,51.6,63.2,66.7,65.1,75.2,68.6,44.6,315.8,65.0,78.6
City4,2263090,164.7,32.2,657.7,34.1,59.6,55.1,47.0,65.0,55.1,36.0,216.2,47.2,68.5
City5,193336,589.6,50.3,561.7,49.0,39.4,49.9,53.3,69.9,40.1,63.1,286.8,67.1,66.9
City6,193340,53.0,22.3,913.8,34.5,43.5,13.1,17.8,57.4,26.0,27.1,75.3,45.9,58.4
City7,2448284,861.1,59.2,438.9,49.3,54.0,54.5,57.3,77.5,51.8,54.7,299.1,41.0,72.0
City8,785761,439.4,50.0,481.2,49.6,36.1,53.3,45.3,59.3,46.5,45.2,236.8,33.0,76.6
City9,139070,101.4,16.6,609.6,23.3,15.7,15.5,18.1,66.9,31.7,16.8,90.4,35.4,69.2
City10,573540,206.5,47.5,604.8,44.7,63.8,48.6,66.5,76.3,68.8,77.3,263.1,44.8,62.5
City11,140254,1665.7,44.2,447.0,49.0,50.5,36.1,44.6,56.1,40.0,52.2,248.6,36.7,62.9
City12,139801,590.1,56.7,416.7,52.3,45.2,49.7,47.2,65.5,56.1,63.0,211.1,56.5,82.1
City13,376527,247.3,22.1,671.9,31.5,26.0,20.4,25.2,58.8,29.2,29.3,171.4,18.7,42.0
City14,18423,184.0,37.8,460.0,54.9,44.1,41.4,39.5,62.9,42.9,51.4,248.5,37.0,45.5
City15,23983,268.3,20.0,603.2,37.8,33.3,13.0,8.1,67.0,17.9,28.9,94.1,32.8,59.9
City16,122124,132.4,11.5,555.3,28.8,20.1,16.1,19.9,52.0,15.2,15.7,73.2,39.3,52.2
City17,64993,50.0,75.3,335.3,50.3,61.8,66.0,75.4,70.8,67.6,80.7,315.2,59.6,104.2
City18,416626,2837.3,33.4,449.5,28.6,63.0,30.3,49.5,54.5,30.9,49.7,182.5,39.4,79.6
City19,75264,294.8,30.5,573.1,33.1,40.1,30.5,33.2,56.3,40.9,22.5,203.0,46.6,55.5
City20,37152,394.6,46.1,511.1,38.4,57.1,55.5,49.6,72.9,50.1,49.4,326.8,54.2,93.2
City21,2088398,228.3,57.5,539.2,47.3,58.8,56.0,41.2,66.7,46.0,34.2,236.0,33.1,80.0
City22,195616,101.3,44.9,520.5,53.8,60.9,51.2,52.2,66.2,43.7,59.3,176.6,50.4,71.7
City23,294943,195.8,78.6,479.0,66.1,92.8,68.4,73.5,81.8,77.3,71.8,397.3,64.6,103.5
City24,36510,50.0,60.2,510.0,51.4,34.5,44.2,50.6,69.3,47.3,45.6,195.1,33.3,71.4
City25,125224,3761.2,41.4,479.7,43.3,39.7,32.2,33.7,57.8,35.4,41.1,133.9,50.0,79.7
City26,313417,55.6,8.9,613.8,23.2,33.4,14.5,12.5,54.6,9.1,6.5,108.7,4.9,53.2
City27,53562,70.9,24.6,559.7,31.1,55.4,22.7,31.5,59.8,31.5,22.6,158.9,41.5,58.2
City28,454056,144.3,46.5,677.6,42.8,54.2,44.9,43.2,78.7,45.7,45.7,292.0,34.6,57.9
City29,115740,1147.9,9.2,671.3,24.4,41.3,18.1,24.0,46.2,9.7,1.2,50.0,19.7,77.5
City30,178372,249.0,46.1,497.9,59.3,38.5,47.0,62.6,65.7,40.9,31.4,332.0,69.1,88.4
City31,115567,55.5,12.5,641.1,30.1,31.2,20.8,17.4,56.4,19.4,7.3,92.7,18.6,50.4
City32,3588301,1102.4,33.8,627.4,39.8,52.4,34.3,40.1,59.1,30.6,55.2,165.3,46.8,64.9
City33,263314,588.3,39.3,414.6,37.3,41.0,42.0,48.1,68.5,36.5,51.1,303.1,49.5,63.4
City34,61035,466.9,66.7,331.6,72.0,62.2,78.2,74.8,78.3,60.2,55.8,307.8,87.5,98.3
City35,848786,577.6,75.8,241.9,67.4,62.4,85.6,89.6,93.5,79.0,76.4,409.0,84.1,85.0
City36,48572,4329.6,71.6,345.9,60.7,76.2,58.9,72.6,83.2,55.5,62.5,266.3,59.4,78.4
City37,359478,3368.1,31.2,511.3,29.9,30.4,33.8,31.6,58.6,28.6,29.1,179.9,18.8,56.6
City38,17265,107.3,58.1,567.2,68.1,71.8,48.3,43.7,57.6,37.0,41.8,251.0,49.2,90.4
City39,41795,1717.6,36.2,619.2,43.3,28.1,42.2,22.6,56.5,31.7,25.2,162.0,50.0,43.8
City40,353488,387.5,23.2,783.2,29.7,40.8,35.8,27.1,50.7,36.0,36.4,159.4,26.6,59.9
City41,754532,445.4,33.0,627.1,41.0,41.5,33.0,43.0,49.1,49.4,21.6,239.1,26.6,66.0
City42,341094,50.0,31.3,674.6,46.6,29.9,21.5,24.2,55.8,22.0,38.3,118.0,50.8,87.2
City43,228226,199.4,50.7,370.9,38.2,40.1,43.6,52.7,79.3,41.9,56.7,262.0,62.2,78.1
City44,176037,92.3,55.4,511.8,54.3,64.4,51.5,59.8,66.7,69.6,59.0,316.7,49.0,68.8
City45,33862,660.9,35.8,744.5,28.5,34.3,25.1,27.9,55.8,30.7,23.3,147.1,28.4,58.9
City46,97950,884.7,36.7,466.9,32.5,45.8,17.7,33.1,54.1,28.5,21.7,98.8,29.1,64.1
City47,140801,50.0,59.9,333.2,61.9,49.2,66.9,57.0,72.4,52.0,57.5,359.3,59.4,78.3
City48,1178757,238.3,19.5,660.6,20.0,47.4,16.1,31.5,66.0,39.4,39.0,146.9,36.5,39.6
City49,434115,940.3,52.6,390.9,61.7,48.7,41.0,41.9,66.2,64.2,37.4,216.2,64.3,64.0
City50,22736,195.6,69.5,506.4,58.2,63.9,70.7,72.1,90.3,66.1,66.0,310.9,51.8,80.7
City51,422404,586.9,13.1,504.1,40.0,23.9,23.6,23.5,53.8,38.1,21.4,95.3,23.8,46.2
City52,156511,372.9,35.1,744.9,26.2,41.2,27.4,32.4,53.2,41.3,30.5,186.2,36.4,40.1
City53,104016,368.7,29.2,799.9,39.7,25.9,30.7,34.7,60.2,36.9,34.9,206.9,30.7,55.3
City54,631811,176.7,29.2,691.9,22.8,36.7,36.7,33.2,57.0,43.9,35.9,140.5,55.8,53.8
City55,1136426,56.8,58.1,442.7,46.1,33.1,40.7,45.2,72.3,37.8,32.7,253.9,68.3,63.0
City56,988350,63.7,39.4,612.5,42.6,38.3,36.9,20.3,53.9,48.3,16.8,194.5,41.2,64.5
City57,82875,573.2,60.7,604.8,55.2,56.2,52.1,58.1,67.7,54.5,62.5,284.7,34.2,86.0
City58,174050,250.5,56.6,423.2,66.5,43.9,53.8,52.0,66.4,54.6,53.4,268.7,70.0,65.1
City59,426671,207.2,35.7,428.8,46.7,50.5,31.6,37.0,64.1,37.4,37.7,247.3,43.3,70.7
City60,1051536,147.1,24.4,553.2,42.6,44.0,35.7,26.4,65.1,23.2,36.2,133.8,37.6,49.6
City61,137194,169.7,55.5,347.2,53.0,66.0,67.7,52.3,82.1,55.0,60.5,269.2,50.7,74.1
City62,206917,859.5,30.0,793.2,31.1,55.4,36.3,32.4,76.7,33.8,44.8,168.5,30.0,77.2
City63,57018,163.6,30.4,789.7,41.0,49.9,6.9,18.6,65.8,13.1,21.6,61.0,20.5,55.7
City64,50277,50.0,37.5,682.4,30.9,25.3,16.2,20.3,48.8,14.5,20.4,178.2,23.7,71.2
City65,836963,597.3,35.4,559.1,31.4,48.1,41.6,29.7,57.6,31.3,25.9,168.8,42.6,75.3
City66,1791808,191.4,44.0,450.5,42.5,49.0,28.6,36.0,49.9,28.3,29.5,126.5,35.1,54.9
City67,242604,254.1,21.2,535.3,39.4,46.9,32.1,16.7,55.4,35.3,29.3,174.4,45.9,58.2
City68,1093556,1684.3,25.0,460.1,57.5,39.1,29.2,28.5,58.2,33.3,34.6,263.8,34.9,71.2
City69,445205,238.7,34.4,832.8,32.4,38.9,33.3,25.2,66.6,10.9,26.2,135.6,46.4,60.2
City70,108752,346.2,41.1,727.5,36.5,45.2,40.8,45.1,63.1,28.8,35.7,186.4,36.2,77.3
City71,445055,59.5,34.7,548.5,36.0,59.3,39.2,33.6,54.5,36.1,37.3,159.7,55.7,71.5
City72,2311139,188.0,38.3,721.2,34.1,36.4,34.5,52.2,55.4,59.3,33.9,169.8,53.3,78.1
City73,255210,508.5,48.8,679.3,37.8,68.4,37.6,42.0,57.5,45.9,26.7,249.7,36.4,57.1
City74,2398852,50.0,64.8,444.7,56.6,60.0,53.7,65.7,68.7,58.4,54.6,254.2,41.9,55.3
City75,10000,311.4,48.2,381.5,55.5,52.2,48.2,43.8,79.3,40.7,39.0,306.5,61.4,52.0
City76,848023,276.2,46.1,404.0,57.7,59.7,43.4,53.1,68.3,58.5,66.1,249.4,47.7,66.1
City77,303114,257.1,44.9,618.5,57.9,40.7,45.0,50.5,63.1,31.0,51.1,251.7,27.2,53.9
City78,176555,849.5,42.8,531.3,56.6,38.3,46.8,44.6,56.5,42.8,50.4,279.1,44.9,69.8
City79,305121,365.5,59.3,360.1,42.5,56.4,45.0,52.2,73.3,45.4,52.5,264.9,53.8,82.9
City80,16604,1441.9,44.5,500.7,42.0,40.0,46.1,49.2,59.4,37.8,39.8,182.0,58.3,58.4
City81,197295,74.3,72.6,265.4,60.7,54.4,64.1,77.7,84.5,65.7,70.1,323.0,85.3,77.2
City82,442394,288.0,36.4,542.8,37.7,48.3,42.9,50.8,64.5,55.5,58.5,230.7,52.0,66.8
City83,2124509,270.8,7.5,560.3,26.9,26.5,20.6,11.4,52.3,5.8,17.3,97.0,22.8,37.8
City84,129887,67.8,18.6,614.8,23.2,52.2,21.1,29.1,57.1,25.8,35.9,109.3,28.5,46.8
City85,86518,770.9,35.5,435.5,38.6,47.3,46.1,45.9,67.4,30.9,58.1,200.2,41.3,74.0
City86,132924,3982.3,37.8,594.5,36.1,41.9,49.8,36.8,69.6,39.8,48.8,192.3,22.0,88.9
City87,966622,239.7,42.0,527.1,32.9,34.5,35.1,46.4,73.3,40.5,47.6,148.0,38.8,49.4
City88,425173,448.6,25.9,592.4,30.3,14.8,20.9,10.0,62.2,21.1,18.6,143.1,32.3,52.3
City89,127814,270.8,62.2,378.0,48.3,46.3,40.5,48.5,60.0,60.0,57.2,286.0,48.0,47.7
City90,550495,103.9,9.4,780.1,26.6,30.5,14.2,7.9,56.9,26.9,14.6,69.5,13.5,70.0
City91,307401,50.0,74.0,411.6,61.9,62.9,59.6,76.3,66.8,71.2,59.9,404.0,50.1,96.3
City92,1041427,104.9,27.3,542.0,35.0,54.4,22.7,33.6,57.8,26.8,35.7,209.8,51.9,59.8
City93,100420,50.0,46.7,403.6,49.7,44.7,43.2,39.0,70.6,39.0,56.1,311.0,29.4,69.6
City94,169612,1891.1,23.9,560.9,23.9,24.0,39.1,22.4,51.4,33.6,16.9,133.7,51.4,72.2
City95,154979,213.1,17.3,681.3,7.2,28.8,24.6,27.2,50.0,21.3,16.4,42.6,36.7,61.3
City96,34581,161.6,15.9,737.8,24.3,53.2,23.9,29.4,49.4,17.5,21.3,96.9,17.7,67.4
City97,406186,711.2,42.2,544.2,31.5,41.0,35.6,26.8,64.4,28.1,19.4,234.8,57.4,95.8
City98,386728,63.7,10.3,829.9,25.1,44.8,14.0,17.1,41.7,32.6,4.7,50.8,23.7,54.4
City99,270265,97.5,71.7,400.6,56.6,77.2,77.1,74.7,75.5,83.3,80.3,387.7,84.3,81.6
City100,193218,265.5,32.5,699.8,58.5,32.0,41.9,37.3,59.3,39.8,47.9,214.2,47.2,64.4
City101,36992,840.9,26.3,614.5,31.5,44.9,24.1,29.6,67.2,30.5,39.2,106.7,47.1,48.7
City102,148909,446.8,75.5,513.4,56.8,49.0,58.9,68.8,64.6,57.2,64.0,308.9,48.7,56.9
City103,166075,329.6,33.6,460.3,49.1,41.8,30.0,41.5,56.6,34.9,50.9,162.6,23.3,44.2
City104,87274,268.7,70.7,435.4,52.5,57.1,43.0,42.2,62.2,49.7,46.5,288.3,73.7,91.6
City105,214100,395.6,16.4,710.3,16.0,23.4,21.9,29.7,50.9,18.2,23.7,154.8,35.8,71.6
City106,472442,311.7,49.1,609.1,71.1,44.3,58.5,59.5,73.9,60.3,62.3,287.7,58.3,83.4
City107,3762748,71.1,20.7,811.1,46.5,50.8,14.7,26.7,47.0,17.2,40.8,131.2,11.6,72.5
City108,342630,258.6,36.2,474.5,26.2,62.5,31.1,27.4,55.8,29.2,20.9,187.8,28.2,58.7
City109,384835,67.5,52.8,424.4,41.8,51.0,43.3,46.9,60.4,37.6,40.8,204.8,48.0,60.2
City110,241778,269.7,73.2,315.2,67.2,49.5,69.5,63.5,80.1,52.7,72.9,270.6,52.5,73.3
City111,18282,137.4,38.7,486.1,39.1,37.8,38.8,40.3,69.5,41.9,59.5,235.4,38.7,46.3
City112,258559,5152.6,46.9,346.0,53.7,79.1,51.4,63.9,73.2,58.2,38.0,324.6,69.8,58.8
City113,291945,233.3,31.7,645.5,54.1,53.4,23.6,29.6,56.7,22.0,43.6,243.0,28.2,59.4
City114,8440389,50.0,55.4,444.4,51.1,58.3,57.4,54.4,79.8,60.7,68.1,295.5,76.7,75.9
City115,204985,208.3,42.3,429.8,45.6,37.4,45.3,51.7,64.8,43.3,61.6,247.7,30.4,71.9
City116,409284,456.3,25.4,684.6,36.7,30.0,28.1,17.7,62.1,25.3,13.4,98.4,34.9,46.1
City117,255608,1822.6,44.5,653.8,55.9,53.1,47.3,44.3,67.2,30.0,41.4,224.5,54.1,65.7
City118,52252,120.6,20.8,756.1,37.7,36.3,31.7,27.5,60.8,35.1,28.0,198.6,16.1,61.0
City119,1329019,50.0,57.9,559.1,43.7,41.1,35.6,44.1,55.0,39.3,29.5,268.4,44.8,70.7
City120,768892,652.1,70.8,455.9,64.6,73.5,62.7,75.8,71.6,61.8,73.9,382.7,67.6,74.0
City121,812153,50.0,64.1,556.0,51.3,43.6,38.5,51.7,73.9,41.0,49.2,264.0,39.2,86.5
City122,75121,145.0,45.0,422.1,60.9,53.4,45.7,38.1,64.5,56.8,54.0,216.3,44.3,56.4
City123,1912481,179.6,35.9,489.2,42.5,64.1,42.3,33.2,74.4,46.4,26.8,224.6,48.4,83.0
City124,37699,225.1,31.9,626.3,57.5,39.4,44.7,40.1,67.8,40.7,27.5,220.9,50.8,44.6
City125,610235,559.5,12.1,584.6,13.2,32.7,16.5,18.0,63.6,24.1,26.1,75.2,12.8,38.0
City126,5761093,107.7,26.7,526.8,47.0,41.8,24.6,36.2,63.1,27.5,32.0,170.3,50.8,49.6
City127,67053,176.2,54.8,643.2,68.6,53.8,50.5,49.3,72.0,40.9,43.3,220.0,66.1,64.3
City128,121440,240.5,12.1,837.2,15.0,27.8,9.0,22.8,46.2,12.3,7.2,163.3,35.4,50.4
City129,308510,292.8,62.2,602.0,49.1,60.7,37.7,56.2,69.6,39.3,38.2,216.7,52.1,99.6
City130,132605,275.2,36.2,696.4,38.3,53.6,39.5,54.6,74.2,48.5,50.4,206.0,65.8,95.7
City131,30609,412.9,22.9,708.0,29.2,19.9,20.6,24.2,56.5,26.6,40.0,82.8,3.4,70.4
City132,295371,673.6,53.8,417.3,57.9,67.1,62.0,66.0,69.6,60.7,43.7,379.4,64.8,64.5
City133,60643,392.0,24.2,511.0,22.0,42.8,13.2,19.2,50.9,11.1,8.2,40.6,13.4,74.3
City134,520752,421.7,26.9,572.3,36.9,48.7,34.8,36.2,50.3,35.0,23.3,183.2,17.1,52.0
City135,74072,50.0,26.1,745.2,32.4,47.4,26.8,20.8,55.9,25.3,47.5,84.9,27.8,46.7
City136,2349958,259.9,23.2,653.1,37.7,43.8,34.9,31.8,55.7,44.8,41.8,126.8,26.2,46.4
City137,89630,435.0,40.1,441.1,30.7,30.1,31.4,26.3,64.0,21.3,22.1,162.0,42.9,86.7
City138,170947,586.8,51.3,427.7,56.5,47.8,55.2,70.4,68.0,49.0,44.4,236.8,56.9,91.7
City139,838126,106.6,43.5,480.9,54.6,53.4,47.0,67.2,78.9,51.5,62.0,328.9,32.3,67.6
City140,47896,111.0,80.1,452.9,62.1,51.0,60.2,73.5,75.7,64.7,56.9,285.2,69.3,73.6
City141,368960,122.9,40.0,827.6,37.8,42.0,28.3,27.4,48.5,24.3,41.5,86.0,17.8,57.6
City142,1672783,465.8,42.4,582.4,48.0,26.3,26.3,34.4,74.1,41.6,43.6,173.8,60.4,43.4
City143,28269,846.1,2.1,661.5,12.6,12.4,18.1,18.7,51.8,21.1,5.7,116.0,18.4,30.0
City144,347488,150.1,11.3,620.3,40.5,42.6,19.3,17.0,59.1,12.2,24.4,29.8,46.2,56.3
City145,386093,727.5,33.8,556.4,49.5,46.5,37.1,43.6,64.9,38.6,27.0,249.1,40.5,68.4
City146,801749,283.8,66.1,264.0,65.1,63.0,68.8,61.5,74.0,76.4,61.7,321.6,82.7,90.5
City147,47489,210.8,31.4,580.5,25.3,48.5,38.3,33.5,51.3,15.4,31.9,106.5,22.7,72.9
City148,42250,189.9,78.6,415.4,77.4,67.2,64.3,74.3,84.6,67.4,68.3,334.9,55.6,69.6
City149,557221,599.4,17.5,598.3,17.1,61.6,19.7,22.0,54.7,13.6,13.8,124.7,45.1,39.2
City150,406678,361.7,25.1,520.5,35.3,64.0,36.1,28.9,61.8,31.3,38.6,228.8,52.8,41.1
City151,381051,3755.6,27.9,760.5,55.5,29.4,24.6,31.9,64.7,32.0,38.3,139.0,22.5,59.2
City152,435838,88.0,31.6,599.9,40.4,55.8,29.1,42.1,69.2,36.2,24.4,267.0,54.2,67.8
City153,103566,455.6,60.2,534.5,57.9,39.8,57.2,41.8,69.9,41.0,65.8,235.6,35.2,100.3
City154,371444,129.7,30.1,671.2,30.9,30.7,31.6,30.4,50.2,30.8,38.6,113.7,40.0,53.0
City155,404457,86.2,83.2,232.6,80.2,80.4,78.0,86.3,89.9,83.8,83.5,410.1,79.1,98.5
City156,98706,241.5,61.6,593.3,73.0,51.3,45.9,46.3,69.6,48.3,57.3,286.9,58.3,59.8
City157,3656746,288.5,25.7,614.7,23.9,32.6,23.5,30.4,57.9,32.0,17.8,53.2,15.4,61.3
City158,520927,8117.7,11.7,562.1,22.6,20.6,10.2,20.1,48.4,24.3,21.7,76.9,42.0,50.1
City159,50623,196.2,40.5,540.3,57.3,50.5,44.0,41.1,60.7,48.1,35.1,171.7,43.3,51.2
City160,672780,63.0,15.2,653.7,18.1,12.9,4.5,5.8,49.2,18.4,31.1,142.2,8.3,60.8
City161,68558,339.5,64.7,368.4,57.6,66.3,61.9,75.2,72.6,64.0,73.3,367.2,77.4,91.9
City162,807677,50.0,51.9,471.0,34.3,65.5,50.5,50.3,73.9,47.2,58.4,289.4,43.5,71.7
City163,1358693,219.1,48.7,571.6,53.1,39.9,46.5,44.3,71.3,48.6,39.6,196.3,45.5,51.8
City164,85054,249.4,27.3,578.8,22.6,51.4,37.4,27.2,59.7,21.8,34.3,188.2,50.6,57.1
City165,1033773,634.9,33.1,481.7,35.9,47.1,46.7,34.7,54.5,31.8,40.0,224.5,57.2,86.3
City166,478252,787.1,28.2,557.7,45.1,44.8,34.6,50.3,63.5,35.4,22.4,172.5,59.8,74.0
City167,848210,133.7,70.7,439.0,78.1,69.0,60.4,72.4,64.3,50.1,47.5,319.1,63.2,75.7
City168,3819042,204.2,27.4,710.1,33.4,47.2,25.6,32.5,57.9,36.7,26.0,220.3,24.8,66.0
City169,190318,97.6,27.9,651.6,20.1,34.7,17.4,15.0,64.7,14.5,14.6,69.5,8.5,69.2
City170,93411,63.2,18.6,768.9,31.5,35.3,31.3,32.1,52.1,21.5,26.7,131.5,30.5,77.3
City171,77240,354.9,43.9,569.0,51.2,52.4,36.2,45.2,56.7,43.5,27.5,180.3,52.9,53.5
City172,85636,53.1,36.2,620.6,36.4,53.1,43.0,29.4,62.7,36.4,32.9,176.1,20.7,57.2
City173,240880,148.8,14.7,631.9,21.2,37.8,37.7,13.8,69.3,33.3,26.8,161.3,40.3,61.0
City174,432619,74.1,17.9,726.7,28.1,30.6,31.4,31.4,56.7,23.7,21.4,135.0,34.0,66.1
City175,395286,473.2,39.1,528.5,33.6,39.1,43.8,40.2,71.1,34.3,29.2,232.5,46.0,71.2
City176,854316,2125.4,28.6,691.0,40.7,33.4,27.6,28.7,60.3,40.3,26.9,185.1,38.4,69.4
City177,273266,51.3,34.9,844.3,34.6,34.7,30.3,19.7,62.3,32.9,25.2,236.0,38.9,71.1
City178,2053277,50.0,55.9,510.3,43.4,40.0,45.1,50.5,63.1,38.1,62.0,276.1,39.4,69.1
City179,185253,210.6,19.8,703.5,33.8,47.0,33.4,30.4,63.4,32.6,15.3,160.9,14.8,61.9
City180,10000000,249.3,53.4,393.4,60.8,49.0,53.5,59.0,73.2,65.9,51.5,264.0,48.5,73.4
City181,644309,318.1,53.0,687.1,45.1,67.9,49.5,62.6,63.1,60.2,70.4,257.5,56.1,59.9
City182,80819,143.2,42.0,406.6,45.3,52.3,34.1,42.5,68.7,34.6,49.6,241.9,59.0,78.7
City183,59919,192.3,11.7,562.9,48.3,23.7,25.8,19.9,58.7,20.8,32.4,68.3,15.3,60.5
City184,527266,380.3,39.0,593.9,49.9,55.1,35.8,34.9,63.6,23.4,46.9,230.2,38.6,84.2
City185,196251,852.8,48.9,770.1,49.9,63.5,39.6,31.7,61.4,36.7,30.2,247.6,34.5,77.2
City186,729125,50.0,49.1,526.4,50.7,55.0,43.0,44.7,78.5,48.9,38.1,202.6,40.8,48.0
City187,520493,157.2,19.1,532.3,23.1,23.1,22.0,16.4,51.4,19.2,19.8,73.6,18.9,48.2
City188,242326,316.3,47.4,438.8,44.5,63.3,50.9,55.7,73.4,52.1,49.8,264.3,56.6,85.5
City189,82001,81.3,61.9,458.5,69.3,71.2,72.6,67.6,66.5,56.6,65.8,374.0,63.3,89.5
City190,32183,1953.6,17.3,632.7,15.7,25.0,23.8,13.6,49.7,21.0,11.6,123.2,4.8,36.3
City191,143613,114.1,30.5,609.2,23.1,32.5,16.1,15.8,57.8,10.2,33.6,146.6,18.9,55.9
City192,889983,232.9,31.8,673.1,44.8,37.4,30.9,34.0,67.6,20.9,17.8,235.0,39.7,43.9
City193,362120,476.9,21.4,525.4,44.5,53.9,13.9,14.4,53.9,8.8,37.1,87.6,39.7,78.6
City194,46909,120.4,14.8,594.9,13.8,29.1,19.4,11.1,45.3,15.9,8.2,75.5,16.9,47.1
City195,341961,50.0,69.4,491.1,47.1,48.4,60.2,66.6,75.5,66.8,56.3,352.0,56.3,67.6
City196,460212,146.3,9.4,524.5,27.1,18.9,22.9,11.7,64.2,20.2,33.7,108.2,13.6,38.3
City197,77854,841.6,63.0,306.7,75.9,56.7,79.0,70.4,77.7,57.4,56.4,367.2,54.7,63.7
City198,332772,163.3,16.4,788.6,28.4,35.0,12.4,9.7,50.2,18.0,8.8,60.7,11.0,60.5
City199,291120,88.6,53.9,468.5,61.4,44.4,50.5,56.8,66.5,48.1,43.6,255.4,47.2,52.5
City200,54167,743.1,16.1,619.0,22.6,24.0,12.2,21.3,45.1,14.9,4.3,144.2,6.7,60.9
City201,442812,164.5,25.1,667.0,29.4,65.2,47.1,39.3,55.9,35.0,40.3,186.7,26.4,90.9
City202,588362,132.7,40.6,368.9,62.6,77.5,57.6,41.3,72.2,38.6,40.0,279.4,42.8,87.9
City203,1222332,292.8,34.8,504.2,33.9,45.0,33.6,25.5,61.8,22.1,44.6,138.3,31.0,63.5
City204,1173290,617.0,16.8,520.5,26.0,26.6,20.4,24.8,47.8,38.5,21.9,134.9,38.1,36.8
City205,38997,4264.4,25.2,643.3,34.6,39.8,7.7,18.7,64.1,19.4,13.8,99.0,34.4,73.3
City206,72189,660.3,26.1,756.4,25.4,41.3,31.6,34.7,62.1,18.3,32.0,195.4,17.3,59.5
City207,551859,984.2,75.5,323.1,63.2,56.1,62.1,76.8,71.9,86.4,58.4,304.8,71.9,72.2
City208,550895,133.3,73.5,308.2,69.3,60.8,69.8,68.9,71.4,84.3,71.1,360.8,71.8,80.6
City209,551869,71.4,16.8,571.9,35.5,49.5,21.8,22.2,61.9,11.8,24.8,80.5,30.0,72.8
City210,10000000,263.7,28.2,589.9,46.7,60.7,31.6,27.3,63.8,26.7,37.5,115.3,29.4,73.5
City211,596745,278.3,38.6,585.4,30.9,44.2,37.6,38.3,51.3,40.4,23.8,206.6,30.0,45.7
City212,1315584,67.1,40.6,465.7,34.5,35.3,37.9,47.4,74.5,58.9,56.9,308.3,35.9,67.4
City213,1020295,198.3,54.2,580.4,59.5,68.9,48.7,58.2,74.0,62.0,62.8,277.3,48.7,76.8
City214,667936,395.1,74.7,353.1,69.8,57.1,75.7,77.2,83.8,83.8,79.4,353.1,56.6,77.5
City215,172581,377.1,35.2,473.9,34.5,57.1,34.8,38.3,59.0,26.5,25.2,179.9,32.5,75.8
City216,776503,448.2,59.4,610.0,53.2,65.5,57.6,49.9,79.4,68.1,46.1,306.6,49.8,72.2
City217,90948,346.9,36.3,630.5,36.8,38.4,50.6,50.3,64.9,40.9,46.6,221.3,39.5,77.5
City218,192616,133.2,42.2,523.8,50.8,51.6,34.0,49.7,57.0,35.9,31.5,256.7,26.1,73.8
City219,136010,132.1,18.7,553.5,29.2,20.7,27.6,22.4,59.1,19.8,13.0,90.2,34.9,51.0
City220,300927,58.0,40.0,647.4,54.6,50.0,32.1,40.7,78.8,48.5,26.1,165.2,24.8,50.5
City221,6855227,2083.3,50.8,540.4,39.1,76.8,55.2,45.7,80.8,63.9,64.8,316.8,74.1,99.3
City222,19649,248.7,57.0,621.4,47.6,40.3,50.0,48.1,61.5,60.3,53.9,288.3,51.8,59.1
City223,701351,186.8,65.6,464.9,38.8,71.2,41.6,53.8,76.0,38.2,45.0,246.3,59.3,71.4
City224,28062,80.3,46.8,397.9,55.3,56.5,49.1,53.1,66.6,39.9,43.2,287.7,45.5,73.3
City225,138592,8289.9,32.2,458.0,40.1,71.7,33.9,36.7,55.2,51.4,21.9,126.5,38.6,77.1
City226,1232469,67.5,60.5,397.8,59.5,57.2,55.8,63.7,64.7,52.0,72.0,322.7,62.2,75.8
City227,293605,146.3,33.8,629.8,18.9,42.0,26.7,21.4,59.1,32.8,20.9,197.2,34.4,48.5
City228,59347,403.0,31.3,493.4,42.1,30.8,41.1,34.7,71.3,32.7,43.0,164.5,35.9,62.4
City229,98575,502.8,37.9,624.1,53.7,58.4,33.0,35.2,60.2,50.2,32.2,179.3,26.0,48.3
City230,694839,772.4,40.5,504.5,46.9,50.1,38.5,44.8,60.7,25.9,26.9,209.4,61.6,71.4
City231,96518,2141.2,30.6,574.3,45.6,40.2,34.4,36.4,80.7,43.6,36.7,225.6,32.1,52.2
City232,363321,449.2,23.8,674.3,19.9,57.5,20.8,27.7,50.4,15.6,31.6,170.5,48.9,46.7
City233,286015,68.9,31.1,526.9,52.9,45.3,33.2,30.2,72.4,46.0,59.9,187.9,46.8,70.5
City234,107770,179.8,46.0,464.4,40.7,39.3,51.6,36.9,59.7,60.0,35.5,220.7,51.7,58.0
City235,5397906,354.0,29.5,665.1,26.0,32.5,17.6,15.7,62.4,33.0,32.2,81.1,52.7,63.3
City236,651795,2927.4,44.2,547.7,33.4,36.6,32.6,38.1,61.0,43.2,39.8,158.9,50.5,72.1
City237,15753,50.0,63.2,461.8,50.1,48.9,57.7,67.4,75.4,66.2,65.5,336.5,65.5,58.9
City238,348375,1036.0,64.4,481.6,57.1,39.8,38.6,33.7,57.2,40.1,57.2,235.2,29.8,77.3
City239,106244,303.7,31.1,662.3,42.5,46.5,27.6,22.6,66.4,28.3,34.1,108.3,43.0,59.4
City240,885056,668.7,21.5,715.7,36.0,52.5,18.1,23.5,52.1,18.3,32.2,129.0,41.0,46.4
City241,88474,216.5,35.6,488.1,33.1,49.6,46.3,46.2,74.0,44.6,63.7,246.1,41.8,58.1
City242,228517,89.0,84.1,140.3,94.2,55.7,83.9,82.3,85.6,70.5,88.6,354.8,61.0,94.7
City243,544151,602.5,21.4,601.8,33.6,25.8,28.8,28.0,68.6,42.4,39.6,97.4,38.8,74.7
City244,901718,536.6,30.6,690.9,39.4,25.7,42.1,32.2,65.1,33.8,23.8,137.6,23.3,81.0
City245,49990,785.6,50.0,541.2,32.0,54.5,38.4,34.0,64.0,33.5,31.8,242.9,33.3,57.7
City246,167996,240.8,43.0,689.8,26.8,39.9,27.8,29.9,57.3,37.8,29.7,194.4,34.8,47.7
City247,138009,119.1,33.1,591.1,35.2,41.0,29.2,35.6,65.7,40.6,42.0,186.6,26.1,55.5
City248,107509,50.0,18.2,563.3,47.3,57.4,22.0,27.3,60.4,19.3,18.9,96.4,26.3,50.8
City249,3177597,654.1,30.9,676.2,27.9,45.4,36.9,34.8,66.7,17.2,16.1,164.9,35.4,75.6
City250,473058,406.9,58.9,309.7,58.1,56.9,69.1,58.1,72.3,58.4,59.6,317.0,54.3,68.5
City251,45924,76.8,30.8,661.9,45.5,32.6,45.5,36.8,61.1,59.1,30.8,246.9,37.4,72.8
City252,969956,128.2,11.8,574.1,33.8,28.1,13.7,19.2,51.2,21.0,16.7,87.4,17.5,69.8
City253,5235739,139.8,43.1,358.0,34.6,57.6,45.7,38.1,65.9,38.0,46.9,264.7,43.6,79.2
City254,1138760,50.0,85.4,360.6,86.3,67.4,80.2,81.8,81.3,74.2,85.0,367.4,71.8,79.2
City255,31980,91.7,77.6,475.6,49.3,76.0,76.9,66.6,77.9,56.8,76.9,335.3,62.2,88.9
City256,136226,62.8,24.7,691.4,35.7,48.9,28.3,33.5,55.0,39.6,38.9,172.4,30.1,67.6
City257,1581169,149.2,39.3,542.9,17.0,34.4,20.0,12.4,58.6,12.0,31.3,58.9,21.5,44.2
City258,99634,100.8,50.1,333.2,52.9,57.0,53.4,57.0,64.4,70.9,68.2,381.0,71.5,61.2
City259,499492,50.0,50.5,347.5,62.7,44.6,53.6,52.2,63.8,69.5,64.0,236.8,58.1,65.3
City260,793721,2771.4,12.6,726.3,6.9,27.2,8.1,16.3,40.0,31.5,10.5,39.3,22.5,35.5
City261,73298,1100.0,55.9,424.6,69.1,46.1,55.8,56.0,70.9,55.7,63.3,294.7,60.2,65.4
City262,246881,96.1,23.4,654.7,38.3,32.1,19.4,23.0,65.6,26.4,18.0,111.4,23.3,73.6
City263,10000,339.3,36.2,661.0,31.5,63.3,28.5,13.1,57.5,8.9,20.6,137.7,14.6,78.9
City264,63950,403.8,22.4,731.9,44.1,49.7,38.7,21.6,56.5,26.4,39.7,220.5,25.4,57.8
City265,188415,1021.8,49.0,644.2,47.1,73.1,48.3,39.7,75.9,50.4,56.5,204.3,52.7,74.1
City266,46774,91.6,34.7,564.7,28.2,34.3,19.8,27.6,57.9,27.3,45.6,132.6,18.4,54.9
City267,2637589,907.3,71.3,323.3,64.0,75.6,72.7,81.4,82.2,67.2,63.6,375.1,80.1,74.3
City268,36235,126.8,47.1,416.1,48.9,44.0,53.3,53.3,69.3,50.5,42.7,311.8,48.5,69.3
City269,144920,50.0,38.7,584.0,39.6,57.0,20.9,23.2,65.1,14.3,11.3,90.0,29.7,53.7
City270,322235,583.5,67.0,373.1,48.4,78.8,50.6,53.1,78.6,66.6,45.0,342.2,52.1,75.8
City271,2018333,1151.6,42.3,589.6,53.4,63.8,61.0,56.7,69.6,44.3,60.1,234.3,55.9,60.6
City272,35946,5461.6,50.8,563.1,30.9,32.9,36.9,48.0,53.8,42.0,36.2,229.5,50.9,58.5
City273,1367410,58.0,44.8,595.3,42.0,62.7,36.4,46.7,63.5,25.5,39.5,255.7,50.9,51.3
City274,272209,566.1,55.7,296.2,57.9,63.3,62.7,56.2,73.0,65.9,55.4,311.3,53.8,59.8
City275,67906,149.6,37.8,565.3,35.0,29.5,40.6,40.5,56.7,32.7,31.8,192.1,31.6,61.1
City276,512443,626.4,75.8,342.9,64.9,62.7,77.9,84.9,81.0,71.4,86.8,396.8,72.2,85.1
City277,354577,50.0,42.8,469.4,32.2,41.8,29.0,44.6,52.9,25.9,53.1,191.5,19.5,53.9
City278,115808,53.8,34.9,448.1,37.6,69.5,34.3,40.1,66.3,32.4,23.9,174.1,34.4,80.0
City279,295884,96.4,47.3,507.6,36.2,51.9,36.3,38.2,60.2,44.4,46.5,242.0,47.4,63.0
City280,156460,269.0,28.9,747.2,30.0,32.2,30.8,25.6,53.8,21.8,35.9,161.6,37.5,75.4
City281,314558,113.4,15.3,726.6,36.1,25.5,25.4,15.8,69.6,36.9,30.6,73.0,34.8,50.5
City282,678054,539.6,12.1,736.1,21.5,18.0,8.1,4.8,43.7,9.2,31.8,158.7,9.2,59.5
City283,2471716,839.1,52.8,379.8,63.6,59.5,46.0,52.9,63.7,43.9,49.1,302.5,52.0,60.2
City284,47432,502.4,58.7,386.9,62.4,68.0,52.4,61.0,68.0,49.4,58.4,278.9,57.0,97.6
City285,5316079,1707.1,62.1,592.0,60.3,78.2,63.9,62.1,77.2,53.7,58.3,326.8,56.4,95.5
City286,17449,403.0,58.9,571.4,57.7,48.3,77.6,62.3,76.5,60.8,61.6,326.1,60.1,75.6
City287,216967,56.8,12.7,548.5,31.1,51.1,28.1,20.6,54.1,21.3,24.1,119.8,31.7,56.2
City288,611484,1256.5,48.1,547.2,22.7,23.9,33.6,30.6,54.9,22.0,50.0,142.5,31.9,42.7
City289,397674,118.4,35.9,520.1,45.9,35.8,32.0,46.2,60.5,30.3,30.6,229.1,25.5,46.7
City290,112220,729.6,41.4,487.8,40.9,40.5,31.4,40.5,56.8,40.7,24.6,154.8,47.0,70.8
City291,200511,1617.2,51.9,466.8,43.0,62.9,55.3,41.9,70.3,51.1,54.5,247.4,41.1,64.8
City292,134564,423.3,64.1,367.8,53.5,65.8,65.1,56.5,69.4,57.4,42.2,302.4,62.8,68.6
City293,117581,50.0,21.8,814.1,21.6,53.5,29.6,22.2,64.7,18.8,22.7,84.0,22.4,73.4
City294,881555,81.3,12.4,862.0,39.5,49.5,5.1,17.1,53.2,9.7,6.5,40.0,34.1,42.9
City295,442334,1196.7,58.5,279.5,54.4,45.0,69.5,55.8,70.6,51.9,60.9,293.6,48.7,74.7
City296,101714,199.7,54.2,382.7,60.9,40.1,56.9,56.8,65.7,45.4,57.9,269.3,40.2,70.0
City297,945472,269.2,23.5,745.2,22.6,40.1,15.1,17.2,46.0,20.0,21.2,144.7,34.7,51.9
City298,412593,608.3,40.1,611.1,23.1,29.2,36.9,21.5,57.4,27.0,30.0,154.4,32.4,47.0
City299,837357,564.3,32.0,696.2,41.1,19.9,17.5,11.2,55.0,18.7,7.5,52.2,18.2,61.9
City300,647892,341.9,46.4,452.9,49.4,61.8,48.6,56.2,74.9,53.4,62.9,286.8,33.2,86.6
City301,84070,190.5,44.9,426.4,38.9,66.9,39.2,46.5,69.6,38.7,34.9,237.8,69.8,71.8
City302,122485,168.1,69.9,425.3,62.1,70.8,60.4,72.6,65.1,69.7,56.4,338.7,64.7,63.9
City303,763914,685.0,67.8,433.9,72.1,72.8,68.6,76.6,82.2,64.0,52.6,357.7,71.6,68.0
City304,630657,475.5,32.2,412.6,36.0,46.4,33.8,47.5,62.4,36.6,40.4,145.0,46.6,49.5
City305,260598,179.7,19.4,565.0,25.9,17.8,22.6,21.3,66.6,27.4,14.9,168.1,28.4,43.7
City306,316240,896.5,17.5,618.4,18.3,29.7,18.9,19.8,58.8,7.9,30.5,33.5,40.6,62.5
City307,1605154,209.6,16.8,641.9,27.2,37.3,13.5,13.0,50.0,10.5,16.4,103.8,12.3,43.9
City308,117219,88.1,29.8,715.9,34.3,27.1,20.4,24.4,57.6,27.5,35.5,162.4,51.9,81.9
City309,577195,98.4,49.1,675.5,32.6,57.2,28.7,30.4,66.2,38.0,41.2,175.6,43.5,77.9
City310,202183,75.6,38.0,641.2,45.5,54.5,27.3,33.8,63.0,29.6,41.4,222.5,27.3,55.4
City311,197846,176.5,72.2,653.5,50.9,64.6,57.1,65.8,75.2,57.3,74.3,289.4,65.6,78.3
City312,1249541,1075.4,54.9,343.2,54.8,35.6,40.6,59.4,62.9,54.1,44.2,260.0,40.4,77.6
City313,852205,93.1,66.9,443.2,62.6,57.6,73.0,71.4,81.3,62.4,59.8,375.0,56.4,74.0
City314,838117,306.8,31.9,510.4,33.7,64.7,34.7,38.7,60.7,23.0,36.2,143.4,33.1,66.1
City315,1668891,111.3,54.3,489.8,49.8,55.1,54.5,56.1,62.3,49.0,50.5,212.1,35.9,69.7
City316,276345,179.0,73.5,504.5,62.8,59.4,78.4,72.2,75.5,65.6,63.5,383.6,70.8,86.2
City317,697134,50.0,79.2,269.9,54.9,77.2,68.1,77.1,80.7,79.6,59.9,304.2,66.1,86.4
City318,173794,187.8,6.2,935.1,17.2,41.4,6.9,12.7,59.1,23.9,14.2,160.0,0.0,60.2
City319,422452,193.9,20.3,627.0,37.5,40.5,20.2,27.7,52.3,19.6,28.9,120.8,24.7,50.6
City320,223641,467.9,15.6,521.5,11.5,36.0,15.6,13.0,55.3,9.1,9.9,127.3,27.4,45.3
City321,307365,319.9,57.3,454.3,45.3,50.8,49.2,45.7,74.2,49.8,28.0,282.9,49.7,54.6
City322,617367,58.1,49.2,560.1,51.1,63.8,61.2,61.2,62.2,49.9,56.5,305.9,64.9,73.3
City323,85347,898.8,43.2,862.1,29.4,47.1,27.3,34.2,67.0,23.2,44.2,147.3,15.9,78.8
City324,5022016,314.9,53.8,298.6,68.0,73.5,48.3,63.9,60.4,59.2,44.3,301.2,60.8,94.7
City325,65616,310.5,37.2,713.7,31.7,41.3,43.0,45.1,67.5,35.7,27.5,170.2,32.9,44.6
City326,49027,242.0,33.9,662.1,34.7,36.9,26.7,18.4,58.5,16.9,33.2,111.1,42.1,81.2
City327,1357771,131.5,48.5,560.7,39.1,38.5,48.2,41.6,65.6,48.9,39.4,281.6,31.9,80.7
City328,812871,317.8,26.2,863.4,14.4,26.1,7.0,12.0,64.5,33.0,18.3,64.2,42.0,39.2
City329,642914,433.0,69.8,419.2,60.9,77.5,62.7,57.8,73.3,45.5,43.0,286.1,51.7,72.0
City330,646729,50.0,77.5,315.6,73.9,48.6,77.5,63.2,73.0,59.5,56.7,343.0,74.2,88.4
City331,263775,128.2,75.2,274.6,56.6,45.3,66.5,66.2,63.9,65.9,62.5,323.1,53.5,77.8
City332,76408,180.2,48.9,559.8,61.9,44.8,54.4,50.5,70.3,51.8,44.0,324.9,52.5,89.3
City333,298380,332.8,52.5,371.9,60.4,60.9,60.8,49.9,69.9,67.1,60.0,331.9,45.7,83.4
City334,103982,1024.5,37.4,610.3,41.5,58.1,31.7,26.2,60.5,36.9,25.0,178.4,34.1,69.1
City335,1050910,96.9,47.2,539.4,51.9,47.7,49.0,58.5,72.0,47.9,61.6,267.5,48.2,50.9
City336,218407,134.6,33.6,735.1,39.4,50.9,36.2,29.3,60.5,24.7,48.6,210.1,22.9,49.3
City337,84482,132.3,31.1,824.0,41.6,49.1,38.0,34.5,62.0,24.7,24.4,172.8,24.8,50.1
City338,171109,93.5,50.7,330.4,47.8,61.8,46.1,52.5,78.7,58.8,47.5,292.4,45.6,59.6
City339,478352,161.3,25.8,551.7,52.2,42.2,50.5,34.3,67.7,32.2,64.3,186.6,47.8,61.4
City340,121879,617.1,55.2,543.0,33.4,47.4,31.3,41.3,74.8,42.4,38.4,185.8,36.7,55.6
City341,84871,69.1,31.4,563.6,39.3,44.1,41.1,28.0,58.0,32.5,19.8,192.9,54.1,61.1
City342,377438,408.9,70.0,349.3,79.4,63.1,66.1,60.3,78.0,52.2,63.3,388.3,70.2,61.3
City343,378114,50.0,39.5,429.8,47.1,46.5,52.1,54.7,77.0,47.4,43.4,203.7,38.7,93.3
City344,131963,124.8,50.8,386.7,68.8,48.4,57.8,70.3,78.4,55.6,43.0,267.5,56.9,96.3
City345,138766,164.8,14.3,742.1,36.9,40.4,16.3,21.1,59.9,32.7,17.3,62.6,16.5,61.6
City346,371338,1825.9,30.4,585.8,41.2,41.8,28.5,24.2,68.3,43.3,50.8,136.5,49.2,85.8
City347,35336,176.0,58.7,394.9,48.1,59.1,46.7,48.8,66.3,52.3,51.6,300.6,47.0,98.1
City348,37404,50.0,55.3,438.5,69.8,64.7,55.2,51.4,77.4,58.8,71.6,296.1,56.8,81.8
City349,98142,50.0,37.2,586.2,43.1,49.9,34.7,36.4,67.6,33.9,30.9,172.1,21.8,59.2
City350,199022,254.9,73.3,377.9,69.6,49.5,63.8,75.6,79.9,79.1,73.6,357.1,81.2,97.5
City351,414683,511.1,29.2,853.0,31.7,35.8,14.0,19.7,52.3,23.3,36.1,132.3,33.7,34.0
City352,2116974,384.0,37.5,485.2,53.7,48.9,40.4,42.2,56.9,50.5,41.8,234.9,38.8,51.8
City353,891555,299.2,65.6,360.1,58.2,68.6,57.3,57.0,76.7,55.3,65.0,310.2,79.2,72.0
City354,214504,987.0,82.4,495.1,56.6,73.4,67.5,70.4,87.3,65.9,82.9,428.5,53.4,73.2
City355,261287,128.1,35.9,690.2,33.7,34.5,37.9,35.9,64.3,37.9,61.1,244.5,38.0,63.0
City356,65937,716.2,17.4,865.6,27.1,51.1,15.6,11.5,45.0,18.7,19.4,110.4,19.7,56.1
City357,261471,50.0,26.8,724.3,54.0,57.7,32.0,29.1,64.1,48.3,30.8,194.3,39.9,70.4
City358,179131,82.6,24.9,533.3,24.9,32.2,17.2,17.4,50.9,21.4,13.8,172.5,18.5,81.1
City359,421597,50.0,38.2,537.5,39.3,48.4,43.6,46.5,75.2,25.6,46.7,209.0,38.6,55.0
City360,84278,175.9,39.0,403.5,39.2,58.3,49.8,42.3,58.1,40.9,40.0,194.5,37.6,79.9
City361,555200,231.5,38.7,570.8,40.2,38.9,30.1,34.7,65.5,38.1,32.8,162.2,35.3,70.2
City362,2294061,280.6,61.9,399.4,44.4,38.3,45.3,59.1,70.6,59.7,46.7,351.6,63.5,70.4
City363,230437,263.6,69.7,469.5,55.7,42.4,46.8,62.0,73.6,52.8,64.3,324.8,41.6,63.8
City364,470897,80.4,52.7,382.7,52.2,43.2,46.4,57.5,73.9,53.8,45.4,266.0,40.3,82.1
City365,705175,194.7,56.7,406.5,55.6,74.9,42.3,49.0,70.6,46.4,36.2,211.9,35.0,48.0
City366,153015,50.0,33.4,692.4,29.1,61.1,38.9,31.7,59.6,52.4,45.5,183.8,38.6,80.2
City367,367224,1256.2,43.6,458.8,50.7,32.8,32.5,32.4,59.2,37.6,40.1,224.0,51.5,57.3
City368,273109,170.0,46.7,469.3,44.6,32.1,34.0,27.7,56.6,35.3,29.3,199.2,42.8,67.1
City369,307658,136.1,37.8,479.3,48.4,50.9,38.5,33.4,66.7,30.5,36.9,190.1,33.2,63.8
City370,90924,1647.0,22.0,783.3,29.0,35.3,23.2,32.8,63.5,20.5,41.0,189.2,30.9,69.0
City371,277704,55.1,42.0,465.8,46.2,63.4,44.1,47.7,64.5,52.6,40.7,264.2,51.0,77.3
City372,538852,63.4,52.9,395.4,51.1,43.9,41.9,52.1,66.6,35.0,56.7,241.0,41.6,57.6
City373,2046417,65.7,23.4,642.6,42.6,31.0,36.6,33.2,52.2,51.0,33.7,154.9,25.2,71.6
City374,1027849,225.6,37.2,746.7,34.3,24.2,15.1,23.0,49.9,34.8,30.0,177.8,24.4,68.8
City375,5468174,410.7,30.9,796.2,21.8,34.3,14.2,14.1,49.3,36.1,17.4,88.6,7.8,69.1
City376,91648,594.4,30.8,541.1,28.0,54.8,33.8,43.1,53.9,33.3,30.6,222.0,46.3,65.1
City377,910044,5358.3,42.4,568.9,34.3,44.1,30.7,25.4,72.0,24.3,39.3,216.2,28.8,52.2
City378,346860,50.0,59.3,458.9,62.9,56.0,63.9,62.5,74.0,57.6,72.6,338.4,55.2,90.1
City379,5755831,508.0,26.8,646.0,30.3,31.2,31.5,22.6,55.0,29.7,32.1,146.8,19.0,66.7
City380,86541,125.4,32.3,425.6,37.6,43.3,22.1,39.9,51.4,24.7,32.6,115.8,39.5,57.4
City381,82817,121.1,18.2,877.1,25.4,17.5,18.0,13.0,59.4,3.0,23.5,146.4,34.3,52.0
City382,115942,116.3,44.0,537.2,53.3,66.4,47.9,49.9,72.4,35.8,44.4,270.1,57.2,64.1
City383,13719,82.2,26.0,497.6,35.3,48.6,33.4,36.1,57.7,47.6,31.1,224.6,28.4,45.6
City384,128533,1847.2,47.4,629.7,46.9,58.6,54.7,49.2,66.8,50.2,35.8,183.8,72.0,55.5
City385,92708,672.3,28.6,628.5,32.4,46.3,40.4,37.7,73.4,29.4,27.3,181.8,42.7,54.0
City386,331224,251.6,57.2,462.6,44.1,48.5,53.1,59.7,78.2,45.2,66.5,321.5,34.2,85.2
City387,432985,1238.0,55.6,505.4,52.5,69.1,65.0,63.3,84.3,65.8,60.0,353.1,70.5,57.2
City388,3710358,50.0,36.1,662.8,55.4,27.8,28.0,26.2,47.8,25.8,20.1,187.4,44.4,56.4
City389,1015197,50.0,37.2,552.6,35.5,44.9,42.9,46.0,60.0,52.2,39.8,258.1,46.5,56.5
City390,119651,50.0,28.9,600.4,35.4,47.9,34.1,23.9,62.4,20.2,35.1,149.9,35.2,54.1
City391,76284,105.7,60.1,450.1,53.3,50.6,61.5,80.1,86.9,57.2,66.6,380.9,70.8,78.0
City392,534286,297.1,52.1,564.4,51.3,73.8,47.6,41.8,74.9,52.3,37.1,275.8,43.4,84.0
City393,42263,276.8,42.2,538.7,21.1,36.9,22.6,24.0,64.2,25.1,21.1,146.9,32.2,45.9
City394,3485221,292.7,31.8,706.9,41.0,69.6,39.6,36.7,55.8,37.7,50.3,230.1,36.5,70.1
City395,1398927,50.0,31.2,478.3,45.0,48.4,39.9,41.1,64.7,24.3,42.0,216.3,36.0,46.0
City396,139128,641.5,66.6,370.8,58.3,66.8,70.3,70.4,74.2,66.3,73.7,366.6,65.3,74.8
City397,24382,326.2,17.4,606.5,24.0,39.0,19.7,32.1,46.3,17.5,21.7,121.4,30.3,48.9
City398,1785879,589.7,43.9,416.3,49.7,60.5,37.3,50.5,71.3,41.1,34.7,204.2,35.3,61.4
City399,228580,50.0,48.6,427.5,48.4,35.4,53.6,46.8,75.7,65.9,35.8,283.6,80.6,65.9
City400,1518058,355.6,55.3,329.7,60.9,51.3,57.9,56.9,76.3,56.7,65.8,285.8,62.1,90.9
City401,28790,58.8,22.3,555.4,14.8,36.7,14.6,9.4,64.3,12.4,25.7,103.3,10.1,55.9
City402,115945,151.9,50.0,609.2,55.4,59.7,63.0,53.1,71.4,54.4,41.3,294.3,46.5,58.1
City403,270314,464.6,47.7,594.6,43.4,62.3,36.1,53.6,64.6,48.9,37.3,178.8,29.2,58.7
City404,286579,273.0,11.2,558.0,18.9,36.4,31.9,23.6,47.7,17.1,13.0,121.3,32.1,39.2
City405,142901,88.1,19.0,652.7,20.2,46.0,33.2,24.4,54.2,33.5,24.0,196.0,29.0,39.5
City406,641772,246.5,55.1,500.3,53.0,58.1,42.2,37.6,69.6,36.2,57.1,204.7,56.6,76.9
City407,60194,50.0,47.4,471.5,59.0,49.0,50.5,60.6,74.5,53.8,32.0,246.8,41.5,76.8
City408,219842,972.9,45.7,521.5,47.9,46.7,36.2,40.5,62.9,27.3,50.6,205.8,36.2,66.0
City409,317557,191.3,61.4,497.8,49.7,42.4,47.1,61.3,71.5,43.2,68.1,289.6,57.9,84.8
City410,551399,936.6,37.1,322.5,57.4,67.6,54.7,58.7,77.6,48.2,48.7,243.4,51.5,91.9
City411,726694,130.1,57.7,515.9,57.2,54.4,60.3,63.0,85.5,55.1,66.0,385.5,68.5,74.2
City412,55575,130.5,33.0,547.3,31.3,62.7,42.2,33.6,72.4,27.9,47.7,189.8,38.7,45.6
City413,31327,97.8,70.1,305.9,54.0,68.8,68.0,62.4,79.4,61.7,58.4,410.9,61.1,78.2
City414,1605181,700.2,21.5,720.1,33.9,41.4,29.4,17.1,69.4,37.1,45.8,139.5,38.9,74.6
City415,427299,104.4,29.5,747.4,34.2,31.9,25.8,24.5,67.2,39.9,34.2,165.2,43.7,66.7
City416,94100,530.3,33.1,526.0,33.8,26.2,42.2,27.5,66.4,37.6,34.4,207.8,25.4,81.6
City417,2353967,154.6,64.8,481.1,51.8,82.5,58.4,60.7,81.3,56.9,76.6,301.1,50.0,73.1
City418,315509,50.0,35.6,508.0,37.5,21.1,25.8,15.2,53.7,20.9,26.0,172.2,12.9,64.9
City419,1398647,123.4,45.1,738.8,32.5,46.0,29.9,39.0,58.0,27.4,33.1,249.5,54.4,56.0
City420,294939,59.4,17.2,719.1,21.5,40.8,5.7,12.4,55.7,5.3,14.3,8.1,14.0,64.6
City421,4804421,254.9,40.1,779.3,38.4,47.2,29.0,39.1,68.5,33.5,44.0,164.6,36.9,69.8
City422,3132923,58.6,43.1,545.5,31.1,25.5,22.9,30.2,58.2,27.9,32.4,130.4,33.6,70.5
City423,189368,743.4,19.3,617.0,23.0,29.6,12.6,11.2,56.6,13.2,29.3,92.4,19.9,67.2
City424,1045702,219.4,64.3,412.4,46.8,44.1,55.9,45.2,69.6,41.4,59.3,305.7,36.7,83.4
City425,662334,197.7,63.2,460.8,49.7,49.9,50.4,48.5,63.4,44.3,67.5,222.0,47.7,56.0
City426,1823164,537.6,43.2,432.8,59.2,44.2,36.9,50.1,66.8,39.1,54.3,231.8,33.3,83.0
City427,69501,778.0,13.6,844.5,14.0,23.2,12.6,12.4,63.3,19.4,17.6,88.3,12.5,43.0
City428,701146,238.9,44.8,490.5,39.0,81.1,42.3,50.8,57.0,39.5,44.4,299.5,57.7,65.4
City429,1180908,97.0,48.2,445.5,50.6,50.1,48.7,40.2,68.0,40.2,63.4,241.2,45.0,74.3
City430,22874,50.0,34.6,721.7,35.8,41.0,39.8,47.0,52.3,39.6,31.8,189.0,46.5,71.1
City431,51197,107.4,58.3,278.4,50.6,57.1,69.3,59.4,74.1,51.2,57.8,298.9,43.6,87.6
City432,15445,116.7,30.8,677.7,45.3,28.9,39.2,25.0,50.8,22.5,25.9,210.9,46.8,48.4
City433,184025,278.2,52.8,426.6,51.4,55.1,39.8,29.3,71.4,24.8,27.7,172.2,23.0,57.4
City434,732749,161.7,49.0,448.6,47.1,42.8,52.3,48.3,64.7,39.6,61.1,270.9,66.0,71.9
City435,2198530,558.6,43.6,645.6,46.9,51.0,47.1,43.8,79.4,57.1,34.4,243.2,60.6,62.2
City436,297667,117.3,44.0,535.7,50.1,52.8,47.2,37.5,71.3,52.3,49.1,237.1,43.6,67.7
City437,2623609,228.5,54.9,374.1,51.9,71.9,51.6,63.0,81.7,62.8,70.6,355.5,55.4,56.3
City438,38865,1013.1,28.4,788.0,9.2,44.3,11.3,12.5,41.3,2.6,14.5,116.0,43.4,39.5
City439,24717,368.8,77.5,262.8,68.8,77.3,86.0,83.6,89.1,69.6,82.2,362.9,69.8,79.0
City440,248260,227.7,67.8,361.9,67.9,73.3,65.2,78.2,74.6,58.8,77.7,330.2,79.0,72.5
City441,459406,118.8,51.3,357.2,52.3,47.4,53.6,54.8,72.8,49.6,57.8,324.4,50.5,54.8
City442,256331,114.4,43.0,429.9,57.4,39.0,45.7,46.5,75.1,37.0,52.6,291.2,64.3,76.3
City443,14847,88.2,32.5,535.4,32.2,44.1,46.3,41.1,72.7,52.7,57.0,186.0,38.3,74.8
City444,236861,127.8,25.2,724.0,37.0,55.8,29.3,35.3,57.2,21.1,42.0,163.3,42.6,54.4
City445,43206,606.0,66.7,476.1,46.2,70.2,68.0,55.3,64.7,50.2,75.9,287.8,50.9,95.1
City446,685251,187.5,31.7,703.9,29.2,31.0,41.0,34.2,69.7,22.4,29.1,157.3,39.6,60.3
City447,448308,50.0,36.2,705.0,31.4,27.6,24.2,15.5,48.3,31.9,18.5,74.6,24.7,53.6
City448,71981,2042.2,94.7,339.7,70.3,66.0,79.1,71.2,76.2,60.2,79.6,406.8,77.0,84.9
City449,130690,359.2,9.1,866.5,19.7,39.1,20.7,24.3,50.2,10.5,22.3,179.8,21.7,48.7
City450,60906,50.0,26.5,611.3,34.5,40.5,24.8,33.7,47.1,25.5,35.1,221.3,18.7,63.8
City451,245794,144.0,36.2,479.9,35.6,55.1,46.6,44.1,57.6,38.6,58.7,218.9,28.6,73.4
City452,1021925,279.5,28.4,627.9,26.5,33.6,37.1,29.6,70.8,29.6,44.2,202.9,47.6,52.2
City453,67506,1892.2,50.2,468.6,58.7,66.9,59.8,55.9,81.8,50.9,47.6,312.6,74.5,73.4
City454,543434,64.7,37.4,590.1,25.5,49.4,27.2,43.1,70.4,42.7,33.8,134.1,23.8,67.5
City455,127725,789.4,33.2,553.7,38.4,40.5,20.7,30.1,51.6,25.6,26.9,101.3,15.9,64.4
City456,88431,1312.1,9.6,779.8,19.0,35.3,17.6,25.9,46.4,13.1,39.0,57.0,20.9,49.0
City457,230996,115.1,52.4,527.7,57.6,64.1,48.3,51.2,67.1,45.0,52.5,289.0,43.4,77.3
City458,62985,175.4,70.0,453.9,71.4,66.3,73.1,73.0,82.5,72.6,50.8,314.3,63.3,95.0
City459,123610,70.6,54.3,382.7,55.2,62.5,50.0,58.0,77.9,39.6,64.4,261.7,62.2,72.2
City460,50159,191.7,56.3,451.8,53.4,66.6,63.7,55.1,80.9,67.5,71.5,295.8,73.0,66.3
City461,4200084,234.2,13.2,792.6,20.4,34.8,11.1,12.5,40.3,13.2,12.5,63.4,41.4,61.3
City462,281917,540.0,37.9,481.7,49.6,54.2,53.1,49.8,59.8,53.5,42.2,281.0,46.1,68.7
City463,100748,905.3,39.0,539.9,51.3,31.7,39.4,31.9,59.2,36.7,44.1,157.2,46.3,71.5
City464,362062,99.7,75.5,451.2,54.5,57.2,67.5,62.7,77.9,50.8,58.6,329.8,66.2,98.1
City465,229289,50.0,92.3,100.0,85.5,79.3,84.9,87.2,83.1,74.3,88.4,426.3,73.1,109.3
City466,196937,238.5,11.3,675.2,40.4,27.8,22.0,24.6,54.4,13.7,37.3,139.9,28.5,47.3
City467,634018,348.0,52.7,449.8,37.5,61.6,52.0,56.0,69.9,53.9,37.7,228.0,42.7,76.2
City468,774916,330.1,66.6,420.6,65.7,75.0,60.2,82.8,68.1,67.4,63.3,319.3,52.4,76.2
City469,127682,165.3,1.0,666.4,34.0,41.8,10.5,2.5,49.3,14.2,11.4,128.1,18.1,59.9
City470,119833,284.2,17.6,657.2,32.3,46.2,34.0,38.3,47.1,26.7,26.3,94.5,19.7,61.0
City471,182577,1508.0,74.1,318.8,64.5,70.8,68.3,61.2,74.0,74.2,77.6,328.9,61.4,82.9
City472,10692,386.9,70.6,373.5,74.9,75.5,70.1,87.8,76.0,64.3,82.2,360.4,65.5,68.9
City473,32168,156.3,13.2,637.1,44.3,34.5,7.2,14.2,44.8,25.2,10.3,92.7,19.1,48.1
City474,1818684,134.3,59.7,431.5,53.7,55.9,56.0,65.4,73.7,48.4,51.4,265.0,48.2,78.3
City475,2684365,199.6,43.7,606.5,25.4,32.6,38.2,35.0,59.7,47.1,33.1,213.3,50.6,45.9
City476,189349,1744.3,36.2,485.4,28.3,28.6,21.7,26.1,57.7,45.0,22.9,152.1,42.2,40.5
City477,601498,196.4,50.4,563.1,53.7,76.9,54.1,61.5,66.1,44.5,53.4,301.5,41.6,83.7
City478,414882,238.9,15.8,723.1,31.0,28.3,16.5,10.5,62.7,16.3,22.1,90.6,16.5,57.1
City479,10000000,137.2,20.8,656.4,19.8,31.0,21.8,21.4,59.3,31.9,22.7,79.4,20.2,75.0
City480,1286460,914.9,52.1,383.1,54.8,61.1,48.8,48.1,62.0,44.4,32.7,162.9,40.2,69.1
City481,224339,2570.4,52.6,590.7,40.8,51.8,46.4,43.5,65.7,47.6,44.2,219.6,33.8,60.9
City482,70420,420.2,65.9,406.7,64.2,58.7,65.6,60.9,75.6,57.5,85.6,350.0,70.4,73.9
City483,28310,270.2,26.0,558.4,36.1,31.1,31.2,25.5,61.6,40.3,27.2,226.4,16.3,81.8
City484,356770,255.7,37.2,689.4,42.3,42.3,20.9,31.0,66.1,27.4,34.2,121.1,21.7,69.9
City485,93070,50.0,32.6,551.1,34.8,41.3,30.9,37.7,70.5,29.0,23.7,166.1,46.0,73.9
City486,36638,598.4,32.8,537.7,27.1,42.2,32.9,36.2,63.7,37.7,22.5,171.2,41.2,75.7
City487,108531,287.4,58.9,427.7,53.3,74.3,50.4,47.4,70.2,68.9,70.4,355.3,66.5,97.7
City488,59031,409.1,60.0,594.4,50.5,38.3,51.3,55.1,73.5,50.4,30.6,237.1,40.9,49.2
City489,2847631,104.2,26.5,650.7,24.1,49.7,26.3,16.8,46.1,21.1,32.9,81.3,25.1,54.6
City490,921995,154.3,47.8,441.0,40.6,56.7,39.4,47.1,65.3,46.9,40.4,267.7,60.9,75.8
City491,265358,149.4,12.0,736.4,26.7,47.2,27.7,11.2,53.4,31.8,35.0,108.1,12.7,56.1
City492,2130616,833.8,44.9,291.4,43.6,41.7,52.9,57.7,63.0,50.3,36.7,243.5,57.6,75.0
City493,299034,155.3,8.2,736.2,25.9,33.8,19.5,26.1,67.5,22.7,17.9,89.7,25.1,66.6
City494,80354,2978.6,55.6,307.2,52.0,76.3,64.0,70.2,68.3,69.5,77.9,352.7,61.9,66.7
City495,2263388,410.4,19.5,555.7,24.1,59.5,29.4,15.6,59.6,33.5,9.8,148.8,18.6,48.4
City496,570617,52.9,54.5,412.7,41.8,59.5,60.7,61.1,64.8,70.1,52.8,325.0,50.3,70.6
City497,62809,209.7,56.0,529.4,56.8,63.7,59.6,50.9,78.5,46.5,69.3,326.9,58.7,86.6
City498,205566,111.9,23.9,694.1,33.2,34.2,23.8,19.9,53.7,20.5,38.3,122.7,24.1,66.6
City499,78757,50.0,48.0,410.0,62.3,62.4,64.7,59.3,73.4,40.9,45.6,221.8,45.2,74.8
City500,38718,1668.0,48.5,454.6,50.6,72.1,51.7,53.4,82.9,41.9,63.0,323.7,44.9,66.7
City501,981314,568.9,35.1,485.5,34.1,38.1,31.4,33.1,61.9,35.3,36.6,127.1,50.1,39.6
City502,3887136,464.0,53.3,453.6,56.0,64.5,63.9,62.1,79.2,59.0,63.4,288.8,59.0,70.3
City503,37873,298.4,47.9,611.6,39.1,57.5,29.9,37.7,73.4,31.1,41.5,226.3,44.7,41.5
City504,590164,50.0,8.2,643.6,14.9,48.8,16.4,26.6,45.2,25.1,15.0,110.4,32.3,56.7
City505,107915,137.0,32.2,701.6,33.2,32.3,37.7,25.3,55.4,23.2,28.8,174.5,25.9,60.3
City506,135675,671.9,39.5,644.2,36.4,32.8,38.4,44.7,76.0,31.0,48.9,206.8,32.7,49.1
City507,117084,69.3,29.9,770.8,15.9,42.9,31.8,20.0,62.7,13.1,29.7,116.5,20.5,50.0
City508,80050,50.0,18.0,725.3,22.6,42.1,8.6,18.0,49.4,29.5,27.4,126.9,13.3,45.4
City509,287198,186.3,30.0,554.2,54.0,40.2,21.5,27.1,55.4,34.1,30.7,144.3,38.0,59.1
City510,83840,206.4,47.5,600.2,49.6,50.3,55.4,52.7,64.8,38.1,39.2,231.4,50.3,99.4
City511,391852,287.9,37.8,735.6,52.8,43.2,46.5,52.1,79.5,41.6,61.2,261.3,52.1,51.6
City512,250112,586.5,34.5,563.8,23.4,41.1,24.7,38.3,48.5,33.5,19.2,134.6,29.8,52.5
City513,192042,525.9,21.1,537.2,35.9,32.6,10.5,25.0,46.7,10.7,40.4,144.8,33.3,50.5
City514,75313,333.8,36.6,553.0,23.0,34.8,29.7,29.5,57.5,37.1,26.2,134.2,46.0,56.9
City515,119673,1027.2,37.7,564.3,40.5,51.7,36.5,38.4,58.5,44.3,49.8,231.9,32.6,59.6
City516,772623,50.0,15.3,702.5,20.3,43.6,22.1,16.3,54.8,19.4,13.8,146.3,22.3,43.8
City517,541059,448.3,32.2,601.5,32.3,55.3,33.9,27.7,59.4,23.9,35.0,184.3,36.9,49.3
City518,68283,519.0,34.3,569.0,49.7,63.1,36.1,32.5,59.9,43.1,54.8,215.5,37.2,68.0
City519,308372,55.3,52.7,495.6,68.4,54.8,43.7,44.9,77.3,29.9,42.3,223.5,37.5,57.6
City520,768304,50.0,38.5,550.3,40.2,35.9,44.1,40.2,59.7,37.3,38.0,198.7,33.9,50.4
City521,25921,100.0,79.4,259.3,73.8,95.6,76.3,75.8,82.7,86.3,84.9,371.4,56.9,95.3
City522,574183,110.6,59.4,334.4,57.4,68.4,56.2,61.4,84.3,75.0,46.9,348.0,63.9,81.4
City523,106120,604.3,92.1,143.9,81.4,80.0,84.7,82.1,73.6,91.7,64.3,445.1,79.9,62.8
City524,596502,117.0,20.9,637.2,33.8,44.8,16.2,23.3,60.9,12.1,15.2,170.1,34.5,34.1
City525,92174,87.6,26.9,619.2,40.8,50.0,22.1,17.7,53.5,13.2,32.5,117.4,25.0,40.3
City526,21443,117.5,31.6,557.6,31.3,30.6,43.7,40.3,57.2,33.8,40.7,189.5,51.3,69.9
City527,27486,936.7,22.6,501.2,15.4,41.3,31.8,17.3,57.0,26.2,26.3,139.2,46.6,53.1
City528,287023,248.6,42.7,431.1,47.9,51.1,55.0,36.9,56.0,44.9,59.7,185.4,44.7,56.8
City529,386007,197.3,32.5,539.9,44.2,48.7,22.5,27.2,67.9,27.1,49.9,162.2,33.1,64.7
City530,75656,214.4,27.4,713.0,26.6,13.2,14.6,21.5,58.7,12.3,15.3,106.9,5.3,54.4
City531,656074,1153.4,50.6,439.0,47.2,42.2,49.9,63.6,74.2,61.6,57.4,262.2,32.0,97.9
City532,26209,99.6,77.0,339.7,57.6,66.5,70.2,72.2,89.0,85.6,68.2,370.9,74.1,69.1
City533,244626,1186.3,30.6,668.6,26.9,51.1,35.7,39.7,62.2,31.2,38.5,219.0,37.9,40.1
City534,49245,315.0,41.3,573.8,42.5,56.1,34.9,41.1,65.6,34.5,32.9,193.5,36.4,66.2
City535,107734,201.8,50.4,580.8,43.8,68.5,44.2,38.4,66.1,41.8,50.2,213.9,30.3,54.4
City536,286747,4920.1,44.5,352.7,48.3,51.1,54.9,45.3,67.7,30.2,49.9,204.9,39.8,66.6
City537,80452,68.9,73.8,429.0,54.5,53.6,74.7,66.6,70.9,57.9,62.5,351.0,70.2,85.4
City538,156626,160.1,36.8,449.2,35.5,63.4,47.2,37.8,62.6,44.9,56.7,248.9,54.8,68.6
City539,1097790,55.8,83.9,430.9,86.7,65.5,72.4,83.1,79.7,65.1,78.5,411.3,81.7,93.1
City540,119653,767.4,64.6,412.0,59.6,54.3,63.5,45.2,76.7,60.5,65.2,255.5,51.3,82.1
City541,864553,1857.6,26.5,665.1,47.1,31.8,13.5,12.6,62.1,16.6,21.6,86.9,21.9,42.9
City542,55183,1815.1,28.6,500.7,38.0,32.4,31.4,33.5,59.5,34.1,47.4,179.7,21.4,56.0
City543,563389,1062.9,18.0,540.6,43.1,29.7,28.2,37.0,53.5,27.8,21.8,123.7,41.8,56.0
City544,2019167,193.0,83.9,145.5,71.8,74.1,78.8,79.3,85.3,68.2,82.9,440.4,83.8,108.8
City545,10000,157.9,33.3,408.2,36.0,30.1,31.3,39.9,63.8,32.9,55.2,150.6,22.4,68.3
City546,87934,50.0,61.4,507.6,58.6,85.0,79.2,66.8,69.3,69.3,66.2,340.6,71.9,87.5
City547,601932,2815.9,19.7,589.8,25.3,44.0,25.5,16.8,49.3,20.1,39.7,142.9,28.9,44.0
City548,201942,429.6,39.1,721.5,38.5,49.2,37.6,41.7,64.2,49.4,28.6,177.1,43.0,44.1
City549,451172,135.6,35.9,666.6,46.4,24.4,44.4,25.1,61.7,42.2,29.3,132.2,17.4,60.9
City550,115199,1204.3,66.3,539.7,69.4,50.5,63.6,72.3,76.3,68.9,65.0,371.2,67.3,92.6
City551,302920,76.1,25.2,693.6,37.7,43.1,19.3,23.1,47.3,17.2,26.7,124.2,16.2,48.2
City552,215788,398.6,14.7,659.1,26.3,40.3,29.2,20.8,61.2,39.2,22.8,123.0,18.0,62.6
City553,1376280,198.9,22.1,729.1,28.1,50.0,29.0,20.7,63.8,24.1,23.5,160.5,17.8,33.2
City554,383152,526.6,24.9,709.1,31.4,51.6,26.6,33.3,61.4,29.8,32.0,97.3,24.3,45.4
City555,430474,226.7,22.5,697.8,35.7,36.9,23.5,23.5,53.6,27.6,31.5,187.5,55.9,76.9
City556,150749,50.0,42.7,430.8,46.2,60.4,39.1,44.7,57.4,57.1,44.9,319.5,32.3,46.9
City557,135584,267.9,56.0,528.1,51.9,49.9,46.7,58.7,77.5,60.0,64.2,257.1,44.9,61.3
City558,146446,861.5,16.5,696.9,39.3,36.7,31.8,32.8,52.8,34.5,37.2,148.7,52.5,60.9
City559,466136,236.3,39.0,633.8,37.2,51.6,45.6,48.9,62.5,26.2,34.8,187.7,36.6,69.2
City560,148839,620.3,66.2,300.8,62.4,57.5,63.5,68.6,68.7,74.9,65.3,317.6,62.3,85.7
City561,402594,69.8,72.0,249.9,62.2,82.2,68.4,76.0,67.6,55.6,78.7,369.1,57.9,91.3
City562,4903996,237.1,7.9,555.3,15.3,29.1,12.3,26.0,60.6,18.3,29.3,122.8,33.2,33.1
City563,908522,115.7,12.7,596.5,15.5,29.1,14.5,24.7,44.3,14.0,15.8,48.5,41.5,49.9
City564,170002,599.7,33.3,517.4,25.2,49.0,24.0,22.6,51.7,25.8,36.1,129.7,22.4,69.3
City565,1442227,254.1,35.9,359.2,46.7,46.0,40.6,40.2,66.7,48.9,48.9,283.5,45.1,63.8
City566,151553,560.1,45.2,677.5,38.2,30.3,44.3,41.9,51.8,52.6,41.0,233.8,45.1,54.8
City567,15469,902.6,18.0,729.7,32.6,22.2,30.6,27.9,59.5,15.2,28.4,170.1,33.7,57.5
City568,65426,561.1,6.0,807.0,19.7,45.7,20.3,12.3,51.6,20.7,11.1,127.3,20.9,48.2
City569,19553,339.6,56.5,447.7,49.3,46.2,47.9,45.6,67.3,56.7,43.9,277.0,71.0,93.2
City570,164042,73.9,45.0,531.8,64.1,74.4,43.8,42.2,80.0,57.9,36.3,307.9,55.0,59.6
City571,275346,243.9,55.7,449.9,70.6,58.7,46.6,51.6,62.7,47.8,55.7,267.4,69.1,66.6
City572,2805275,129.1,39.6,790.5,27.2,53.6,27.5,41.7,62.8,24.0,26.6,111.0,18.9,81.6
City573,424088,161.9,57.4,407.3,54.0,59.7,65.6,68.9,70.8,73.9,60.3,309.2,62.2,92.3
City574,197453,156.1,24.2,548.4,54.0,49.3,25.3,36.3,55.3,41.5,42.1,151.1,42.0,49.8
City575,856978,75.5,60.4,384.0,44.3,51.0,51.1,54.4,63.0,52.2,50.6,268.9,59.0,90.4
City576,12141,50.0,23.4,642.2,32.7,57.1,22.2,25.8,59.7,29.5,18.3,144.4,39.0,58.8
City577,373196,109.8,58.2,512.2,67.2,65.3,36.4,39.0,71.1,55.0,50.4,213.2,52.8,61.4
City578,789544,308.6,65.4,318.1,59.5,51.5,67.2,68.8,73.1,59.0,65.4,290.2,48.4,85.5
City579,33859,50.0,55.1,480.4,40.9,56.5,47.0,43.3,62.1,42.7,38.4,273.9,36.6,82.9
City580,1330753,249.3,53.6,366.9,43.0,69.7,50.8,45.0,64.2,64.1,36.6,199.1,63.8,87.8
City581,431013,2393.0,20.2,515.0,43.4,38.4,22.3,29.9,58.1,18.4,30.5,115.8,21.3,69.1
City582,150030,835.2,77.5,370.4,58.7,73.3,74.1,76.7,81.3,70.6,61.2,309.5,56.2,64.2
City583,650758,1758.6,45.4,430.5,48.7,32.1,54.5,38.2,56.5,42.4,36.2,280.5,63.9,50.5
City584,6445997,391.3,31.6,731.2,24.6,46.4,23.9,26.4,59.9,30.2,46.5,126.5,33.5,43.8
City585,346144,993.3,37.9,621.2,47.1,35.1,43.6,33.8,55.2,38.3,27.2,160.3,40.9,55.0
City586,379841,102.6,68.7,311.2,46.4,42.7,63.0,58.7,88.0,59.8,55.9,254.4,58.6,85.4
City587,141053,112.9,75.4,485.7,65.5,67.1,73.3,68.1,85.0,48.7,71.4,299.9,50.8,66.5
City588,81651,50.0,56.5,467.4,52.1,72.9,61.6,57.1,80.0,53.3,57.5,358.8,73.5,77.8
City589,858095,1015.7,16.8,647.2,21.2,57.0,22.9,21.8,51.1,37.6,47.9,112.5,32.9,43.5
City590,80941,1553.7,32.0,531.6,33.5,54.1,33.4,47.6,66.7,37.6,30.5,138.6,31.4,71.7
City591,296615,126.0,24.6,496.6,43.0,59.9,37.4,37.1,62.5,22.8,46.6,129.6,24.4,58.1
City592,137486,180.4,22.6,631.1,30.7,35.0,33.0,31.1,63.1,15.2,32.9,163.1,38.6,62.6
City593,524694,99.0,42.2,340.4,48.4,75.0,57.0,45.4,64.5,48.0,63.9,228.5,41.3,70.1
City594,428106,387.3,77.7,327.0,73.9,51.0,76.2,80.3,88.7,68.0,57.9,338.5,74.4,98.7
City595,1146880,943.8,22.3,506.0,40.1,52.6,29.0,34.2,60.0,28.2,52.9,208.7,42.7,59.0
City596,131396,50.0,20.9,731.7,25.2,35.9,26.5,25.3,62.5,46.7,28.0,183.7,23.6,62.1
City597,183905,399.9,54.1,428.5,50.5,73.9,52.8,64.0,72.0,44.4,54.8,287.6,40.5,62.4
City598,68168,175.6,41.8,680.4,31.5,58.2,32.2,32.3,75.7,26.6,30.0,205.0,45.6,79.2
City599,144060,280.4,13.4,673.8,20.1,23.6,26.5,18.9,48.8,18.1,18.4,74.2,8.4,33.2
City600,455076,424.4,12.9,783.0,18.3,22.5,19.4,21.6,54.0,9.2,15.2,138.8,26.3,42.3
City601,774353,195.2,39.0,438.5,47.0,60.7,40.1,37.9,60.0,48.7,37.4,166.6,35.0,62.0
City602,73789,216.1,29.2,544.7,33.8,45.7,39.1,32.2,63.8,34.2,17.1,141.2,38.0,59.4
City603,906592,189.3,34.9,503.9,30.7,24.3,34.0,31.0,58.6,17.5,28.4,155.5,17.0,38.2
City604,1790298,784.0,34.3,656.4,41.1,37.7,35.0,44.4,78.3,47.6,47.7,207.2,37.3,45.5
City605,478690,404.4,28.6,466.4,48.4,45.4,33.2,34.6,61.5,23.8,16.3,149.4,19.7,56.2
City606,3713606,318.8,29.6,495.9,32.6,37.9,25.0,31.5,55.3,23.2,43.4,150.1,34.3,36.9
City607,90825,53.2,9.7,633.0,23.2,24.2,12.9,21.2,53.2,19.5,34.9,114.4,15.5,38.3
City608,46980,155.4,46.9,614.0,64.6,36.4,48.2,40.1,65.9,47.3,61.2,182.4,65.2,95.4
City609,22243,719.4,79.5,349.9,63.0,59.2,74.7,68.3,70.0,57.8,60.0,376.9,83.4,82.0
City610,2179186,256.0,8.2,839.6,24.8,41.8,6.5,4.9,48.3,20.4,5.2,55.0,11.6,49.6
City611,670723,539.9,32.5,583.9,40.6,55.3,35.8,35.4,51.9,43.8,34.9,182.6,42.4,50.6
City612,248247,2038.2,28.7,468.6,38.7,58.5,35.6,48.6,63.5,35.8,31.7,178.6,40.7,48.9
City613,397105,850.9,45.9,541.8,69.3,49.9,42.1,61.6,63.0,45.8,70.8,225.6,68.8,71.6
City614,55509,273.6,32.7,631.0,35.8,48.9,18.5,21.9,45.9,23.4,20.3,64.0,21.4,39.3
City615,8236225,132.5,32.2,479.3,55.6,35.6,34.9,32.6,61.8,34.0,60.3,218.2,47.4,82.3
City616,321550,50.0,45.3,558.0,63.4,47.0,54.8,50.0,68.9,54.0,46.0,231.6,29.3,60.3
City617,312747,199.9,58.0,542.2,50.9,71.0,57.8,61.5,81.8,70.7,50.9,269.0,61.9,67.0
City618,741235,165.5,32.4,515.5,34.0,40.8,40.2,37.7,51.6,29.5,53.1,251.4,49.9,51.8
City619,526187,390.9,41.9,417.1,69.9,63.7,54.4,57.8,59.7,46.9,60.6,305.0,37.3,48.8
City620,367117,203.4,53.2,627.8,43.9,54.8,53.9,52.1,75.6,43.2,33.9,244.1,49.0,78.1
City621,88728,166.6,60.3,347.5,48.7,44.2,57.4,68.8,69.9,48.0,69.7,290.9,44.4,96.4
City622,519205,50.0,35.3,592.2,57.5,44.2,52.7,36.4,56.2,34.7,55.4,221.6,36.8,93.5
City623,3740890,79.2,14.7,754.9,26.1,22.9,12.7,14.4,58.4,13.9,3.3,103.8,27.5,45.5
City624,1764870,433.5,50.9,536.6,52.5,55.6,58.1,68.1,70.9,52.2,67.4,361.3,69.1,91.6
City625,2496652,1918.1,19.6,697.9,40.9,46.6,18.8,28.9,58.1,18.5,18.5,131.9,27.4,59.9
City626,131176,217.7,30.8,534.6,51.0,39.4,35.9,34.3,55.1,35.1,30.3,159.1,44.7,53.1
City627,67141,362.6,68.0,461.4,39.4,42.6,52.4,56.0,70.3,54.6,55.3,287.6,48.8,95.9
City628,225009,767.4,34.7,594.6,45.8,48.4,30.5,31.9,62.7,45.6,44.8,239.9,38.8,82.7
City629,290109,92.5,69.4,373.2,60.0,48.3,69.1,77.1,79.0,59.4,69.3,330.4,52.8,87.9
City630,1241546,380.0,24.6,544.9,46.3,43.8,29.2,28.5,53.9,42.8,21.7,111.3,24.1,72.4
City631,25098,100.6,50.1,650.7,57.1,63.8,42.1,40.1,68.4,41.3,31.4,161.8,35.4,76.7
City632,2283843,690.8,56.9,622.3,39.9,60.9,30.9,39.3,73.7,43.5,46.7,210.6,63.0,84.4
City633,215085,293.4,57.1,361.8,45.6,51.6,39.3,36.3,63.9,31.6,44.5,254.3,47.8,71.0
City634,147615,350.1,21.2,704.6,35.2,38.3,27.4,14.2,47.6,25.2,29.3,144.9,31.0,73.4
City635,65059,95.7,53.6,616.1,59.7,49.9,54.9,61.2,77.0,58.3,52.9,282.9,54.7,97.6
City636,26455,571.6,41.5,435.5,56.8,48.3,35.5,31.2,61.2,36.3,35.7,221.4,50.8,53.4
City637,849530,2985.9,51.3,691.1,42.1,48.4,50.3,52.9,61.7,51.2,53.6,264.9,46.2,54.7
City638,297344,73.0,30.6,827.3,39.6,20.6,23.8,23.7,69.4,32.6,20.7,179.2,33.5,77.5
City639,44092,162.8,50.4,549.9,57.3,53.1,59.5,72.7,66.2,60.6,47.1,297.7,72.4,80.3
City640,43778,323.1,34.4,591.6,26.5,27.9,22.1,10.9,52.7,23.9,19.0,136.6,53.5,67.4
City641,167694,628.7,59.4,404.6,60.6,52.0,55.2,58.4,75.3,55.0,44.7,296.5,71.4,65.1
City642,2776301,125.0,39.4,524.8,33.9,25.6,45.4,34.7,68.3,46.9,34.4,174.2,31.6,58.5
City643,186571,50.0,32.9,500.6,58.5,52.6,34.9,50.7,63.1,31.7,47.7,230.0,29.3,67.6
City644,32715,1250.2,40.0,516.4,31.8,37.7,20.8,27.9,53.2,31.4,44.6,187.1,30.6,77.8
City645,190224,609.5,37.0,604.9,44.8,46.1,36.3,52.8,67.0,27.8,67.5,223.5,35.6,47.6
City646,183173,50.0,12.9,687.0,45.7,19.6,27.6,13.5,61.4,34.4,40.8,82.9,15.8,66.4
City647,10000,118.0,51.3,500.9,44.3,57.3,40.5,49.8,70.2,36.7,44.6,258.7,45.0,84.4
City648,248696,1606.5,53.2,791.5,40.8,56.0,31.4,34.1,64.6,24.5,29.7,130.0,23.9,73.7
City649,194209,1390.4,49.3,557.8,68.0,42.1,57.2,41.2,61.3,41.2,59.3,246.0,36.0,52.5
City650,711185,754.7,19.4,642.3,38.5,47.8,27.8,26.8,55.1,37.4,45.3,161.9,23.5,49.4
City651,3571651,198.1,55.6,454.0,51.2,54.4,49.8,59.8,70.4,61.0,52.3,286.5,47.3,55.4
City652,1299111,270.3,79.8,281.9,54.7,63.4,75.2,70.8,93.9,85.6,69.2,343.8,75.9,75.5
City653,184159,209.1,40.4,469.3,40.6,50.2,43.1,40.2,64.0,37.6,33.6,263.9,37.2,98.4
City654,57003,947.6,57.5,525.6,41.2,63.4,42.2,48.2,73.5,65.6,50.6,198.3,41.9,93.7
City655,9847259,85.5,42.7,692.1,24.5,56.8,37.0,16.0,53.3,34.6,41.5,102.8,13.5,86.1
City656,291532,93.0,40.4,555.0,40.6,42.4,32.9,38.2,62.5,33.3,24.5,203.7,30.4,92.1
City657,273621,822.5,29.8,427.4,43.4,40.5,25.9,31.7,68.2,29.7,45.1,219.1,26.7,66.7
City658,259425,232.0,55.9,452.2,46.9,72.9,62.7,49.9,72.0,66.2,53.0,337.9,36.1,90.2
City659,354094,1279.4,49.0,398.3,37.6,55.0,33.7,40.3,69.3,44.8,42.2,304.3,33.3,96.3
City660,219234,109.3,14.2,698.2,38.7,34.1,9.3,17.6,59.4,13.8,25.4,77.0,43.7,43.6
City661,120195,229.1,34.7,587.5,24.0,36.5,24.1,33.9,54.8,30.7,25.5,121.4,29.3,62.3
City662,124791,80.9,68.8,378.7,77.4,89.2,86.2,79.5,86.8,88.5,95.5,376.8,82.7,73.6
City663,256310,246.9,49.8,368.7,44.7,46.4,50.2,52.8,61.4,46.0,45.6,216.9,49.9,80.1
City664,125392,50.0,14.4,743.5,23.1,42.5,18.9,9.6,58.6,15.6,12.1,119.8,25.0,49.5
City665,98914,136.3,52.1,301.5,70.0,45.6,52.8,62.4,73.8,47.0,49.2,278.2,37.2,50.5
City666,311452,50.0,29.2,585.7,47.0,28.1,35.2,23.2,61.0,29.4,22.8,184.1,33.2,51.8
City667,187781,562.7,57.9,567.3,52.4,62.4,60.3,59.1,78.1,50.8,69.4,329.9,45.2,79.1
City668,2203571,578.2,49.6,510.9,45.2,72.1,58.6,57.9,70.2,50.8,48.0,386.9,62.8,54.5
City669,10000,50.0,28.0,638.0,33.6,45.0,29.2,37.3,61.5,36.7,51.2,177.6,30.5,53.8
City670,1236888,1212.8,76.7,464.1,50.7,63.5,59.7,63.6,69.2,51.5,70.1,305.3,72.2,85.5
City671,1535734,4899.5,37.2,480.3,46.3,51.0,44.6,37.4,63.1,42.9,49.0,250.4,35.7,71.4
City672,14724,258.6,26.9,708.8,40.7,57.9,30.4,43.0,68.1,43.5,29.2,180.8,24.8,72.7
City673,166082,113.4,56.5,668.5,60.4,50.5,39.9,59.6,79.2,42.7,40.1,230.2,57.6,60.1
City674,159529,7253.2,45.7,411.7,57.9,53.6,43.2,46.3,58.4,38.3,32.5,171.9,35.5,68.3
City675,37402,50.3,69.7,506.7,50.9,79.7,71.8,66.4,69.5,56.1,68.1,396.3,59.0,79.3
City676,90314,250.7,38.4,643.7,31.8,40.0,35.9,34.3,50.5,47.7,37.4,220.6,40.0,59.7
City677,56680,303.6,31.6,833.1,22.7,33.4,22.0,19.4,52.9,26.2,14.3,104.9,20.6,92.2
City678,3119485,1229.3,77.5,359.4,44.1,75.4,63.0,61.9,79.2,51.4,68.0,261.4,75.5,63.3
City679,994454,376.8,56.9,346.1,56.6,65.9,51.1,64.6,76.4,50.5,55.9,304.0,67.9,66.2
City680,1591483,134.5,50.9,581.5,35.4,50.2,37.7,38.8,55.1,45.3,60.5,195.6,41.8,63.6
City681,736998,78.1,43.5,618.4,48.6,43.7,23.6,24.3,52.5,31.3,42.6,188.6,24.6,39.9
City682,55233,162.4,36.9,472.0,48.9,51.8,45.0,49.4,71.8,35.6,44.1,229.9,66.2,59.8
City683,128755,73.1,43.4,476.5,30.5,54.7,43.0,31.2,67.2,43.4,26.3,209.6,53.1,46.8
City684,532386,259.1,52.5,527.6,59.0,76.3,49.8,53.7,63.7,44.7,51.7,289.5,53.0,69.7
City685,48485,124.3,12.6,693.6,16.2,21.7,25.0,21.5,49.2,12.9,12.6,130.6,13.1,51.1
City686,728103,50.0,56.8,437.5,54.6,61.6,56.0,48.3,78.5,50.9,41.6,228.6,45.3,68.5
City687,191672,1103.4,50.9,681.0,55.5,34.4,48.7,43.7,60.2,45.6,61.0,209.8,43.2,77.3
City688,158776,134.7,42.2,508.8,44.4,56.0,51.7,45.8,62.9,42.1,54.6,237.6,37.3,65.0
City689,726028,53.4,34.7,763.2,27.7,39.7,32.7,29.0,63.6,46.9,26.2,232.6,46.2,53.0
City690,499802,200.0,33.2,713.0,54.6,66.1,23.9,33.5,68.6,25.6,30.9,234.1,44.4,64.8
City691,161885,265.6,28.7,553.6,41.2,26.9,30.5,22.6,60.8,16.1,32.0,147.0,39.6,66.3
City692,1360090,50.0,52.5,325.1,48.2,65.2,48.0,55.9,66.5,54.9,57.0,250.8,51.6,65.1
City693,59071,364.3,44.3,436.6,38.3,64.9,52.0,61.5,69.6,57.9,43.9,276.2,43.1,66.7
City694,635590,69.6,51.0,581.8,32.3,60.8,46.8,43.4,67.4,55.7,40.1,225.1,42.7,82.5
City695,615593,1906.9,62.1,448.9,59.8,76.9,63.7,63.6,71.3,58.2,61.3,310.6,56.2,80.6
City696,173969,458.9,33.0,423.6,36.7,44.2,44.1,40.0,65.7,40.4,41.9,216.6,48.3,72.8
City697,423617,151.4,29.2,667.6,55.7,53.2,48.8,39.0,77.1,38.6,39.6,164.6,68.1,72.5
City698,46557,100.1,40.3,715.6,46.5,41.2,29.6,30.2,69.9,32.1,46.1,252.6,35.5,81.5
City699,978364,215.7,57.6,623.1,39.9,70.3,43.9,48.4,71.1,52.0,47.9,242.8,55.1,61.9
City700,207137,510.5,60.7,390.8,64.1,49.0,55.2,71.0,64.4,50.3,60.0,338.4,64.9,83.7
City701,129080,237.3,38.8,687.7,29.7,54.3,21.6,29.8,66.8,30.1,31.5,229.7,30.5,66.4
City702,1165444,188.6,35.5,464.2,60.6,69.4,38.8,37.1,57.4,54.9,33.7,244.7,37.6,48.2
City703,100099,262.4,26.2,614.2,46.4,43.2,41.4,26.6,69.6,36.5,27.2,234.4,30.0,57.4
City704,37352,118.6,36.6,556.0,35.8,35.9,34.7,34.1,61.3,46.5,35.1,175.3,29.3,66.4
City705,30355,162.1,18.8,684.9,40.1,39.3,27.0,23.8,55.0,12.7,45.7,179.9,23.6,35.7
City706,626819,50.0,17.6,699.9,37.5,48.1,13.8,11.8,60.4,14.8,40.8,57.2,23.2,53.7
City707,44685,787.2,47.0,385.7,51.4,38.5,46.5,35.5,68.6,29.5,48.8,216.0,37.5,60.3
City708,3130526,350.2,46.3,619.9,49.5,36.8,33.5,33.3,60.0,33.3,57.7,189.5,25.0,56.5
City709,14549,96.7,25.8,465.4,36.7,54.4,35.9,26.2,59.8,33.4,39.8,186.0,48.9,75.7
City710,2885009,2388.6,45.4,643.0,45.3,40.4,44.5,51.9,61.6,46.7,43.5,275.9,51.0,64.6
City711,360563,271.6,29.7,685.7,40.6,28.3,38.8,40.7,68.6,41.0,31.8,187.9,34.2,49.4
City712,234357,70.6,46.0,632.3,63.8,33.0,39.6,30.4,65.6,50.7,23.5,207.3,51.0,87.4
City713,125130,684.1,26.2,644.0,28.7,34.1,28.9,23.4,50.1,16.0,29.2,122.7,56.3,70.9
City714,469202,394.5,43.4,470.6,46.2,66.7,37.7,46.5,74.1,41.1,45.7,258.1,50.8,89.1
City715,254564,392.9,54.8,463.9,47.2,58.3,56.9,63.4,67.7,61.2,71.0,373.7,63.7,85.3
City716,1257482,146.8,43.6,600.8,46.0,67.4,35.6,34.8,63.3,49.4,45.2,197.6,48.8,62.5
City717,314871,420.1,24.4,648.7,28.1,37.5,20.8,31.7,63.3,23.4,45.9,177.6,22.0,41.7
City718,331181,178.7,38.5,615.2,50.5,44.8,38.4,31.6,64.2,45.4,34.6,209.5,51.0,52.8
City719,161287,476.8,33.6,575.5,31.2,25.9,20.5,38.3,58.3,20.8,27.6,222.6,20.5,51.5
City720,247774,50.0,49.0,387.3,40.3,44.4,46.3,33.4,67.3,36.3,56.8,213.4,43.2,74.2
City721,412884,145.4,31.5,546.5,36.8,36.3,30.2,27.2,50.1,32.7,25.7,118.5,24.1,76.4
City722,24483,1932.5,45.8,730.1,45.6,48.7,37.1,29.4,66.4,37.6,55.6,147.2,53.8,63.3
City723,40641,97.5,48.1,531.5,42.4,74.7,47.7,49.5,68.0,67.8,51.4,277.0,52.6,60.9
City724,759617,118.6,34.8,646.4,46.0,40.8,33.4,28.8,53.7,41.5,29.1,181.7,24.8,55.4
City725,340854,142.9,36.6,767.2,44.7,43.1,40.0,37.4,50.2,49.7,26.9,107.0,50.3,57.1
City726,207403,57.0,41.0,396.5,57.0,57.7,51.4,40.5,74.8,51.8,47.7,197.6,61.7,57.2
City727,275352,50.0,54.4,651.3,70.4,57.7,65.9,65.5,83.2,59.2,66.7,334.1,64.8,62.5
City728,436530,185.5,63.3,551.4,64.6,63.0,69.4,64.3,70.6,57.1,64.3,339.5,48.8,73.9
City729,126037,288.0,35.2,610.2,19.2,51.7,34.6,23.4,57.1,36.2,45.4,162.4,29.1,56.3
City730,90253,229.8,62.8,366.2,53.4,51.9,48.4,44.8,75.8,58.2,39.3,268.4,51.6,60.9
City731,352985,205.6,22.3,622.3,41.1,43.2,24.2,28.1,66.4,24.8,22.9,161.5,30.7,64.8
City732,68205,257.7,59.9,367.6,53.6,67.7,59.3,63.1,71.7,53.1,52.1,339.4,46.8,59.8
City733,475229,835.0,82.9,380.7,70.4,89.9,79.3,83.5,78.9,63.4,60.7,397.8,66.0,86.3
City734,24745,194.7,51.9,409.2,47.2,56.1,49.7,57.8,68.1,58.0,50.2,285.0,48.4,88.0
City735,1133496,122.9,54.8,419.0,47.8,62.6,52.4,58.9,60.4,64.4,48.1,273.9,40.7,88.6
City736,520027,174.6,29.4,653.5,27.8,45.4,26.4,32.4,63.7,36.1,38.8,127.3,37.2,91.4
City737,384016,490.4,36.4,603.3,53.9,48.0,48.8,43.8,66.9,51.9,37.0,166.4,51.5,84.9
City738,1062109,1332.0,66.9,303.1,62.3,81.6,60.0,69.1,77.2,70.5,66.7,408.4,65.1,66.4
City739,2762548,115.1,29.2,631.5,47.1,70.7,33.7,31.8,67.7,34.6,42.2,141.3,45.6,69.6
City740,1110274,275.5,19.5,831.3,22.9,37.0,5.9,7.4,53.9,15.2,44.1,61.2,26.2,63.7
City741,20389,367.2,32.2,727.0,58.1,62.8,37.8,44.8,61.3,37.9,58.0,254.6,60.1,52.4
City742,44738,74.4,40.7,545.9,64.8,33.5,52.7,41.1,63.3,39.5,38.0,208.7,38.0,79.3
City743,111888,250.8,20.8,646.0,21.7,29.3,22.5,21.3,64.3,10.5,13.2,128.6,38.9,42.3
City744,278320,50.0,16.7,643.3,14.9,18.2,13.4,16.2,45.9,20.8,10.3,126.1,19.8,56.5
City745,553890,50.0,41.1,609.6,28.5,33.2,31.3,26.4,64.1,19.2,39.9,161.6,29.1,64.0
City746,97144,380.0,14.5,755.8,37.0,19.9,22.9,29.4,52.7,18.2,19.5,102.3,11.5,36.2
City747,348527,154.4,31.5,722.9,38.9,57.7,18.0,17.5,53.8,30.6,33.7,156.9,29.2,81.1
City748,93196,311.9,37.9,511.9,28.6,29.1,32.5,35.9,57.2,29.1,37.5,239.8,33.2,53.9
City749,113991,239.5,44.1,632.4,48.5,40.0,33.5,35.4,69.7,28.5,47.1,192.8,39.6,74.1
City750,37446,75.8,70.9,482.6,52.0,41.4,56.9,52.3,60.4,54.7,72.7,341.7,50.7,62.3
City751,73679,231.8,56.4,504.4,45.0,46.5,48.4,51.7,76.4,38.8,39.3,329.7,77.0,61.2
City752,40442,55.7,36.8,447.7,32.8,48.7,37.0,28.1,63.9,35.5,29.4,243.8,33.8,80.2
City753,68444,1298.8,56.3,590.9,40.0,61.2,46.7,59.3,63.4,58.0,50.0,275.0,43.6,81.3
City754,1173027,50.0,26.5,491.4,30.9,37.1,33.6,24.4,55.6,22.1,15.4,179.5,48.5,50.6
City755,71028,193.5,78.7,502.0,57.0,48.2,63.1,59.6,86.9,58.7,60.0,287.1,45.5,89.5
City756,10000000,70.1,52.0,430.3,61.6,40.9,55.4,55.2,71.7,56.1,62.1,271.4,62.6,101.0
City757,535333,485.2,24.4,593.7,25.2,34.9,27.6,21.2,51.9,18.5,20.9,158.6,17.4,49.7
City758,347587,164.4,34.7,517.7,33.5,57.1,40.0,39.2,72.7,39.0,40.3,154.0,39.2,74.5
City759,80684,131.3,9.9,484.7,29.6,43.5,14.7,13.9,53.6,34.6,40.8,106.8,12.8,53.6
City760,715283,681.2,55.8,408.1,36.0,66.7,38.4,49.3,68.8,46.0,44.1,200.3,28.2,91.7
City761,119863,253.5,88.7,264.8,68.9,65.5,75.6,92.8,95.0,79.4,79.2,431.0,67.1,81.0
City762,318320,454.9,18.7,599.0,48.8,47.6,22.8,31.7,63.7,25.5,44.6,147.5,19.1,73.4
City763,9665934,75.4,44.4,457.8,33.6,39.2,37.1,44.0,69.4,53.8,59.4,272.8,63.2,64.5
City764,234571,50.0,32.5,514.5,36.0,53.9,50.1,46.4,70.5,51.8,29.2,248.6,52.5,69.3
City765,1341075,278.3,24.5,626.1,28.0,31.8,24.3,27.1,56.3,22.7,36.4,105.8,28.3,72.1
City766,100263,166.9,53.2,551.7,52.1,70.8,47.0,43.3,68.4,56.0,44.4,248.7,57.9,92.4
City767,255509,518.9,76.7,359.8,80.6,62.4,83.1,100.0,79.6,84.9,87.2,474.1,92.6,85.6
City768,3201470,222.3,28.2,634.1,33.5,57.7,30.4,35.9,71.0,22.8,43.2,160.2,34.7,65.1
City769,111551,313.0,39.3,575.5,28.4,34.5,30.7,41.2,67.5,36.0,41.0,162.9,37.9,64.6
City770,3393688,50.0,68.0,557.9,61.2,66.2,62.5,75.3,83.4,76.6,64.9,373.3,73.6,65.1
City771,722774,2359.3,48.7,603.0,51.7,63.7,29.4,42.8,72.0,30.3,44.4,212.1,41.2,77.8
City772,122093,200.9,56.3,461.1,53.8,54.8,45.2,41.9,57.8,51.1,37.8,305.0,46.6,66.8
City773,650418,565.2,16.5,681.5,31.3,18.0,24.4,12.3,49.7,22.6,34.6,80.5,39.9,55.9
City774,1047143,89.7,54.2,580.6,28.0,45.6,39.2,43.2,62.9,56.0,28.0,160.1,30.2,51.5
City775,640839,354.1,30.2,745.6,36.1,38.6,13.8,24.0,53.5,35.4,31.5,46.4,15.6,39.2
City776,29782,51.2,31.4,707.3,27.0,39.8,32.3,29.8,60.3,33.1,40.6,201.7,50.1,49.8
City777,96955,420.9,24.7,729.0,35.9,26.3,37.0,27.3,56.4,19.6,41.7,184.8,28.4,40.9
City778,189752,159.6,54.3,717.4,63.4,43.5,41.3,56.5,73.6,53.3,49.0,272.2,42.9,66.9
City779,241782,253.4,62.0,320.8,39.7,64.7,59.0,52.3,64.0,41.9,57.4,271.0,57.4,76.3
City780,639819,565.4,46.5,531.4,34.5,43.3,50.0,49.7,61.7,44.8,66.2,230.5,54.8,63.5
City781,344132,55.8,15.1,652.7,33.3,25.1,17.3,5.8,43.7,14.7,29.5,36.3,15.9,67.4
City782,41378,107.6,26.8,628.9,20.6,45.3,33.2,32.4,47.0,22.7,15.9,145.8,28.5,42.2
City783,456926,423.6,45.8,558.4,35.2,56.0,29.9,40.8,61.4,27.1,28.7,142.0,55.2,71.5
City784,630847,3034.7,50.6,423.6,56.1,36.8,35.5,44.7,69.1,53.4,43.5,282.2,62.8,66.3
City785,587544,207.3,16.4,703.7,27.6,48.8,7.6,10.7,48.1,9.4,34.2,64.4,13.0,69.0
City786,1218453,497.4,70.2,366.1,71.4,61.7,61.8,65.3,75.2,67.0,51.7,296.7,61.7,71.3
City787,862414,215.2,28.6,525.3,35.2,36.4,36.8,44.1,63.0,23.0,42.3,145.4,39.9,52.2
City788,510350,2516.7,20.7,646.2,27.0,50.5,21.7,28.2,52.6,27.5,47.1,160.4,18.8,66.1
City789,243231,50.0,42.7,440.8,43.1,32.1,44.9,39.6,66.9,48.9,36.6,189.4,50.1,77.5
City790,26229,274.1,30.0,612.2,28.7,47.6,10.2,19.8,43.9,7.9,16.5,131.3,35.8,34.8
City791,489659,50.0,12.2,785.1,38.3,34.4,24.5,26.4,53.1,21.0,19.6,71.2,15.8,35.7
City792,358886,50.0,44.9,400.9,46.3,52.8,44.4,37.2,68.0,37.2,42.6,269.0,48.0,77.4
City793,392468,349.7,36.6,556.7,42.3,39.9,34.5,43.6,70.7,43.8,24.1,168.5,44.4,70.6
City794,44916,289.3,65.2,553.3,51.6,73.7,53.3,64.2,72.7,44.6,67.3,301.5,40.5,100.8
City795,59072,173.9,4.7,725.4,33.7,41.4,9.9,23.2,56.9,13.3,26.3,109.1,31.5,54.8
City796,1172224,215.4,62.9,491.5,59.0,74.7,78.6,69.2,68.9,50.9,50.5,393.6,46.7,72.3
City797,253881,10076.5,39.4,508.0,38.0,44.9,50.0,38.9,58.3,36.8,41.6,224.6,42.7,57.4
City798,696693,179.5,19.7,479.4,33.8,55.9,32.7,20.5,55.6,25.8,32.2,136.0,28.8,73.6
City799,279189,451.3,54.8,585.8,30.6,49.8,52.3,44.8,62.2,27.3,31.6,199.5,26.8,68.8
City800,279751,112.3,82.1,352.4,61.3,77.1,78.8,69.5,79.5,67.1,77.3,405.9,58.8,80.6
City801,998088,348.7,30.7,572.5,43.3,39.3,46.1,34.7,69.2,33.6,57.9,157.6,25.4,88.4
City802,130292,183.8,41.6,458.2,38.9,39.7,56.5,45.0,67.9,49.4,43.3,194.3,60.1,65.4
City803,306989,149.5,10.5,580.2,33.2,19.2,24.6,25.4,49.1,13.3,20.6,103.8,22.3,57.4
City804,140479,2170.4,30.2,601.6,33.2,63.5,32.2,25.8,51.1,40.1,50.5,144.9,52.2,71.6
City805,146050,1004.9,62.8,330.0,58.4,70.9,55.1,49.2,64.3,69.5,54.9,250.0,40.5,93.8
City806,174060,288.3,24.9,891.0,31.8,45.3,34.9,28.6,51.9,29.6,31.2,106.5,32.2,77.4
City807,366219,50.0,44.0,364.3,59.3,47.3,46.9,55.7,65.6,54.0,46.3,348.9,71.9,84.8
City808,137276,158.7,37.6,525.5,44.5,40.1,36.4,45.3,62.7,39.5,36.5,207.5,29.9,44.8
City809,1556668,6270.6,68.7,407.9,54.6,67.0,79.2,83.6,80.9,63.7,65.8,348.2,68.7,89.0
City810,76691,185.5,68.8,228.6,59.4,73.3,60.1,74.1,67.8,63.7,59.0,292.8,79.3,83.5
City811,206566,919.5,46.6,622.5,62.0,60.0,52.4,46.2,80.5,51.9,39.1,243.1,68.2,56.1
City812,144983,1380.7,18.3,731.6,23.6,30.9,11.7,21.0,45.4,32.3,19.4,142.8,40.3,46.1
City813,2034517,318.2,23.8,936.1,16.1,28.1,7.6,11.2,60.6,22.9,8.9,159.7,21.1,56.3
City814,353336,89.1,27.5,588.6,27.4,50.2,13.8,21.7,45.2,22.5,28.5,82.3,17.2,41.9
City815,1137771,50.0,41.0,529.2,40.8,32.0,34.5,31.2,61.4,27.0,31.5,210.8,18.8,51.0
City816,33530,556.1,57.6,335.4,64.8,42.7,48.4,69.0,75.0,59.3,55.5,365.5,53.5,84.2
City817,389987,92.0,15.0,660.2,28.7,55.5,20.0,28.0,49.6,21.8,17.6,104.7,28.7,46.2
City818,932368,302.3,49.7,531.0,46.8,47.9,46.1,37.5,65.6,38.2,51.4,240.7,39.3,63.9
City819,301099,54.6,42.9,467.4,28.9,56.7,26.0,40.9,72.1,30.7,29.1,148.4,24.7,41.6
City820,1192631,178.0,52.1,458.0,43.2,57.0,38.6,52.0,63.9,34.9,30.7,238.5,55.2,66.0
City821,130065,254.8,45.7,499.6,41.4,43.9,44.8,37.9,65.0,53.8,52.0,209.3,47.9,85.3
City822,1930107,337.8,40.0,759.9,30.0,44.2,28.2,29.3,63.4,21.5,16.0,122.2,47.6,44.5
City823,6705625,64.2,24.2,796.2,11.0,33.7,9.2,13.0,58.8,13.9,16.3,140.5,29.7,52.1
City824,161462,1028.9,42.7,506.4,44.5,35.6,25.3,34.1,55.1,42.9,44.5,124.0,30.1,74.5
City825,143816,119.5,47.4,475.6,47.9,48.1,42.8,41.3,63.5,36.1,30.1,222.8,62.6,60.0
City826,2052847,50.0,42.9,598.2,46.8,30.0,35.3,43.4,73.7,30.8,39.3,230.1,33.6,78.1
City827,2449515,214.7,16.4,587.8,35.9,33.0,15.5,21.6,52.6,28.7,19.3,101.0,16.6,53.7
City828,129055,255.0,38.8,589.4,43.2,41.3,44.3,34.0,63.3,34.9,40.1,153.2,26.8,53.5
City829,149005,296.7,68.6,373.0,72.6,73.8,76.2,62.3,86.1,62.2,85.6,343.6,56.9,65.6
City830,180864,1254.6,45.8,606.7,54.9,52.8,46.2,59.5,64.5,43.2,42.9,290.5,66.0,55.7
City831,40854,184.2,33.7,648.0,42.7,59.8,31.6,35.7,57.2,47.9,48.9,257.7,55.8,84.3
City832,74153,212.0,12.3,593.7,42.5,18.9,22.0,18.4,45.3,15.2,39.6,74.2,5.8,74.5
City833,65788,65.1,47.4,376.1,64.8,54.3,49.1,48.7,65.1,42.1,65.8,243.0,55.0,69.7
City834,91590,655.0,63.4,613.0,44.2,68.9,54.1,53.6,78.4,46.8,51.2,283.9,57.1,77.8
City835,255618,305.3,69.9,445.5,62.2,52.3,57.7,56.9,70.3,56.7,67.8,318.6,42.5,79.6
City836,372465,147.8,34.6,603.5,49.5,34.8,31.0,46.3,70.2,34.5,43.2,151.8,50.8,76.1
City837,2351821,50.0,66.1,313.0,69.8,59.9,79.2,72.1,81.2,85.3,86.2,355.7,67.6,82.7
City838,66323,1384.8,56.7,417.6,40.8,50.7,46.5,57.0,67.8,48.2,63.9,358.4,41.1,69.3
City839,1064537,56.1,28.4,650.1,37.8,34.2,41.9,29.9,50.2,35.3,26.2,179.8,38.6,69.2
City840,198871,120.4,17.4,630.5,27.7,36.8,21.8,31.9,59.3,30.0,46.2,110.6,19.5,69.8
City841,250383,376.2,31.9,600.6,34.1,41.0,36.2,34.9,65.5,36.7,26.0,150.0,52.5,62.3
City842,690207,58.2,44.7,612.8,30.5,38.3,44.5,35.1,63.0,28.5,37.1,214.1,60.3,71.9
City843,55725,50.0,21.0,525.5,30.2,43.0,17.6,22.3,60.3,47.2,12.1,96.3,30.1,80.3
City844,458343,50.0,67.8,328.6,55.4,63.8,62.8,63.5,74.3,59.2,50.6,336.7,54.6,87.1
City845,338755,581.3,21.5,639.4,27.1,45.7,21.4,24.9,65.9,15.6,13.6,134.2,35.2,75.4
City846,534684,127.2,47.9,599.7,43.7,61.9,50.0,45.4,66.8,34.0,46.4,197.9,70.0,75.4
City847,402252,8206.8,62.0,441.5,58.5,77.0,46.4,63.7,63.7,49.1,52.4,233.5,39.6,73.6
City848,8347062,74.2,37.5,586.5,31.3,45.4,30.6,45.5,56.9,31.2,50.9,267.4,37.1,70.5
City849,109882,81.0,34.8,441.9,38.0,55.5,46.0,49.8,67.3,31.3,32.4,237.2,60.1,76.2
City850,127593,124.2,68.1,402.5,65.3,76.9,64.3,57.2,84.7,45.7,51.0,282.4,45.9,85.7
City851,112151,327.6,20.0,629.8,22.3,40.1,13.8,13.7,50.7,28.7,19.4,109.3,8.7,39.7
City852,123294,139.2,40.2,649.6,41.0,49.1,20.9,23.4,68.1,27.9,28.5,147.7,18.4,84.5
City853,109936,510.2,56.4,492.6,59.8,71.7,62.0,68.1,72.8,54.7,81.2,328.6,49.4,89.5
City854,1417808,75.6,14.0,886.8,19.6,31.6,16.7,11.8,51.7,9.1,21.7,39.3,22.5,75.5
City855,1960491,50.0,71.2,509.4,54.8,62.0,51.0,54.2,75.3,51.4,42.6,300.0,72.6,68.4
City856,120686,50.0,72.5,519.5,80.7,52.6,84.2,82.8,81.7,73.3,80.9,411.9,79.8,62.9
City857,83675,50.0,6.6,672.9,21.0,28.7,14.2,26.5,52.3,9.3,22.6,125.3,23.0,56.1
City858,519167,131.4,29.6,489.2,21.1,37.3,32.7,20.7,66.6,17.3,43.4,178.9,18.8,55.4
City859,123857,170.5,66.2,366.3,56.9,55.4,74.6,68.6,70.7,44.0,45.0,323.9,81.9,75.4
City860,650895,114.7,23.7,684.9,34.5,27.9,34.7,30.2,48.1,16.8,19.0,203.3,41.1,66.1
City861,356500,1088.0,42.3,704.9,54.8,34.6,26.4,34.8,53.3,17.8,42.5,182.0,51.1,43.9
City862,32143,1068.1,53.1,541.2,53.7,67.9,51.3,59.7,72.2,58.1,62.9,337.4,54.9,59.2
City863,2341979,163.7,41.4,546.7,41.7,40.7,35.9,43.6,67.9,41.2,31.1,168.0,38.9,86.5
City864,3315863,50.0,30.3,557.5,25.9,63.5,33.4,18.5,58.0,29.1,43.0,169.3,30.7,45.6
City865,113788,124.0,40.2,551.9,33.6,32.9,27.7,30.3,54.5,46.6,43.9,163.2,60.3,89.6
City866,155938,119.1,26.8,649.6,14.8,43.1,13.1,18.5,58.5,24.4,22.9,105.2,24.9,63.0
City867,400396,111.2,19.7,596.7,27.7,29.6,12.0,11.3,53.9,24.3,8.6,103.6,13.4,63.5
City868,428582,105.9,34.0,681.1,44.8,57.5,39.3,49.4,69.4,30.8,52.1,207.3,39.1,90.4
City869,674658,111.7,31.5,548.8,25.4,58.8,37.7,27.3,61.2,28.7,31.3,155.2,30.8,45.5
City870,4476205,153.9,20.5,569.6,33.0,20.4,23.7,12.9,43.4,4.5,14.6,67.5,12.5,76.0
City871,209457,114.1,24.5,839.7,22.6,35.7,21.4,22.9,52.6,25.0,20.5,133.4,30.4,48.8
City872,87761,314.2,19.0,719.6,17.9,24.1,21.1,25.3,50.5,33.1,15.3,190.8,38.3,64.8
City873,38907,377.1,69.4,452.0,45.5,65.3,62.4,60.4,74.5,45.1,64.3,298.7,54.4,99.0
City874,96442,82.0,14.5,550.7,16.8,32.7,27.3,13.4,53.3,12.8,33.7,80.1,32.6,43.9
City875,256176,1124.7,52.4,650.2,52.0,49.0,52.2,45.0,65.5,47.6,65.6,343.9,65.5,77.7
City876,3309742,75.5,36.1,462.6,36.6,47.4,36.7,44.1,67.8,42.7,35.7,151.1,30.6,57.9
City877,130007,50.0,47.3,530.2,58.3,56.3,42.7,39.9,68.3,54.2,32.5,203.0,47.0,88.2
City878,367068,386.4,59.8,579.5,38.1,50.1,35.4,54.4,68.0,59.0,39.3,239.7,33.1,64.3
City879,262238,91.8,32.6,836.3,27.1,39.7,18.6,25.8,56.9,30.2,42.8,202.2,19.0,72.2
City880,1416572,359.8,69.2,351.1,61.0,65.8,72.2,69.4,86.0,70.9,70.1,336.4,53.9,59.9
City881,9227561,50.0,25.4,542.0,28.5,35.4,38.9,34.8,59.0,23.2,25.7,165.1,33.4,65.4
City882,127616,1301.1,42.8,736.2,38.4,28.7,35.3,31.7,65.7,39.5,27.4,206.9,49.4,60.0
City883,135237,548.3,19.1,611.3,31.4,28.1,25.7,15.1,46.3,21.3,25.2,141.9,20.4,54.5
City884,1157560,50.0,46.0,401.8,51.0,56.6,49.9,47.2,63.6,46.7,44.2,231.8,66.9,69.0
City885,697074,50.0,27.7,649.2,32.8,25.2,7.2,12.8,56.8,39.6,9.3,78.8,38.5,68.6
City886,3560424,1820.2,35.4,616.2,40.7,39.7,27.7,30.8,65.2,36.9,46.5,263.5,56.0,50.2
City887,607738,101.0,58.1,419.0,39.2,52.8,45.3,40.4,66.0,46.4,30.0,241.3,47.6,86.6
City888,162265,89.9,43.1,642.6,50.3,26.7,28.9,27.6,52.3,20.4,35.5,137.5,49.3,45.7
City889,613488,50.0,40.7,701.0,38.3,54.7,51.9,54.8,75.5,38.8,31.2,166.1,54.9,69.8
City890,1267028,160.6,71.4,495.2,57.4,68.2,69.0,68.5,70.1,61.9,62.4,268.7,74.8,77.0
City891,846338,186.2,7.9,620.3,31.1,26.5,8.3,15.3,50.0,10.9,3.6,51.5,18.2,32.9
City892,545895,577.4,36.5,383.2,32.6,55.7,42.2,49.6,62.4,30.5,49.8,236.6,51.1,59.8
City893,1194627,50.0,53.6,687.4,58.1,55.2,50.1,49.8,72.9,60.4,70.4,293.6,57.5,76.8
City894,1379199,50.0,32.4,568.4,38.1,27.9,22.3,18.2,54.2,16.7,39.0,115.2,42.6,42.5
City895,1858021,420.4,34.3,461.0,41.5,41.9,34.2,38.9,74.2,33.5,49.2,273.0,54.2,73.7
City896,665433,819.0,25.9,675.2,23.1,60.5,28.3,28.5,48.9,44.5,32.0,181.7,21.3,48.6
City897,212359,50.0,60.7,504.8,76.5,51.4,64.3,53.5,65.9,49.4,43.4,304.9,57.5,74.9
City898,329522,895.9,34.3,558.8,34.8,28.8,27.8,34.1,63.2,25.5,26.5,137.0,33.2,54.3
City899,1452958,256.0,38.2,360.0,58.0,46.0,45.5,47.8,77.1,50.8,33.9,218.2,47.9,71.4
City900,85501,907.0,49.8,538.4,34.5,46.6,40.1,40.3,73.7,50.2,52.5,169.2,44.1,50.5
City901,449613,224.9,42.2,456.4,55.8,63.7,43.9,55.7,72.8,32.0,40.7,259.8,32.0,63.8
City902,154712,50.0,62.3,508.1,52.9,57.2,46.4,60.4,64.9,42.3,61.5,275.3,34.3,79.1
City903,279356,203.9,46.0,680.2,54.2,60.2,38.8,43.9,60.7,43.3,59.0,224.9,41.6,48.5
City904,1606924,873.2,55.3,672.4,44.9,39.5,38.4,36.0,65.2,34.7,55.0,201.1,62.4,73.4
City905,350648,83.7,50.0,605.3,49.5,53.8,55.2,45.7,72.8,56.1,41.2,255.2,51.6,73.3
City906,286361,153.6,48.5,595.4,48.8,43.1,39.6,43.7,79.1,60.8,33.9,275.6,53.8,64.2
City907,39982,198.1,62.1,490.5,55.0,58.9,63.1,55.7,71.0,44.8,65.2,302.2,86.2,80.7
City908,762802,50.0,29.3,565.0,25.7,45.7,10.4,17.9,47.8,16.5,30.3,105.8,51.8,53.2
City909,662435,1818.2,45.4,461.7,65.2,51.2,41.1,39.3,75.9,40.5,31.5,235.9,45.7,60.8
City910,5545828,83.0,34.3,613.3,37.9,60.0,26.9,34.6,56.1,39.4,12.6,123.2,33.8,79.9
City911,174400,448.9,50.6,551.1,54.3,60.1,54.5,55.6,69.5,61.3,41.0,302.3,57.5,76.7
City912,364692,220.5,21.1,715.3,16.7,35.9,25.4,21.9,56.9,29.3,23.4,152.0,48.1,81.7
City913,380460,1106.7,62.2,622.9,53.6,77.7,58.4,55.6,71.0,68.4,49.7,298.8,44.4,53.0
City914,2442260,398.3,39.9,471.5,45.8,49.6,54.0,39.9,66.7,33.7,24.2,232.4,34.3,67.8
City915,234822,184.6,48.8,590.7,62.0,63.0,52.0,65.4,69.9,57.3,72.7,309.8,45.2,85.6
City916,396578,83.7,63.1,455.7,64.9,70.4,62.3,63.2,82.9,65.8,66.3,367.8,63.0,73.9
City917,628477,637.4,35.5,632.1,36.0,67.3,30.9,33.0,74.1,29.7,36.1,175.8,31.3,83.7
City918,348450,50.0,38.8,808.1,42.1,36.4,29.6,41.5,72.6,44.8,51.1,225.7,29.3,66.7
City919,143629,531.2,45.3,569.7,46.8,56.3,42.9,51.6,68.5,44.4,39.5,192.2,33.0,66.8
City920,352119,65.4,46.5,636.2,47.6,55.0,44.9,46.4,64.3,36.3,44.1,171.9,43.3,59.7
City921,1206319,1099.6,33.5,417.0,29.8,48.0,46.3,41.6,72.2,31.3,29.2,175.1,48.6,57.1
City922,63759,296.9,67.3,402.5,65.5,56.7,66.5,69.9,77.1,62.0,44.1,331.3,72.9,80.4
City923,323242,530.0,50.0,420.7,47.5,60.2,49.3,57.3,67.2,55.1,67.0,360.3,72.6,70.4
City924,100692,270.0,29.6,586.7,24.9,54.4,14.4,27.3,56.2,9.0,17.3,138.8,23.3,45.3
City925,1429828,50.0,75.3,408.7,60.3,57.2,73.3,56.3,63.9,61.3,69.0,295.4,51.2,84.7
City926,31810,87.1,21.7,683.8,17.8,17.6,8.7,13.2,53.9,10.5,12.5,132.5,2.2,62.2
City927,122701,548.3,22.3,565.2,49.0,35.1,25.4,18.2,54.1,27.9,33.9,183.8,40.5,46.0
City928,455019,298.9,48.9,459.3,59.1,44.5,49.1,46.3,72.5,55.9,51.3,229.9,43.7,58.9
City929,2401811,1009.5,31.4,550.3,48.2,31.8,15.9,14.1,56.1,29.1,15.4,129.1,21.9,61.3
City930,244739,397.0,42.8,398.8,30.5,45.9,45.6,43.5,67.8,40.2,38.4,241.1,33.5,55.7
City931,123342,76.7,73.3,382.4,43.1,78.4,47.3,57.9,60.6,53.7,68.3,288.0,39.1,72.2
City932,3736350,94.1,58.9,627.6,57.7,50.5,53.1,64.4,69.3,66.0,44.6,237.1,46.5,56.9
City933,35340,276.9,48.1,749.3,43.8,46.9,29.8,38.6,68.2,30.6,26.5,233.0,37.8,52.7
City934,12353,50.0,41.8,488.0,52.4,63.6,47.9,43.5,65.1,46.8,48.7,256.0,34.0,83.3
City935,496838,1822.8,77.0,419.5,61.5,66.4,72.9,64.2,75.0,58.5,55.9,370.6,59.3,72.4
City936,132869,415.8,22.6,719.7,44.4,26.4,21.2,35.0,73.2,18.0,42.3,145.6,49.9,63.3
City937,64233,1066.8,48.4,449.9,48.3,51.3,50.3,50.0,62.6,50.0,48.5,237.1,66.8,50.1
City938,723386,50.0,41.5,499.5,49.9,49.9,43.6,30.5,59.0,30.9,34.9,134.1,22.8,49.8
City939,377498,1089.5,36.5,438.3,34.1,60.7,42.0,44.2,68.9,49.9,45.6,224.8,70.3,76.7
City940,121818,3561.0,60.5,336.3,76.9,69.6,76.1,81.9,73.5,58.2,75.0,390.1,59.0,88.9
City941,44693,50.1,15.4,800.1,45.3,60.0,16.6,25.0,64.4,28.1,32.4,129.0,46.3,70.7
City942,910218,617.5,47.1,668.2,47.7,55.0,31.2,25.1,67.5,31.2,37.6,143.0,34.5,87.7
City943,666824,245.0,31.2,468.9,37.3,64.8,36.9,36.9,57.9,29.0,48.1,256.0,29.6,64.9
City944,233550,50.0,42.1,658.5,24.2,49.3,27.7,15.5,66.4,19.3,30.5,136.2,14.5,49.8
City945,3560073,442.1,6.3,732.9,36.4,31.5,10.6,13.0,54.3,18.7,20.6,77.6,19.8,66.0
City946,59986,665.4,49.0,312.3,57.2,57.0,51.9,54.5,73.9,56.6,44.0,263.0,56.3,87.4
City947,31706,118.9,32.9,653.5,38.9,45.1,42.4,38.5,74.1,49.9,47.0,202.9,21.8,53.6
City948,101857,991.4,62.9,355.0,63.2,63.6,73.3,57.8,72.9,52.6,43.5,318.1,54.6,73.1
City949,251746,50.0,59.4,358.6,48.0,51.1,60.2,45.8,65.7,59.7,47.4,234.0,79.9,67.2
City950,377254,50.0,21.2,600.9,31.8,42.8,26.1,36.9,58.9,16.6,30.6,146.1,37.8,74.3
City951,191428,288.3,38.8,733.8,24.2,42.0,33.4,23.8,56.6,36.7,39.3,149.0,17.5,48.1
City952,439273,252.3,41.3,559.2,33.2,43.7,33.9,27.4,54.8,41.5,25.4,127.4,37.6,78.2
City953,46529,103.6,28.9,669.7,38.6,61.8,36.2,30.8,54.0,42.6,26.2,166.9,31.5,52.9
City954,2025385,646.5,50.5,392.2,37.4,53.3,51.2,37.2,72.7,51.5,33.5,210.0,46.2,57.5
City955,239183,462.7,10.9,594.7,9.9,13.3,6.9,6.5,53.5,21.6,8.0,83.4,30.4,33.4
City956,1282361,685.2,45.1,411.8,59.1,70.5,51.9,45.6,62.9,45.9,45.6,278.1,38.3,63.3
City957,433573,211.1,81.1,227.6,74.5,62.9,73.2,80.3,92.3,68.5,74.8,451.5,60.0,82.5
City958,508619,504.3,53.3,290.5,63.4,43.1,57.9,59.7,64.9,46.6,42.1,329.8,56.2,78.2
City959,595808,143.3,55.2,619.0,48.8,53.1,43.6,42.8,73.6,50.4,64.2,290.6,62.4,54.1
City960,502219,2877.2,23.5,713.3,23.9,28.8,31.6,15.8,68.4,19.3,31.4,130.7,37.4,71.1
City961,659879,92.3,50.9,641.6,46.5,42.4,39.4,36.1,56.3,34.5,65.5,296.2,25.5,66.2
City962,1725130,3060.6,48.2,393.2,45.2,46.9,55.9,38.7,70.0,43.7,45.3,182.3,41.0,55.8
City963,353320,255.2,53.2,454.0,57.5,46.7,54.6,40.8,61.4,36.2,42.8,246.5,43.1,67.1
City964,724042,50.0,54.7,591.3,55.7,47.6,63.1,50.9,72.0,49.4,57.1,259.2,40.4,59.9
City965,236657,1263.6,54.4,622.2,50.7,67.9,38.0,34.8,61.8,51.4,34.0,235.9,26.5,50.0
City966,2015069,284.6,60.4,565.8,59.9,56.5,72.9,65.9,65.6,60.8,63.8,335.5,66.6,65.6
City967,104094,679.5,83.6,286.5,68.8,64.1,70.1,75.3,92.1,75.7,77.7,370.2,76.5,94.1
City968,3339449,1062.8,53.7,363.7,55.2,51.8,67.0,76.0,71.6,54.6,51.4,269.7,56.4,86.1
City969,253667,367.1,37.4,489.8,24.0,39.5,37.3,30.1,61.5,27.2,17.8,133.5,34.6,58.7
City970,36203,120.2,38.1,709.4,43.9,26.4,25.6,43.6,61.3,44.5,35.8,135.9,25.9,84.0
City971,321048,789.1,84.3,523.2,54.3,85.2,62.8,63.0,69.9,78.5,62.7,336.5,61.0,99.1
City972,103417,244.9,52.6,407.2,45.5,41.6,50.7,44.3,72.0,52.6,33.3,233.5,36.6,85.7
City973,870567,557.3,15.3,751.9,42.9,36.5,31.0,18.7,53.1,24.8,43.6,133.5,25.6,60.1
City974,107616,50.0,20.1,614.0,22.7,17.3,9.4,9.6,53.4,20.7,26.6,135.1,28.0,47.0
City975,143679,418.4,45.2,712.3,38.0,55.9,62.9,48.3,80.4,56.0,64.9,321.4,67.0,71.2
City976,19046,113.7,20.5,671.9,35.2,44.4,37.5,30.7,60.2,15.1,41.6,132.9,25.7,54.5
City977,142453,1779.3,19.1,523.2,41.9,28.9,25.5,12.1,45.5,28.0,34.9,120.1,41.6,62.8
City978,10000,516.8,26.5,491.6,49.8,32.8,47.5,36.8,63.0,37.8,62.5,158.3,62.6,55.5
City979,29217,326.3,50.6,481.8,45.7,46.8,32.6,41.1,64.3,45.2,31.8,222.4,25.7,60.1
City980,778076,438.6,64.4,437.7,65.8,61.0,67.5,61.5,78.9,62.1,59.7,257.9,48.2,58.4
City981,806226,73.8,44.9,419.9,62.0,78.0,54.0,63.6,75.8,50.4,59.9,308.7,51.4,56.4
City982,486815,1716.3,40.7,619.1,59.5,33.3,44.7,39.6,67.6,48.9,31.7,215.6,26.0,95.9
City983,69302,2669.5,23.3,729.8,18.9,20.2,30.1,21.3,66.0,20.7,16.8,82.3,12.9,34.3
City984,250998,392.1,61.8,476.5,67.4,69.1,64.8,77.9,74.8,58.9,57.9,321.8,51.2,78.5
City985,266987,1649.9,55.2,362.8,63.5,51.5,60.7,60.4,74.9,68.1,50.0,342.6,50.3,79.2
City986,53012,123.6,79.9,309.6,86.5,69.7,81.2,75.2,79.1,79.3,82.1,372.9,74.3,76.0
City987,2201738,94.0,67.4,447.7,40.9,44.1,56.4,57.2,66.5,53.5,64.0,278.8,74.9,69.0
City988,916490,257.0,46.4,448.3,30.4,31.7,31.8,34.7,63.5,30.8,54.1,247.5,21.1,62.7
City989,196939,412.4,33.3,869.1,29.0,34.2,34.1,29.4,55.4,41.3,33.9,156.4,45.3,69.5
City990,278630,152.5,44.1,436.8,51.8,37.5,59.2,44.8,59.7,58.7,56.4,217.3,65.0,62.2
City991,359236,466.5,53.2,704.3,44.8,74.0,51.7,63.4,68.4,49.5,44.4,254.5,45.6,60.5
City992,15391,353.4,20.7,762.0,13.9,26.5,12.9,21.9,56.6,13.5,18.9,98.5,16.9,45.8
City993,189842,73.8,33.0,497.5,38.8,64.3,30.5,44.4,61.5,37.1,30.7,227.4,52.0,60.8
City994,103282,456.0,19.6,795.2,12.1,36.6,16.3,12.4,59.9,25.1,10.9,83.1,18.1,71.3
City995,66021,689.7,27.3,488.2,54.2,64.0,32.4,38.1,68.3,29.5,29.9,230.4,49.5,71.3
City996,181037,300.6,63.9,586.5,44.7,67.7,61.9,63.1,67.3,51.3,52.2,320.0,62.7,94.0
City997,3324271,975.7,68.3,490.2,42.8,80.0,60.4,52.3,59.8,50.5,36.2,217.2,48.0,89.9
City998,658144,56.8,22.8,776.2,18.5,35.1,23.2,4.5,48.0,4.1,12.6,57.2,39.5,65.7
City999,120613,429.0,58.7,425.7,46.1,66.9,48.4,47.8,68.8,44.0,37.5,205.2,50.6,55.9
City1000,598161,60.1,26.9,593.4,28.5,48.5,23.2,26.7,50.0,11.0,32.3,186.7,13.2,45.2
City1001,1903295,64.3,25.8,746.4,39.0,40.1,17.3,22.1,60.2,23.0,29.9,68.1,39.7,63.1
City1002,979196,114.8,67.6,695.2,58.6,38.7,43.8,57.2,64.6,50.5,44.8,303.3,66.0,81.0
City1003,291700,79.0,30.1,585.8,37.7,49.4,34.0,41.6,57.0,29.5,47.5,177.0,37.6,57.7
City1004,108476,126.8,26.1,596.6,24.2,38.1,21.7,23.7,51.0,14.4,18.4,169.7,32.7,55.9
City1005,713196,189.2,48.7,507.9,49.2,63.0,34.0,50.9,66.5,40.0,45.4,194.1,52.7,55.0
City1006,465505,668.2,39.4,568.1,43.3,51.0,46.6,44.9,55.6,49.2,66.7,226.0,56.4,56.3
City1007,939657,166.4,19.6,645.3,18.4,31.6,15.5,27.3,48.3,17.8,14.1,88.6,41.3,62.1
City1008,652940,50.0,42.4,511.7,35.2,58.5,36.8,45.3,73.2,47.5,46.1,184.8,38.0,77.4
City1009,1166331,961.1,54.7,356.8,45.4,64.5,48.7,38.2,68.9,36.9,58.9,255.3,58.9,61.6
City1010,126838,89.6,57.5,532.8,53.8,55.3,54.7,65.9,72.0,54.3,62.7,307.7,47.1,74.2
City1011,1696964,228.0,65.6,378.3,53.1,80.6,72.6,71.0,75.1,74.6,59.0,307.8,77.1,69.6
City1012,353853,418.2,46.7,698.9,26.6,68.5,33.9,33.5,52.9,38.3,59.3,252.4,31.0,54.5
City1013,4903036,310.9,63.3,334.5,51.0,40.9,46.3,47.3,64.1,44.5,37.3,251.7,66.3,60.9
City1014,102246,909.6,49.2,484.3,50.7,51.2,38.3,27.6,55.4,25.4,49.7,146.2,22.9,90.9
City1015,3049076,434.8,32.0,774.4,65.5,46.4,51.0,34.0,63.9,29.6,41.8,210.5,43.7,74.3
City1016,354008,87.0,66.8,430.0,45.6,58.2,64.8,55.8,65.7,50.5,60.7,263.8,46.4,67.8
City1017,107798,3341.8,51.5,498.0,53.1,48.4,52.8,70.7,70.7,54.9,63.1,265.7,60.7,75.4
City1018,136292,309.0,60.2,424.9,48.9,41.7,46.2,49.8,72.1,52.8,38.2,332.5,60.9,75.1
City1019,171358,205.0,76.3,418.6,53.7,55.7,58.5,65.7,85.9,47.5,49.2,338.1,39.9,78.9
City1020,485936,778.0,40.6,637.3,47.0,52.9,51.3,38.0,72.6,25.3,46.1,218.0,34.2,70.5
City1021,557919,330.1,15.4,532.9,21.2,21.8,23.6,22.1,60.2,22.6,32.3,85.1,15.6,37.3
City1022,120188,395.1,46.0,503.7,37.1,40.0,38.1,35.9,62.9,34.0,31.2,158.4,41.5,45.6
City1023,259342,4868.9,28.4,464.1,30.8,58.0,42.2,46.1,55.5,25.9,45.1,196.6,46.9,77.5
City1024,5385272,175.9,38.9,406.0,37.3,60.0,40.1,49.6,59.8,51.9,49.1,261.0,43.4,96.6
City1025,3013342,167.1,40.3,548.6,43.6,25.6,25.7,37.7,67.4,30.3,25.1,112.9,25.6,42.3
City1026,494277,281.4,37.9,406.1,46.9,36.1,49.5,40.9,71.2,40.0,38.7,318.0,64.6,74.3
City1027,283000,885.2,53.2,564.1,49.0,54.7,41.2,40.4,65.0,45.1,36.7,247.1,53.9,60.4
City1028,317439,50.0,67.2,363.2,54.5,66.8,46.5,54.2,63.5,47.8,53.2,301.4,54.4,74.6
City1029,633442,50.0,37.3,380.3,52.2,52.2,35.5,50.4,63.9,38.1,45.9,198.5,35.5,74.6
City1030,64092,121.0,0.0,614.9,25.2,17.3,14.6,10.5,52.2,7.0,25.9,107.7,16.8,54.2
City1031,187151,50.0,31.8,405.8,43.5,42.9,35.2,29.6,68.2,33.5,33.3,221.0,46.9,67.9
City1032,25951,147.0,42.2,609.0,30.7,29.8,37.6,35.1,55.7,50.1,24.1,128.8,55.4,71.4
City1033,469260,447.2,98.4,284.5,61.4,81.7,84.0,77.8,90.2,83.6,58.5,388.7,66.7,92.1
City1034,664024,84.0,57.8,354.7,49.4,54.3,59.3,67.6,64.6,45.2,48.5,343.5,47.1,82.2
City1035,136426,50.0,49.3,630.1,34.1,30.6,33.2,41.5,61.9,40.1,43.8,247.3,53.4,68.4
City1036,2430436,265.9,59.4,462.4,50.0,61.4,51.0,63.1,74.4,54.5,47.2,271.6,67.3,65.4
City1037,48239,688.9,28.4,507.1,22.0,33.3,28.4,26.6,57.0,28.5,26.7,137.3,48.6,62.5
City1038,34540,50.0,37.1,607.0,44.1,43.6,33.5,38.8,59.1,33.2,44.3,194.6,42.3,68.6
City1039,367409,654.8,44.6,650.9,53.9,52.8,54.6,46.3,66.2,32.3,35.1,205.7,63.0,51.7
City1040,1162330,652.5,68.9,333.2,65.2,77.3,68.1,71.0,73.1,70.6,68.4,371.0,63.1,85.1
City1041,2834847,768.9,19.9,608.0,21.0,30.1,16.4,12.6,46.6,26.7,33.2,135.5,20.0,55.7
City1042,141147,1055.9,45.2,472.4,56.9,65.8,54.6,59.2,70.1,67.9,69.1,292.1,43.6,67.8
City1043,1214876,3437.2,53.0,428.0,48.1,60.6,45.5,48.6,63.5,45.5,42.0,292.2,52.2,59.1
City1044,254253,159.6,22.2,636.9,25.2,40.6,32.7,18.6,60.3,26.6,22.6,186.6,37.6,65.9
City1045,210727,279.1,82.5,439.0,63.3,87.2,63.0,69.3,76.2,72.2,62.4,378.4,56.9,79.5
City1046,924606,148.5,66.7,388.3,44.0,48.7,56.8,50.7,59.8,43.0,64.3,281.3,50.8,70.7
City1047,668807,245.3,54.9,607.2,48.5,63.4,46.9,53.7,72.3,55.8,50.2,286.3,43.9,83.3
City1048,29526,1539.9,56.0,413.4,62.1,35.3,57.4,51.0,66.3,35.0,50.9,212.0,47.0,87.6
City1049,2120487,50.0,46.0,458.1,51.4,67.1,47.8,46.2,60.0,61.4,57.1,349.8,36.4,71.6
City1050,1852650,87.1,25.7,641.9,48.9,23.2,30.5,21.8,65.7,34.0,40.7,180.6,20.7,53.9
City1051,111771,1277.4,52.5,370.3,50.2,56.6,50.7,52.2,76.4,55.0,67.5,285.4,65.3,59.9
City1052,467018,832.2,68.3,302.5,55.2,48.5,64.3,57.5,74.3,75.0,68.3,296.8,62.4,58.3
City1053,535867,158.3,30.5,494.3,38.5,67.8,32.2,27.9,63.0,41.5,48.7,165.1,39.4,69.1
City1054,386521,682.2,55.2,687.6,52.0,57.8,55.8,44.8,72.2,45.5,49.5,221.8,43.1,71.5
City1055,124190,368.5,41.3,608.1,29.5,37.5,30.3,32.9,63.1,23.6,40.2,219.9,44.0,66.5
City1056,104791,1480.8,53.2,611.1,57.1,36.5,48.7,42.3,54.4,45.2,43.1,235.1,32.1,71.7
City1057,258907,267.6,42.3,549.9,33.7,37.6,30.8,18.0,57.3,31.6,27.8,131.2,25.2,52.3
City1058,1385845,837.8,30.0,745.9,43.5,44.3,30.3,32.1,46.7,42.6,47.3,186.9,17.7,68.6
City1059,574376,5827.9,27.6,698.7,24.8,58.8,31.9,43.8,71.4,37.9,40.5,144.0,24.7,53.2
City1060,159713,501.6,44.4,555.6,51.0,42.7,33.1,36.0,57.4,45.9,30.2,212.1,52.9,74.9
City1061,790466,259.6,33.0,540.9,33.5,53.6,23.9,15.6,52.2,44.2,20.1,122.5,55.0,75.6
City1062,10000,582.3,50.9,503.6,59.9,49.0,51.1,42.7,73.5,55.5,70.6,219.6,48.7,71.2
City1063,1340123,157.9,16.7,646.2,21.1,28.0,21.2,20.6,61.6,26.2,44.9,126.2,41.5,57.0
City1064,23491,4296.5,51.5,587.5,46.8,49.1,44.0,50.3,60.4,48.9,61.9,216.9,40.6,71.0
City1065,161552,303.7,51.0,555.3,49.8,57.7,53.8,59.1,74.3,51.3,39.6,328.2,54.0,66.8
City1066,55963,176.4,35.5,607.3,33.8,49.3,23.8,34.9,60.5,31.4,34.5,203.7,49.1,41.5
City1067,43802,89.8,54.9,381.4,55.5,73.5,54.6,57.4,77.8,50.3,53.2,397.5,66.3,86.9
City1068,1362943,912.9,30.7,533.6,52.5,54.1,40.3,39.2,64.8,47.6,34.1,190.8,46.5,68.8
City1069,139416,692.7,33.8,525.7,45.9,47.5,39.2,49.2,65.3,52.8,51.0,166.9,42.5,75.7
City1070,435872,134.7,55.1,276.9,38.9,40.5,53.3,57.2,61.8,49.8,71.3,303.3,59.1,65.6
City1071,251276,488.7,56.7,455.1,53.6,70.5,48.0,63.6,74.3,59.4,63.3,269.8,41.6,71.5
City1072,523272,50.0,58.2,599.4,56.1,50.3,40.6,48.5,56.5,47.8,48.2,208.7,55.4,71.5
City1073,298806,305.5,10.9,576.3,44.1,33.7,20.8,20.3,51.8,31.3,36.6,162.4,34.5,43.4
City1074,44525,421.3,34.3,477.9,65.6,49.9,55.6,42.5,64.5,40.4,46.2,300.1,47.6,62.4
City1075,1082488,1898.5,18.1,901.6,18.7,42.9,15.7,18.8,42.5,11.2,7.4,69.1,17.6,46.8
City1076,134422,97.0,21.6,661.3,48.1,36.3,21.4,19.4,59.9,20.2,29.1,155.7,48.0,47.9
City1077,30357,52.8,19.5,729.2,26.9,55.7,18.3,26.1,54.9,18.7,25.8,65.5,9.2,49.6
City1078,147360,83.6,54.5,429.7,52.6,54.6,40.5,50.0,72.9,61.8,44.5,248.2,65.7,59.6
City1079,2193620,50.0,42.4,515.5,50.9,38.2,31.1,40.5,57.6,26.8,32.7,180.8,44.7,56.3
City1080,882320,1216.8,66.0,577.0,54.0,49.2,47.2,38.5,72.9,55.8,48.3,301.7,52.0,63.0
City1081,164701,1569.3,33.5,647.5,35.7,27.5,23.4,26.7,70.8,10.9,12.3,158.9,38.5,81.3
City1082,164561,359.3,39.1,548.3,27.6,51.2,36.8,24.8,56.5,26.2,26.8,213.2,24.6,60.8
City1083,171049,1059.5,23.8,789.7,30.4,39.7,30.1,20.2,47.5,17.2,16.2,168.1,41.1,41.9
City1084,4913254,287.4,72.3,343.2,48.7,76.2,71.8,61.8,83.6,67.6,70.7,314.4,58.3,75.0
City1085,458039,218.3,22.4,787.0,53.3,36.3,26.2,29.4,54.2,27.1,20.4,157.8,30.8,48.8
City1086,489949,164.1,27.2,769.7,51.5,66.0,23.9,28.3,54.2,39.7,37.2,180.2,23.2,78.1
City1087,1135287,168.6,67.6,435.6,63.6,62.0,53.3,54.6,72.4,68.7,57.5,371.0,44.0,65.6
City1088,374858,50.0,55.7,636.0,52.8,58.8,36.8,41.2,64.3,42.5,42.6,260.9,46.6,55.4
City1089,186715,336.0,39.2,637.2,51.0,45.8,46.0,39.6,63.0,51.2,50.2,244.2,47.5,58.3
City1090,203843,233.1,25.7,597.4,33.2,28.2,27.2,23.8,62.3,32.0,35.5,118.3,28.7,47.6
City1091,242742,598.5,49.2,681.8,43.2,48.1,45.3,44.4,67.7,38.7,63.4,244.1,65.1,60.4
City1092,254712,273.8,38.3,747.6,42.7,33.8,30.5,33.6,58.2,21.7,23.1,207.6,48.2,50.0
City1093,743170,201.3,44.6,519.2,39.0,44.1,45.1,42.4,59.7,62.7,57.3,229.7,44.5,54.8
City1094,288579,86.0,61.8,474.5,57.0,62.2,55.2,53.3,64.5,49.3,64.1,237.4,65.7,60.3
City1095,748402,266.8,57.0,383.3,34.9,53.8,44.6,54.8,57.8,59.3,54.9,210.7,38.1,57.4
City1096,239664,593.4,61.9,436.7,72.7,56.7,67.2,77.2,72.1,64.6,82.1,298.1,70.0,90.7
City1097,299565,62.1,60.4,552.0,45.9,58.5,50.2,47.1,76.4,51.9,48.6,335.7,66.9,66.0
City1098,16358,271.8,31.4,576.7,40.6,30.0,30.6,32.0,53.5,29.3,33.8,144.7,56.9,52.8
City1099,967875,323.6,82.1,396.6,72.3,56.4,69.9,77.8,71.3,58.3,62.1,319.6,76.6,69.4
City1100,435863,103.4,12.2,717.4,26.4,29.5,17.8,15.0,50.9,18.6,20.8,77.9,8.3,34.7
City1101,1085134,120.9,38.7,473.6,45.2,30.8,31.9,31.8,69.4,27.9,56.2,158.3,32.3,72.8
City1102,10000,322.7,43.7,476.2,49.0,68.3,45.3,44.9,63.0,57.6,65.6,221.4,67.2,57.3
City1103,4993884,62.8,44.5,659.7,50.7,57.4,41.5,51.0,65.6,45.3,47.8,326.0,63.2,101.1
City1104,220703,372.4,12.7,697.7,25.9,19.7,4.0,9.6,53.5,7.3,20.5,103.0,44.5,65.3
City1105,1266105,83.6,29.3,410.8,36.4,49.6,34.6,37.4,65.7,36.7,18.8,209.2,41.4,76.8
City1106,62575,876.1,42.2,483.4,48.3,67.1,55.6,45.5,66.9,59.0,44.3,206.6,37.4,50.6
City1107,632783,4045.6,36.1,642.3,50.9,56.2,43.8,40.6,69.6,36.3,30.8,257.1,30.9,80.5
City1108,61403,87.1,53.5,573.7,64.9,56.7,67.9,61.7,74.3,67.9,74.3,266.6,45.3,56.7
City1109,112052,464.5,43.5,616.9,25.9,50.4,29.8,41.9,54.6,29.9,33.3,165.2,51.5,56.5
City1110,3912330,102.3,69.9,410.9,68.2,59.9,74.2,63.2,72.9,57.8,52.0,308.3,43.9,66.4
City1111,205467,853.3,46.8,768.5,46.9,31.5,26.4,35.4,58.9,24.9,31.6,150.7,34.9,90.2
City1112,363816,53.6,51.7,496.2,69.1,58.2,59.4,59.8,80.8,50.6,42.7,270.2,67.6,66.2
City1113,907178,435.6,25.4,511.7,30.3,33.7,22.4,36.8,49.0,28.3,23.5,136.0,47.3,44.6
City1114,537108,85.8,91.5,180.1,64.7,66.7,81.4,80.0,89.9,72.9,70.6,395.9,74.1,79.9
City1115,331236,190.9,27.2,608.1,46.0,30.1,34.3,30.0,72.8,45.3,30.6,170.1,18.4,70.1
City1116,447282,71.0,64.0,297.7,60.2,50.6,61.6,70.0,71.9,54.3,66.5,370.7,73.8,90.0
City1117,7762242,656.4,49.0,569.9,41.7,44.6,40.2,40.1,54.4,37.3,40.5,226.3,23.7,74.9
City1118,247541,89.6,84.4,413.3,65.8,53.7,70.1,70.8,82.4,65.2,77.0,382.9,82.7,98.9
City1119,355591,474.5,18.0,698.1,25.1,42.4,31.4,20.3,66.1,24.9,36.7,108.8,22.9,51.9
City1120,1168131,161.9,60.4,385.6,57.5,60.2,50.2,62.1,68.7,48.4,51.4,303.1,47.9,76.4
City1121,1261404,213.3,69.8,239.7,79.3,85.3,77.1,91.5,78.5,62.5,60.8,415.7,76.8,99.3
City1122,1413871,292.2,62.8,469.9,55.1,42.4,44.9,46.0,66.1,36.8,27.7,225.9,24.8,97.2
City1123,656200,98.1,42.2,466.2,45.4,38.4,51.4,46.9,82.5,41.9,47.0,296.0,37.0,54.2
City1124,54165,315.0,36.5,480.3,41.6,25.1,31.9,29.6,63.9,31.7,32.9,222.7,64.3,42.2
City1125,2641359,1535.2,8.3,784.6,40.1,20.4,5.4,23.8,56.3,31.1,24.0,133.9,31.3,62.1
City1126,53912,96.2,27.1,706.0,32.0,31.1,20.7,18.3,64.6,31.9,25.3,71.5,24.3,48.2
City1127,409908,998.4,70.8,409.0,46.8,78.9,64.1,68.5,64.0,52.0,52.8,299.2,51.5,59.4
City1128,93340,1476.9,43.7,759.2,32.7,54.0,35.6,38.2,77.2,24.8,27.9,201.7,53.9,82.5
City1129,245292,91.9,21.8,501.8,21.7,29.5,27.2,24.7,64.6,24.3,17.0,227.2,16.0,36.4
City1130,425179,50.0,96.8,164.4,95.0,92.3,88.4,82.0,86.9,83.5,66.9,419.1,79.8,120.0
City1131,420794,351.6,11.2,745.5,36.1,39.4,22.8,28.6,46.5,17.3,41.8,140.9,32.1,53.2
City1132,484411,126.9,22.8,575.9,35.5,38.6,23.0,36.6,53.6,31.6,32.7,196.6,29.7,84.9
City1133,2569432,2303.8,10.1,791.7,12.5,14.1,3.7,15.9,53.1,6.2,5.1,25.0,13.6,35.7
City1134,506332,255.1,27.4,666.3,31.3,23.4,22.6,16.5,64.4,22.4,18.8,130.0,13.2,79.0
City1135,190647,93.4,80.1,560.7,48.3,80.6,63.4,62.1,74.0,56.1,75.8,392.1,54.8,92.3
City1136,1034803,61.8,25.9,469.1,30.7,29.9,32.5,39.3,70.6,36.2,24.7,154.0,42.8,60.1
City1137,1418710,905.0,48.3,337.2,56.8,69.5,50.6,52.8,74.3,62.5,38.8,351.4,48.6,82.9
City1138,48114,123.3,57.7,341.9,54.6,50.2,55.1,58.9,67.2,60.8,64.7,277.7,76.4,60.7
City1139,619309,257.9,31.2,595.1,36.1,39.0,24.0,29.2,61.9,41.8,40.0,216.8,41.7,58.7
City1140,716147,770.4,35.5,538.0,35.4,26.7,21.6,30.7,59.9,18.2,34.2,89.5,37.4,42.4
City1141,176912,136.9,40.7,567.1,49.8,71.1,50.1,46.8,58.0,41.1,41.4,166.6,49.0,69.3
City1142,1841313,231.6,53.8,454.4,57.1,62.8,50.8,46.6,76.6,40.6,48.8,229.9,53.7,71.4
City1143,217493,239.9,58.6,438.5,55.2,50.8,52.3,46.1,69.8,49.2,47.6,238.9,48.1,60.9
City1144,319913,555.6,88.9,401.3,66.5,77.3,74.1,75.3,80.2,63.5,77.5,420.0,68.4,89.7
City1145,210596,497.2,83.6,270.4,61.9,88.5,83.9,77.0,79.8,86.7,82.1,398.6,93.2,95.0
City1146,274254,187.9,55.9,377.7,42.2,41.4,49.6,45.0,73.5,33.4,42.2,206.6,51.2,55.0
City1147,57827,264.1,40.3,537.5,38.3,61.9,35.1,33.7,73.2,39.0,28.9,171.1,40.8,63.0
City1148,35736,156.6,14.0,589.2,19.5,52.0,33.0,26.5,53.4,18.9,32.2,122.5,40.2,53.3
City1149,2501264,50.0,70.2,368.6,77.9,66.0,71.9,67.3,77.3,74.2,66.8,397.2,49.7,71.6
City1150,81981,333.3,34.8,583.5,29.0,37.0,31.6,42.1,55.1,34.6,32.1,163.1,21.8,61.0
City1151,66973,2370.0,63.7,427.4,55.4,75.5,46.0,51.4,82.2,42.8,59.9,331.9,61.9,95.4
City1152,13164,84.7,61.4,617.7,39.6,62.3,61.3,54.1,61.4,43.7,42.7,230.7,43.4,67.7
City1153,109694,96.8,24.6,718.9,36.0,32.7,21.4,24.7,55.7,50.4,32.8,115.2,29.9,80.6
City1154,42094,86.1,44.6,406.5,46.8,44.7,44.5,55.9,56.3,37.4,41.9,220.9,38.0,71.8
City1155,2673291,583.8,26.7,494.5,53.0,60.7,33.0,31.6,64.0,43.4,37.9,246.2,20.8,57.5
City1156,1103220,419.1,21.6,512.7,57.4,28.2,23.9,38.8,57.9,20.2,29.2,126.8,25.7,67.4
City1157,102394,202.3,32.7,886.1,32.6,29.2,28.2,33.5,47.3,37.4,33.4,163.0,50.3,58.0
City1158,6283326,81.3,47.7,423.3,52.4,43.1,55.5,49.4,66.9,55.0,48.2,303.4,61.8,87.7
City1159,1060734,273.4,43.1,773.5,52.6,32.2,26.8,40.2,68.3,24.4,20.3,135.2,22.4,47.5
City1160,170286,50.0,24.0,679.8,40.8,49.4,26.9,23.4,62.3,36.6,17.7,133.7,34.2,56.8
City1161,10000,290.6,21.7,540.1,38.0,56.3,27.5,41.5,58.1,29.2,23.8,242.5,30.6,65.4
City1162,6631354,696.3,51.4,509.6,40.0,43.7,35.5,44.7,72.5,38.8,56.3,214.6,30.0,59.8
City1163,38353,54.5,66.5,264.7,74.2,53.6,68.3,74.8,82.2,54.3,71.8,409.1,59.9,90.8
City1164,26807,50.0,28.7,475.0,34.2,49.1,40.2,36.6,66.2,37.2,48.4,145.4,22.4,62.8
City1165,1123094,1628.4,27.5,581.2,48.3,45.2,43.3,43.6,57.3,41.0,37.8,197.8,53.6,59.7
City1166,8167336,117.4,71.0,520.4,60.5,52.8,74.1,67.8,75.8,70.1,69.6,384.9,60.8,85.2
City1167,1863527,956.4,31.0,772.2,37.5,47.4,24.6,43.8,54.2,23.6,27.4,174.2,44.0,70.3
City1168,590941,203.4,18.2,735.1,20.5,34.4,35.5,31.2,65.6,13.0,25.1,146.3,19.1,42.9
City1169,617019,201.5,39.0,441.7,38.5,26.5,32.5,41.2,51.3,30.2,53.7,231.9,46.2,58.5
City1170,886274,414.1,58.4,777.8,51.0,45.8,50.5,59.7,67.2,40.1,48.4,210.1,56.8,54.2
City1171,776459,84.7,27.9,683.8,35.8,50.4,24.1,30.6,53.1,31.0,56.9,163.3,47.6,45.0
City1172,397785,286.9,51.4,463.1,38.2,51.1,42.3,45.0,62.4,36.0,39.0,235.2,44.8,56.3
City1173,310482,154.8,61.0,453.4,64.0,47.0,54.5,59.2,69.6,47.4,60.8,243.9,57.0,77.2
City1174,245823,50.2,36.6,400.0,47.2,50.2,49.1,44.4,67.6,54.0,45.4,218.4,47.6,48.5
City1175,93381,366.9,3.7,814.4,29.9,34.0,12.9,20.8,44.4,20.8,31.9,31.1,13.4,55.4
City1176,181145,178.4,60.8,559.0,57.2,72.3,65.7,63.3,81.7,55.5,51.8,291.3,65.2,71.1
City1177,25080,202.7,18.9,822.8,32.7,28.8,23.0,22.2,61.1,28.3,14.5,165.0,14.8,37.1
City1178,233824,57.3,30.1,583.3,30.8,36.4,41.9,34.5,69.4,21.7,25.4,220.0,41.7,89.3
City1179,67236,1651.9,55.3,643.0,47.8,66.6,49.5,44.6,61.6,48.2,43.2,208.7,44.6,89.4
City1180,57238,700.7,54.6,571.1,40.1,64.0,46.7,60.1,71.8,36.6,57.7,288.4,58.5,60.9
City1181,345190,778.2,82.0,307.0,73.4,88.3,74.8,87.4,91.6,72.6,72.7,398.9,70.4,65.1
City1182,1883803,169.6,30.1,634.8,37.3,45.9,24.1,31.3,48.0,15.8,29.1,150.0,23.7,48.5
City1183,970574,50.0,50.6,661.7,43.7,46.8,43.6,44.2,60.6,41.9,46.0,227.8,38.1,72.0
City1184,29771,2549.1,50.1,596.0,56.1,68.3,50.5,47.6,63.1,46.5,43.0,282.0,56.1,75.1
City1185,67139,227.4,26.5,581.2,33.0,35.3,26.5,28.3,62.6,35.7,30.9,155.5,40.4,91.2
City1186,1001570,99.6,63.4,473.5,71.8,66.8,76.9,75.8,70.3,50.9,57.2,403.4,56.4,86.3
City1187,67813,403.5,48.6,687.5,36.3,40.0,28.6,46.7,77.3,26.4,53.2,232.0,31.2,46.8
City1188,195930,992.8,45.5,393.3,46.2,38.9,53.8,52.2,70.8,38.8,69.1,249.6,50.3,66.4
City1189,579588,238.0,57.4,351.0,54.0,74.5,59.3,59.4,78.1,63.0,73.2,329.6,78.5,82.3
City1190,69169,1134.9,55.9,419.4,38.0,59.5,62.8,45.7,68.6,53.1,58.4,239.1,50.9,71.1
City1191,310993,897.5,43.7,538.9,51.8,45.1,47.2,56.6,74.1,66.8,69.3,257.1,50.2,72.2
City1192,41455,67.2,8.8,807.8,13.2,32.3,20.7,4.0,55.7,10.8,29.2,47.1,38.0,44.7
City1193,115622,109.0,20.6,598.3,38.6,40.4,17.9,30.5,54.5,25.5,34.6,121.1,24.1,48.4
City1194,419867,772.0,48.3,491.3,51.5,43.1,63.2,44.6,65.5,43.6,41.2,257.9,73.9,66.7
City1195,28848,50.0,32.4,429.1,44.4,57.7,35.5,39.7,68.1,31.2,43.4,253.8,45.3,87.3
City1196,497158,204.5,53.3,593.5,51.4,68.6,46.4,60.1,62.9,66.7,56.8,271.0,72.6,69.6
City1197,261060,50.0,24.0,552.5,41.3,39.9,15.0,25.7,64.4,18.3,14.4,133.3,17.1,53.3
City1198,581569,138.1,11.4,576.9,43.6,38.7,19.9,27.9,50.4,30.2,35.6,174.0,43.6,57.2
City1199,367133,171.0,6.4,566.2,25.6,20.5,20.3,13.9,52.3,22.7,9.3,115.3,5.0,62.6
City1200,1811736,159.2,78.9,391.6,67.3,57.0,69.8,64.7,85.0,63.4,68.9,422.2,69.0,82.2
City1201,319756,126.1,67.1,584.9,56.6,64.3,64.0,68.9,75.7,57.5,68.4,312.8,64.7,64.8
City1202,147094,65.6,28.0,624.5,22.0,48.5,22.1,26.4,53.1,32.0,30.1,116.0,41.1,62.0
City1203,318448,3828.7,40.8,553.6,42.5,56.1,42.9,38.8,58.4,33.3,39.5,220.9,37.9,50.7
City1204,574133,2300.7,53.5,727.4,38.2,61.0,31.4,39.3,57.9,35.0,51.3,160.5,42.4,85.4
City1205,287335,60.7,22.3,468.8,20.9,29.5,33.5,19.8,52.7,23.8,34.5,121.1,22.3,66.2
City1206,284028,1633.6,41.7,669.3,19.2,50.4,21.8,17.7,68.4,32.4,44.1,124.1,12.5,62.5
City1207,100429,151.5,18.6,610.9,44.5,46.4,25.3,26.7,64.5,13.6,28.5,195.2,36.3,70.3
City1208,106078,285.7,68.7,564.2,49.3,77.4,52.9,60.4,65.3,54.4,76.6,317.2,59.2,96.3
City1209,37659,226.8,75.2,546.4,75.5,58.8,58.7,61.7,68.2,76.5,63.3,396.8,58.7,73.9
City1210,3107743,110.9,63.0,386.2,51.8,55.6,62.6,58.9,76.9,51.2,61.5,317.6,45.1,57.1
City1211,47032,796.8,49.1,614.3,50.8,35.6,48.6,44.1,69.4,55.2,43.2,192.6,32.8,73.9
City1212,101715,284.6,13.9,539.4,29.3,49.1,28.4,29.2,59.3,15.6,50.6,123.5,36.5,57.8
City1213,98147,138.1,43.6,579.9,30.7,57.8,32.3,38.1,53.3,48.2,53.6,213.6,27.2,48.5
City1214,939303,51.1,64.2,465.8,78.3,72.3,74.8,70.8,73.6,75.5,65.9,348.7,45.8,98.5
City1215,177561,83.7,49.2,457.0,50.6,46.6,61.4,52.3,66.9,52.4,55.9,292.1,44.2,72.1
City1216,1539300,50.0,18.3,771.6,41.3,34.5,15.9,15.6,45.9,16.0,20.5,62.4,17.0,62.5
City1217,104517,248.3,48.1,490.7,34.9,61.6,40.3,40.7,56.2,58.1,42.9,208.9,57.2,71.9
City1218,396563,58.2,13.3,705.7,36.4,35.5,14.9,12.4,59.5,35.0,32.7,170.7,30.4,54.5
City1219,83325,177.9,43.6,553.7,53.0,51.8,48.1,51.0,65.8,57.0,47.6,259.2,42.2,50.7
City1220,5407020,1266.6,33.6,634.7,24.5,35.2,29.7,20.6,53.6,27.1,23.1,209.0,20.6,45.4
City1221,50886,1031.9,40.4,579.6,47.8,27.1,28.8,19.0,66.4,32.8,17.8,151.7,27.2,49.0
City1222,414052,235.4,61.4,483.9,44.3,46.3,47.9,50.9,70.4,45.2,71.0,307.0,43.8,70.1
City1223,651666,220.4,14.9,748.6,24.9,18.7,0.8,3.7,45.0,20.0,27.2,38.9,6.6,37.0
City1224,478934,2335.2,36.8,625.0,19.6,41.8,31.3,32.7,61.2,41.6,16.6,184.5,38.4,47.9
City1225,207025,457.1,28.8,751.9,37.7,52.3,14.9,20.6,55.4,15.2,34.3,169.0,18.0,55.8
City1226,223742,165.1,40.6,553.2,48.0,51.6,34.0,30.5,49.8,41.3,29.0,155.5,49.3,60.1
City1227,285311,50.0,54.4,449.5,47.6,56.9,35.6,47.6,59.7,37.2,58.7,186.8,41.0,84.2
City1228,218424,392.5,51.6,392.2,64.9,59.4,67.4,65.9,61.6,54.6,54.4,302.0,60.2,87.8
City1229,1034502,661.9,69.0,641.7,57.5,59.0,64.6,64.7,73.3,67.8,71.3,320.4,48.8,72.2
City1230,5925242,114.7,62.9,388.7,36.4,58.6,50.4,44.9,71.1,52.7,40.7,235.1,48.2,57.9
City1231,122947,347.0,54.6,359.7,64.4,65.5,56.6,50.6,79.7,48.6,60.9,358.7,76.6,94.0
City1232,39429,158.2,33.8,744.4,51.7,53.7,28.3,30.2,61.8,26.5,28.0,121.1,16.7,69.6
City1233,237139,196.2,8.0,650.0,25.4,33.9,12.9,7.1,50.8,12.8,11.4,80.0,13.3,44.3
City1234,9935185,50.0,52.7,436.4,33.7,37.0,41.0,37.8,74.8,35.7,42.2,248.0,30.6,65.2
City1235,87103,187.5,40.1,353.6,51.8,35.9,46.7,41.0,58.2,45.9,46.1,237.0,42.6,61.9
City1236,2662466,783.1,34.6,641.3,43.3,35.3,31.8,25.9,57.2,49.9,29.1,180.5,34.8,70.0
City1237,2810241,114.7,29.5,625.2,60.4,38.6,38.0,54.9,64.7,42.6,37.4,236.0,68.4,57.6
City1238,123621,260.6,29.1,495.9,44.5,58.6,34.1,36.6,73.9,49.2,33.6,186.2,57.6,72.1
City1239,595154,98.8,51.5,582.7,37.5,39.5,21.6,26.3,63.1,42.9,26.6,174.5,24.8,48.1
City1240,2622805,377.1,57.2,634.2,49.6,50.8,47.3,57.4,62.7,61.2,38.6,237.1,62.5,46.4
City1241,157821,188.7,53.3,418.3,45.4,59.0,52.7,59.6,71.7,56.0,70.3,316.0,70.8,86.8
City1242,201790,79.3,48.5,390.2,58.5,51.3,53.9,45.9,74.2,48.9,37.5,292.5,69.8,79.6
City1243,118853,1210.8,46.5,615.3,49.1,56.5,56.2,37.6,59.6,50.9,53.6,204.3,56.6,51.4
City1244,64818,746.0,41.8,780.2,29.1,41.7,25.7,35.2,56.8,22.7,35.5,154.5,26.9,75.5
City1245,108121,118.4,8.3,508.3,37.9,33.5,14.7,25.1,46.9,20.2,15.2,116.5,18.1,71.8
City1246,48362,444.7,46.0,461.7,48.5,66.0,38.8,59.6,70.3,42.8,47.4,243.5,42.3,71.3
City1247,281451,466.3,50.6,434.4,53.8,69.5,55.5,52.1,71.1,42.7,47.4,275.1,65.7,72.1
City1248,91311,528.9,37.7,486.3,25.7,26.7,25.5,27.2,50.0,27.3,26.4,104.0,14.8,64.4
City1249,372242,50.0,43.3,492.1,39.4,51.9,47.9,48.1,58.9,50.5,42.5,356.0,61.7,62.4
City1250,30386,818.9,25.7,623.6,46.5,52.9,24.3,18.7,61.5,38.5,43.5,136.5,35.3,57.1
City1251,426442,123.5,71.8,294.5,63.3,75.4,80.8,77.7,97.4,90.1,65.6,415.0,63.7,85.0
City1252,861939,159.3,26.1,691.9,31.7,24.0,27.4,25.5,51.8,32.9,26.1,127.1,36.8,59.1
City1253,16461,5799.1,14.5,533.7,36.1,30.5,25.7,29.5,64.2,30.5,21.8,158.2,33.1,69.9
City1254,453014,351.5,58.4,452.8,54.9,57.9,50.5,65.3,69.5,56.3,47.2,311.2,64.5,71.8
City1255,1496645,153.9,27.8,533.8,41.8,50.9,36.9,24.3,54.0,51.5,43.2,165.0,45.2,44.5
City1256,49340,50.0,64.5,355.2,61.7,57.1,70.5,79.6,76.6,60.0,90.3,354.2,76.3,65.3
City1257,2790137,1296.9,44.2,625.1,37.8,56.7,52.3,49.3,62.1,39.2,41.1,231.5,43.3,56.4
City1258,482447,50.0,58.6,554.6,65.9,47.2,73.4,57.7,70.9,50.2,45.0,363.4,52.0,66.3
City1259,100005,73.4,21.3,603.9,45.1,22.6,20.9,27.0,48.1,35.2,22.9,193.3,20.5,52.1
City1260,248183,164.4,26.7,838.9,48.2,36.6,22.1,29.4,57.9,40.6,24.2,173.2,12.8,62.2
City1261,586341,1339.0,40.8,496.9,34.7,52.3,47.1,38.9,77.2,61.4,53.6,245.5,61.3,51.6
City1262,298464,618.9,45.9,338.5,71.9,49.5,61.6,58.1,69.7,55.0,55.7,334.8,58.1,80.6
City1263,570494,202.5,8.0,775.4,29.9,31.2,11.4,13.7,57.7,18.6,36.8,52.3,30.7,64.7
City1264,73943,354.2,48.2,549.8,71.3,56.8,62.4,64.1,64.4,52.0,51.7,277.4,68.4,59.1
City1265,340137,119.0,37.9,620.7,49.1,60.8,59.7,42.9,58.1,48.6,33.6,194.8,68.3,54.3
City1266,37078,289.3,61.7,465.1,55.1,73.0,51.4,58.8,62.6,38.3,45.2,287.6,39.5,97.1
City1267,229643,267.2,28.4,603.6,48.4,40.1,32.8,25.4,59.1,35.9,31.7,169.6,37.8,46.1
City1268,75699,782.5,68.0,452.4,76.8,61.9,61.0,68.0,71.0,63.4,48.7,390.4,51.8,58.8
City1269,95823,781.0,16.9,543.2,48.1,19.6,25.4,18.2,49.6,10.8,8.5,121.1,23.2,42.5
City1270,1514400,442.6,36.7,330.6,55.4,72.6,45.8,53.7,70.0,49.8,59.3,245.8,59.6,57.5
City1271,1236547,158.4,54.7,406.4,64.9,56.9,67.5,59.3,78.5,56.1,43.9,306.0,70.6,80.1
City1272,629570,596.0,22.4,671.1,34.8,33.8,20.6,24.9,57.6,13.5,14.4,116.4,47.7,56.2
City1273,58148,219.1,6.0,671.3,28.4,41.4,18.3,10.0,56.9,17.8,9.2,92.0,40.1,51.9
City1274,172306,66.8,55.9,421.4,52.0,47.1,53.8,66.6,66.3,56.9,61.4,346.7,51.1,94.9
City1275,1466423,150.8,59.5,546.6,52.9,45.6,61.0,59.2,76.1,57.5,64.8,285.8,65.1,52.2
City1276,327225,270.8,48.1,640.0,43.7,34.1,34.0,44.4,63.8,45.1,28.1,175.6,48.3,70.9
City1277,6900202,729.4,43.2,466.2,52.7,58.6,47.1,39.0,58.3,46.0,39.7,187.6,51.6,48.1
City1278,465396,196.3,49.9,541.5,42.0,36.1,40.3,47.8,63.5,46.7,52.8,265.5,42.8,55.4
City1279,351114,57.3,58.5,459.2,65.5,58.5,57.9,58.7,74.6,49.6,56.1,287.3,49.9,63.5
City1280,174074,261.9,47.3,434.9,41.3,56.7,41.8,39.8,66.3,50.9,46.4,226.6,26.3,51.5
City1281,323500,280.4,21.3,536.2,30.7,42.8,33.9,26.4,54.4,27.9,40.8,177.0,15.4,47.1
City1282,216759,305.8,38.4,887.6,25.9,40.4,29.9,12.9,67.4,22.8,20.3,68.2,13.3,51.6
City1283,723135,737.9,58.9,661.2,73.0,68.0,68.6,66.3,80.0,61.5,75.6,375.6,64.0,61.3
City1284,1024159,831.1,17.4,786.9,37.8,43.0,13.9,24.9,50.1,22.5,23.0,106.6,12.6,38.4
City1285,89287,119.9,64.1,513.9,65.3,66.0,48.5,63.5,75.7,52.5,60.6,360.7,48.3,56.6
City1286,41617,116.8,26.7,574.0,44.3,40.4,32.2,29.6,67.6,28.5,34.7,197.3,26.3,55.5
City1287,20523,70.2,16.1,593.5,40.1,24.8,8.0,2.8,52.3,9.2,13.2,32.0,13.3,74.7
City1288,546444,566.0,64.5,451.0,46.1,44.8,48.8,50.3,62.6,43.1,56.6,218.1,57.9,64.0
City1289,57255,1392.1,50.0,599.7,37.5,47.6,50.7,41.3,65.1,53.8,57.9,192.0,45.4,72.6
City1290,13173,167.7,34.2,609.8,42.2,64.0,38.9,48.4,54.1,42.8,56.4,197.1,38.1,62.9
City1291,462318,183.1,37.2,547.1,34.0,35.5,33.0,37.9,53.2,44.3,29.8,141.6,36.8,55.5
City1292,8799446,1422.5,66.0,494.6,68.8,80.4,68.1,72.4,74.6,65.4,82.6,384.0,77.7,92.5
City1293,266066,448.8,36.1,400.8,32.2,36.9,42.0,58.2,69.7,43.3,49.3,188.4,38.8,70.7
City1294,867948,413.0,36.4,791.6,25.9,60.1,47.2,43.1,52.7,27.6,23.0,214.4,55.8,83.6
City1295,300908,58.6,13.7,680.0,32.7,26.9,33.1,21.2,61.9,24.1,22.4,121.4,28.8,67.4
City1296,233644,552.5,37.3,669.2,17.4,30.9,29.6,22.3,69.6,31.8,24.2,108.2,35.4,45.3
City1297,971607,80.2,51.0,517.9,44.3,64.1,46.8,48.4,63.9,63.4,39.4,206.7,36.5,69.9
City1298,178727,62.8,39.7,548.1,37.0,35.5,32.3,45.0,66.9,35.4,33.1,233.1,24.8,68.7
City1299,390174,161.4,11.7,582.3,14.9,30.2,11.3,19.6,62.8,0.7,12.9,32.2,24.9,45.4
City1300,420995,121.2,37.1,776.4,39.4,26.5,23.9,30.6,52.0,18.9,28.8,148.0,22.2,41.5
City1301,105311,187.6,68.3,435.6,62.1,48.3,56.9,69.3,64.8,68.8,51.5,283.0,57.7,57.6
City1302,1076105,50.0,47.3,506.9,64.4,41.6,48.4,51.8,60.7,47.2,53.0,293.4,46.6,76.2
City1303,210040,773.2,36.6,522.4,42.8,54.6,42.2,27.5,60.5,19.8,26.9,112.2,21.0,62.8
City1304,93149,946.9,70.6,496.6,70.2,74.2,53.8,63.8,81.9,60.7,49.5,326.0,51.8,89.6
City1305,568703,50.0,62.7,455.8,75.1,49.8,62.6,67.2,66.1,58.9,56.3,289.3,60.0,91.9
City1306,76278,791.7,81.0,546.2,55.1,75.4,64.6,70.4,78.8,78.1,62.6,373.0,54.1,76.2
City1307,279135,92.5,61.6,379.1,63.3,50.7,59.1,63.7,81.4,66.6,61.0,331.6,59.0,78.8
City1308,264933,684.3,40.7,490.7,35.0,52.3,36.8,45.3,74.2,40.1,46.1,227.8,30.1,84.3
City1309,1227209,225.4,40.1,364.1,60.5,54.7,50.5,42.4,74.3,41.1,63.0,215.4,55.2,63.4
City1310,521558,253.3,62.0,525.8,44.6,42.1,44.7,57.3,61.1,48.3,45.7,211.8,68.5,53.2
City1311,259098,196.0,52.8,278.8,49.3,66.9,77.7,65.2,69.5,51.9,74.6,338.9,76.1,93.9
City1312,843126,1047.9,39.4,425.3,61.0,49.1,43.0,55.3,58.2,43.9,53.0,263.6,41.5,75.9
City1313,1879075,55.3,18.1,596.3,23.9,39.3,15.2,18.4,47.0,32.8,7.0,102.7,21.7,69.4
City1314,585917,507.5,9.5,580.2,22.3,25.3,6.1,8.5,43.6,6.7,17.1,146.1,26.6,50.9
City1315,272254,917.4,58.5,505.7,45.3,53.1,65.5,59.6,67.2,59.0,61.7,257.1,55.0,97.5
City1316,42763,578.0,25.5,659.8,52.1,51.2,40.7,30.5,61.7,47.6,31.0,190.0,51.8,57.2
City1317,60405,3982.4,51.2,411.9,55.5,60.9,35.0,47.2,75.6,50.8,53.4,200.2,58.8,56.6
City1318,175025,129.7,15.4,811.3,28.4,33.3,23.8,17.2,54.0,30.3,19.1,139.1,21.7,53.4
City1319,114311,771.8,16.2,748.9,35.1,23.5,19.5,22.2,44.9,15.8,13.7,67.7,21.3,33.2
City1320,206538,215.4,57.1,622.5,42.3,46.8,57.0,57.1,75.4,51.0,56.0,289.0,52.6,86.1
City1321,290485,1075.0,82.5,375.5,57.1,56.4,61.3,72.3,86.1,63.1,54.3,338.5,62.3,89.8
City1322,563301,242.4,50.8,508.8,56.6,53.2,48.3,42.4,55.9,30.9,35.2,268.3,27.5,63.9
City1323,243117,153.6,45.8,403.9,35.8,40.9,48.7,45.5,65.2,44.8,52.9,320.7,61.2,68.3
City1324,530249,1173.0,35.2,757.8,44.1,60.3,40.5,36.4,56.6,36.0,53.8,237.4,28.3,90.6
City1325,293685,135.7,55.6,664.4,46.4,45.3,60.5,54.2,69.1,52.9,52.8,246.9,47.1,87.6
City1326,16887,50.0,55.7,518.3,59.1,53.9,56.5,56.2,66.9,61.0,45.8,319.7,72.0,54.5
City1327,72036,131.6,63.5,453.0,62.6,58.0,63.3,70.7,69.7,47.7,55.0,309.0,58.1,82.8
City1328,219317,514.3,40.6,502.0,41.6,46.2,41.6,51.3,62.0,49.6,57.4,236.6,36.5,65.6
City1329,49336,1300.4,39.8,720.3,41.8,31.1,18.4,22.2,53.4,16.0,20.5,123.4,37.5,74.3
City1330,621505,279.6,25.1,625.6,40.0,42.8,42.9,31.1,64.1,50.1,24.9,149.9,39.6,69.0
City1331,2287685,1190.2,47.4,387.1,63.4,78.3,63.4,56.8,76.1,60.7,56.7,358.6,60.6,60.2
City1332,1478097,50.0,44.8,452.0,56.8,37.6,58.4,47.8,71.6,36.2,64.6,291.2,55.1,75.5
City1333,199023,143.8,38.3,618.6,37.6,43.1,37.5,33.5,53.8,29.1,37.2,176.7,30.5,42.2
City1334,2163021,173.1,45.2,718.1,49.3,49.8,56.4,61.4,76.9,44.3,39.5,322.0,34.0,71.4
City1335,330424,213.3,48.6,588.7,36.5,47.6,27.1,31.6,69.6,45.4,51.8,160.7,48.0,40.4
City1336,167389,270.7,37.8,516.3,37.2,43.2,32.4,28.1,57.5,27.7,43.4,144.6,26.8,51.6
City1337,113690,560.6,60.8,446.5,52.8,36.1,52.8,56.0,70.6,67.7,46.1,247.2,54.2,72.7
City1338,175701,143.5,54.9,486.7,49.1,56.6,54.2,48.0,75.2,68.9,63.2,290.9,44.1,70.7
City1339,155834,289.1,12.1,570.8,18.9,36.6,20.4,16.9,63.9,29.8,29.7,111.1,38.6,66.5
City1340,340640,231.8,41.5,691.8,45.9,49.5,54.7,53.5,76.6,55.0,48.0,249.6,31.3,59.8
City1341,335978,80.6,29.3,495.0,38.7,22.8,29.6,34.8,53.0,35.6,25.4,127.9,47.5,46.6
City1342,269484,213.5,29.7,694.3,50.5,66.9,31.1,28.9,74.7,43.6,42.3,121.0,36.5,64.0
City1343,494703,205.9,15.9,627.0,11.3,37.6,18.4,10.1,57.0,9.8,29.6,40.4,6.3,49.6
City1344,1421047,200.7,74.4,468.3,60.9,72.6,65.2,62.0,92.9,76.6,59.7,361.0,59.4,89.1
City1345,1013961,254.2,65.1,335.0,69.7,51.7,64.3,64.5,69.9,64.6,67.0,308.2,67.8,66.8
City1346,33561,268.0,64.9,284.0,52.7,60.6,63.1,70.0,67.8,67.4,58.8,405.8,50.4,62.7
City1347,10000,145.7,50.0,385.8,64.4,75.0,54.6,56.4,66.5,64.8,52.6,239.8,38.1,51.6
City1348,992565,1126.9,30.0,642.2,41.3,54.8,36.7,32.7,66.5,44.8,36.2,197.2,21.0,51.8
City1349,39591,60.1,34.5,384.7,63.9,37.8,38.8,47.7,66.2,51.1,39.1,231.5,54.4,65.3
City1350,195893,103.0,25.9,663.6,17.1,22.3,22.4,20.0,46.4,22.9,33.4,94.8,26.1,53.8
City1351,52148,6877.1,63.5,360.1,48.8,45.5,69.8,63.1,67.1,62.3,55.3,332.3,57.2,82.9
City1352,21530,70.4,48.1,576.0,46.3,42.2,51.9,44.6,59.3,51.7,47.1,209.6,51.0,62.2
City1353,572660,50.0,39.7,527.6,55.2,49.3,38.7,43.7,76.7,48.1,43.0,220.0,53.9,52.2
City1354,776706,590.7,48.2,348.6,53.1,57.0,46.4,57.3,68.6,41.6,63.4,357.9,61.5,91.3
City1355,119716,50.0,36.7,527.1,40.0,45.7,28.9,44.0,52.8,34.8,43.2,134.4,39.2,51.6
City1356,10000,184.5,32.7,576.3,48.7,49.1,27.6,35.4,61.6,18.5,29.8,109.2,49.0,42.2
City1357,124898,3213.1,31.9,568.0,34.5,49.7,19.4,22.3,64.0,17.8,51.1,163.9,53.6,42.9
City1358,464411,50.0,38.3,443.0,49.0,44.5,47.9,30.2,71.2,36.2,27.0,196.0,37.6,61.7
City1359,33844,50.0,40.1,667.5,54.1,39.0,33.4,31.2,61.9,33.1,42.7,142.3,26.0,60.7
City1360,346869,50.0,44.7,699.8,26.0,36.3,51.4,31.6,55.3,33.1,47.1,201.9,26.9,57.1
City1361,262647,719.1,45.6,423.6,43.7,65.8,47.7,51.9,83.5,39.3,63.9,225.0,69.8,76.0
City1362,603805,943.6,75.3,294.0,58.6,86.5,66.4,57.9,68.1,52.0,63.5,289.3,49.0,62.3
City1363,317239,132.3,62.4,412.7,59.5,42.8,55.0,56.6,76.5,42.8,51.1,252.9,57.2,62.2
City1364,68713,555.5,66.1,355.5,54.2,44.9,60.0,57.9,65.7,49.7,70.8,298.9,75.0,93.9
City1365,1432884,1297.6,38.7,412.7,43.9,36.8,47.8,36.1,63.8,29.4,26.6,212.8,60.8,50.5
City1366,214928,2089.8,69.9,640.1,41.5,59.7,53.8,47.4,73.1,41.4,65.4,229.5,62.4,56.5
City1367,258273,182.1,44.1,745.3,32.2,57.2,32.0,30.8,55.6,33.5,45.6,127.5,31.0,65.7
City1368,72651,50.0,82.0,264.5,76.5,66.1,82.5,83.0,78.8,63.9,62.4,387.3,66.8,70.3
City1369,144264,91.4,41.4,496.3,44.7,33.0,45.1,47.4,61.2,27.5,55.3,173.4,53.6,75.5
City1370,77751,146.6,73.8,481.9,74.2,61.3,54.5,67.4,66.0,73.3,69.0,373.5,53.5,72.3
City1371,210633,179.3,54.6,485.6,41.5,52.1,38.7,45.9,69.0,54.7,31.3,244.7,58.6,61.8
City1372,2947275,195.3,37.1,442.3,37.8,45.3,27.6,30.4,65.2,36.6,34.6,209.4,55.2,56.2
City1373,39314,937.0,50.6,496.0,62.2,60.0,41.9,59.6,70.6,54.8,57.8,324.8,44.9,64.7
City1374,28029,1129.3,58.7,279.8,70.6,59.3,63.3,74.1,79.2,66.7,70.0,317.4,55.4,62.3
City1375,2104605,199.1,28.4,713.6,39.1,35.6,23.7,37.4,55.1,22.4,17.3,154.4,30.8,69.9
City1376,200174,914.3,41.7,498.2,44.8,44.9,27.5,27.5,59.8,31.2,30.6,167.6,37.6,51.9
City1377,105166,375.9,19.7,692.7,35.8,51.5,17.3,17.5,47.5,19.1,18.4,75.7,39.9,68.2
City1378,1150683,264.4,59.7,473.7,63.7,43.1,56.0,66.3,79.2,63.5,64.6,353.2,64.9,93.0
City1379,114936,726.2,33.3,537.1,31.6,30.7,20.4,17.3,58.6,18.7,31.4,74.1,16.7,41.9
City1380,3458735,266.9,76.9,332.2,78.8,76.0,78.1,82.7,74.3,76.7,82.8,347.3,81.3,80.1
City1381,693215,2891.0,61.7,470.3,54.9,66.5,67.8,61.9,70.9,50.2,65.4,355.8,53.3,88.0
City1382,135526,50.0,21.4,588.5,31.1,38.7,27.8,24.8,48.6,31.1,30.1,110.6,46.9,82.3
City1383,5499850,131.9,25.2,742.6,43.4,50.1,25.9,40.8,73.7,27.8,25.1,163.9,29.6,67.6
City1384,114920,210.2,60.6,416.6,60.7,68.2,67.9,62.5,83.4,61.7,67.7,297.1,66.7,102.7
City1385,758375,414.6,54.3,487.0,41.6,56.9,48.5,43.8,72.6,57.7,30.2,160.9,37.8,84.6
City1386,407994,1120.5,8.8,666.1,31.7,32.6,13.7,6.8,43.7,11.9,21.6,107.5,22.9,66.6
City1387,1660182,237.6,36.7,739.3,43.0,45.6,34.8,46.6,60.9,44.8,35.2,257.9,48.2,62.6
City1388,2388355,50.0,42.9,496.1,38.0,44.3,43.4,33.4,58.7,43.8,50.3,192.8,32.6,73.9
City1389,280633,672.5,53.9,362.0,63.3,73.9,56.7,51.7,72.4,65.1,44.1,327.7,44.0,78.3
City1390,93453,605.4,21.4,552.9,30.8,27.7,35.6,27.5,53.0,23.2,34.7,124.6,30.6,54.6
City1391,510916,50.0,76.9,269.2,78.8,76.6,79.6,72.2,87.0,67.7,100.0,425.5,94.2,83.2
City1392,103901,243.6,56.2,631.8,60.6,48.2,67.9,54.8,65.7,60.8,77.2,303.3,57.5,90.3
City1393,4496195,50.0,76.2,329.7,57.7,83.9,75.3,81.3,74.7,64.3,71.6,346.5,61.1,80.0
City1394,324859,110.2,39.9,502.3,41.6,55.7,48.8,57.8,71.7,53.6,42.3,215.8,34.0,71.1
City1395,160901,82.8,10.6,613.1,11.5,41.2,0.0,13.9,49.4,10.6,6.9,96.7,4.4,33.9
City1396,347511,646.2,54.9,610.4,37.2,58.8,32.2,51.9,70.1,38.2,21.6,201.9,41.7,64.2
City1397,40701,281.5,53.4,489.0,49.9,48.4,56.2,47.4,58.3,60.1,41.3,250.9,58.3,52.3
City1398,68853,52.3,13.7,686.3,21.2,39.2,10.1,14.3,56.1,17.7,11.3,51.1,22.5,53.0
City1399,1440613,703.5,17.0,671.6,21.8,32.9,7.7,7.8,44.4,31.2,30.3,144.0,8.5,71.1
City1400,106974,50.0,53.2,414.5,74.7,54.4,50.6,62.0,74.9,51.3,58.7,277.8,40.5,63.2
City1401,61964,363.6,12.1,664.0,26.6,39.9,29.5,17.6,55.7,16.2,24.9,173.6,15.2,45.7
City1402,568816,92.1,59.7,352.0,57.7,56.9,61.2,51.4,75.1,51.8,76.1,344.6,55.7,63.5
City1403,1411249,157.8,40.6,614.9,34.9,56.6,39.7,31.6,60.7,52.9,41.2,248.8,62.1,61.7
City1404,734198,448.1,50.7,466.6,53.0,54.2,59.0,57.8,78.0,58.4,70.3,276.1,73.0,63.1
City1405,1082156,457.5,50.9,477.1,42.8,43.4,41.2,42.7,56.1,48.5,27.8,205.2,46.2,97.4
City1406,93012,1217.3,64.4,560.0,51.6,36.6,61.3,57.6,80.1,38.7,55.6,263.5,51.6,66.6
City1407,36660,221.7,24.3,739.2,34.5,30.0,15.1,23.6,59.9,11.5,17.5,78.0,13.4,43.6
City1408,2195383,353.4,60.7,510.7,63.7,66.3,61.7,51.4,74.1,48.7,42.3,339.8,55.6,57.9
City1409,170799,144.7,88.7,416.7,82.9,65.4,83.1,81.7,94.1,80.0,75.8,397.1,59.8,80.0
City1410,188873,304.4,65.3,412.9,51.1,42.3,54.3,58.5,74.7,68.3,66.2,322.5,45.0,93.4
City1411,1722817,414.6,7.5,666.5,25.0,29.0,11.0,8.8,52.8,21.2,31.2,60.3,33.3,55.1
City1412,584622,217.5,24.1,561.5,43.6,34.4,31.7,40.9,69.9,33.8,36.2,191.7,55.6,75.4
City1413,508003,50.0,54.5,291.6,52.2,49.9,64.8,66.0,82.6,70.1,65.8,371.3,54.1,69.0
City1414,5559414,364.2,62.3,423.8,49.1,55.4,49.4,57.8,81.4,46.6,80.0,262.7,54.7,88.2
City1415,108996,379.0,56.8,550.3,63.3,78.1,59.0,79.9,81.1,58.4,77.0,283.8,41.9,89.3
City1416,983601,108.2,25.2,574.0,42.8,34.0,29.7,25.6,52.7,31.4,13.8,121.3,32.0,64.8
City1417,290633,52.4,25.8,614.3,26.8,35.7,23.6,20.1,59.8,33.2,22.0,129.0,23.7,41.1
City1418,390830,1438.1,17.1,811.5,15.2,43.9,13.2,27.1,54.0,25.6,14.0,146.5,11.9,73.2
City1419,2280387,441.3,31.8,782.0,53.0,47.3,34.5,35.5,64.0,27.0,49.2,178.5,26.4,70.4
City1420,546325,185.9,37.9,617.9,37.6,51.3,38.4,34.9,53.7,36.5,40.9,264.2,35.0,65.8
City1421,570127,62.5,63.5,564.3,72.0,67.7,63.2,60.1,74.6,54.9,67.6,388.4,67.1,104.9
City1422,1204421,91.3,34.7,672.1,37.9,36.5,46.3,34.9,73.8,38.4,43.6,183.8,41.6,52.9
City1423,160984,1168.1,46.6,491.5,41.8,66.5,39.5,58.4,68.1,53.9,66.9,275.7,38.3,50.1
City1424,82876,288.6,59.5,374.1,51.6,46.8,59.1,62.5,62.3,43.2,54.8,291.4,40.9,71.9
City1425,62147,126.4,52.7,747.8,41.3,41.2,37.6,45.7,62.1,39.3,30.5,268.5,56.2,61.8
City1426,17104,451.1,39.3,561.2,65.4,74.1,50.7,52.8,62.4,45.1,46.2,270.6,44.8,94.7
City1427,4773975,92.1,22.9,544.3,29.6,33.2,21.1,23.2,60.7,17.9,20.9,115.3,21.3,50.7
City1428,57268,1481.8,57.5,431.5,41.1,36.9,33.6,38.9,72.5,39.2,45.3,214.9,39.3,47.0
City1429,196859,1240.6,73.7,423.2,54.3,51.0,75.5,74.2,76.9,63.1,64.9,340.9,55.6,68.7
City1430,182127,139.8,34.6,485.6,49.4,42.7,31.1,49.2,57.3,39.2,40.5,232.9,40.0,64.4
City1431,412655,115.1,37.9,606.3,34.7,59.8,24.1,23.4,59.1,35.6,26.6,121.9,49.5,69.8
City1432,840735,50.0,37.4,579.9,33.7,55.0,28.0,31.9,67.8,34.7,44.7,188.3,29.4,43.6
City1433,895075,50.0,51.7,402.8,53.8,43.4,46.5,44.0,60.1,55.4,64.3,273.4,55.0,70.0
City1434,118621,50.0,47.9,410.8,62.4,46.8,57.9,42.4,74.9,34.1,45.1,253.9,58.3,84.4
City1435,212358,287.8,56.6,450.2,47.1,42.3,49.4,50.5,66.2,42.7,51.8,188.6,36.7,66.3
City1436,398559,165.4,54.4,497.1,59.3,61.5,39.7,46.2,80.4,50.8,61.5,246.4,64.0,95.2
City1437,189440,50.0,72.4,371.6,61.8,78.1,67.8,67.9,71.5,54.6,60.3,363.5,71.2,73.8
City1438,2546635,174.6,37.5,640.3,40.1,53.3,45.0,40.9,72.5,48.9,30.6,194.5,44.1,90.1
City1439,533580,448.7,67.6,513.8,63.2,66.5,57.7,57.9,63.2,66.5,54.7,311.0,69.4,65.1
City1440,750750,461.0,34.4,400.4,34.1,54.2,55.9,51.2,80.2,44.7,39.9,300.4,63.7,50.3
City1441,678767,50.0,37.1,423.0,35.8,38.5,49.3,53.5,75.2,52.5,45.6,218.5,37.8,66.5
City1442,1387290,209.8,50.4,689.0,50.2,64.5,43.0,48.8,64.8,31.3,62.3,216.0,41.8,61.8
City1443,345735,50.0,31.7,572.4,32.4,34.9,18.5,23.2,56.6,22.2,43.8,80.2,33.0,38.7
City1444,43670,722.0,63.3,411.2,67.7,73.3,68.0,62.7,82.7,63.4,64.3,425.5,65.4,77.8
City1445,469565,627.0,31.0,548.2,36.5,57.9,30.8,36.2,59.4,47.8,37.3,187.6,41.4,51.3
City1446,107807,83.3,41.0,634.8,35.6,42.9,39.6,30.4,71.2,39.0,54.5,197.9,31.5,45.4
City1447,128019,97.6,77.2,164.5,79.5,80.3,100.0,91.0,88.0,80.3,78.5,440.0,66.7,118.1
City1448,609814,140.7,30.5,529.1,34.9,40.8,32.3,42.7,59.2,51.9,29.7,183.4,33.3,77.3
City1449,1519050,50.0,51.5,469.8,47.9,65.1,44.9,54.3,67.5,44.4,45.6,264.4,46.0,71.2
City1450,276448,366.2,36.2,532.9,44.4,25.8,16.9,20.2,70.4,21.5,45.1,218.7,21.5,67.6
City1451,413480,176.4,22.3,599.5,26.6,27.4,21.8,28.6,63.3,39.9,48.1,119.9,15.8,66.1
City1452,2908362,783.8,19.5,628.0,24.7,26.8,4.3,12.2,63.0,10.2,2.8,146.9,7.9,48.5
City1453,375890,65.5,11.7,754.3,23.7,30.2,16.8,7.9,45.3,3.3,23.5,60.9,26.5,52.6
City1454,10000000,116.4,55.9,519.2,69.6,54.8,45.9,57.5,78.2,53.1,48.6,251.5,67.5,59.3
City1455,592267,50.0,31.8,532.8,35.0,48.3,26.6,35.1,66.0,24.6,31.2,170.6,25.5,45.8
City1456,22809,73.3,10.2,866.6,5.0,31.3,2.7,0.0,57.2,12.1,20.3,29.2,3.8,57.1
City1457,770410,59.2,79.7,216.1,77.9,82.4,66.5,70.1,76.6,65.3,70.3,347.2,69.8,113.0
City1458,457540,808.5,54.3,464.4,50.9,45.1,60.5,65.1,70.5,50.0,68.7,284.8,62.4,75.6
City1459,1632550,105.9,29.4,634.2,30.6,32.8,26.2,35.9,61.9,29.3,32.1,199.8,45.2,67.1
City1460,688626,284.0,55.0,328.0,51.2,82.4,63.7,70.9,76.5,49.6,62.3,364.9,57.3,65.0
City1461,221053,154.9,58.1,421.4,65.6,45.6,53.0,53.4,83.0,55.5,77.2,341.9,42.4,72.7
City1462,48338,53.3,48.1,612.1,49.7,44.3,40.5,53.1,61.3,41.7,31.0,236.4,36.3,93.3
City1463,200259,199.9,8.7,686.9,20.7,40.2,11.7,15.1,52.7,13.5,32.0,64.5,17.6,54.0
City1464,81574,502.2,36.5,508.1,32.2,42.9,38.4,39.5,67.5,40.4,23.4,179.5,45.8,84.1
City1465,119046,57.4,43.8,460.9,37.9,47.2,46.4,30.0,63.5,45.2,32.6,250.6,47.3,61.0
City1466,611707,646.1,25.1,588.7,25.4,35.3,22.9,27.1,54.5,16.0,24.3,194.1,46.7,77.6
City1467,2779735,88.3,34.9,733.0,61.5,39.2,56.5,44.9,61.0,44.8,61.2,314.1,50.0,70.8
City1468,466279,137.1,55.4,388.0,60.3,64.8,60.4,56.4,74.0,48.6,62.1,277.2,46.0,76.9
City1469,50300,462.6,36.3,602.4,34.2,37.6,32.9,38.0,63.4,30.9,36.0,258.7,42.5,86.4
City1470,500040,110.4,9.0,744.4,42.5,24.5,14.7,28.7,54.9,37.2,21.0,38.3,31.9,51.1
City1471,1433004,256.0,28.2,585.2,29.3,26.5,30.6,24.4,53.6,21.4,17.7,80.1,10.2,78.0
City1472,114268,167.7,69.0,353.6,61.4,62.8,76.5,81.8,76.6,78.6,67.3,363.2,82.6,109.8
City1473,222431,285.8,23.4,773.3,32.4,27.4,9.5,15.9,60.4,14.7,29.5,95.2,1.8,42.2
City1474,273912,50.0,40.0,595.3,44.2,41.6,50.1,37.6,59.0,42.6,51.8,197.5,65.6,57.2
City1475,89423,50.0,37.3,544.0,46.0,42.3,29.2,37.5,57.7,33.1,42.4,184.1,35.0,57.0
City1476,665033,512.4,51.1,540.2,35.5,67.1,40.9,43.2,72.6,48.4,50.8,207.3,40.4,88.0
City1477,226539,849.5,36.6,406.5,51.3,40.5,42.9,57.1,72.7,49.6,41.4,252.4,52.3,64.7
City1478,482794,82.1,36.3,379.0,49.8,48.9,42.0,44.2,68.6,47.1,27.3,291.3,33.9,63.1
City1479,77459,182.6,58.5,415.3,53.8,52.1,52.9,61.6,74.0,54.9,60.2,293.8,53.4,72.1
City1480,145445,348.5,43.7,386.6,66.0,56.7,46.7,43.4,77.1,60.6,41.8,252.2,37.4,66.2
City1481,737730,562.2,42.9,468.5,38.1,33.1,35.4,37.6,61.4,35.8,45.3,244.7,53.5,68.6
City1482,159218,50.0,47.8,472.1,39.8,44.5,41.3,47.9,60.4,51.0,52.7,231.2,31.8,60.1
City1483,3010899,84.5,60.6,477.1,62.9,57.4,66.9,72.4,74.5,60.2,76.0,315.6,92.7,54.7
City1484,153354,164.2,43.4,438.6,33.9,61.3,40.7,48.6,64.3,35.3,41.8,225.2,44.7,69.0
City1485,367529,568.9,57.5,440.4,49.9,53.8,52.0,60.3,65.0,52.2,62.3,263.7,48.5,69.1
City1486,990165,4905.5,67.2,338.6,53.2,59.9,66.5,66.7,68.5,66.3,50.6,359.8,65.8,75.3
City1487,36838,186.1,31.8,913.5,27.0,51.5,24.3,35.8,58.0,20.3,26.6,132.8,16.3,83.3
City1488,22808,50.0,20.4,714.4,32.1,48.4,18.6,32.6,48.1,29.4,12.7,162.0,12.4,53.6
City1489,31700,396.5,49.3,392.0,49.4,66.1,61.4,45.2,64.4,41.4,49.5,203.6,50.9,58.7
City1490,1571620,1194.2,67.1,410.0,64.1,55.9,57.6,63.6,70.2,48.5,47.9,335.3,47.3,95.7
City1491,123920,278.6,30.4,591.3,26.3,30.0,21.9,27.3,51.0,37.9,53.0,125.9,23.0,66.6
City1492,9640456,82.4,46.8,460.5,31.5,42.2,48.5,47.4,71.9,44.7,64.7,266.3,55.6,53.9
City1493,121789,772.5,42.9,476.0,63.0,35.0,54.8,56.2,74.3,53.5,65.8,328.6,41.7,56.8
City1494,347448,542.5,1.2,794.0,20.1,22.4,5.2,16.3,54.6,1.1,8.7,97.8,27.2,56.6
City1495,2324356,71.4,71.7,708.6,54.8,78.5,51.1,56.5,58.1,59.7,52.3,206.0,41.6,65.4
City1496,4450513,386.7,29.0,730.4,57.5,49.4,23.7,23.3,62.1,26.9,28.7,109.2,22.6,52.5
City1497,4809506,809.7,41.2,489.9,35.6,41.6,43.7,43.2,71.1,26.4,31.2,168.6,46.1,73.6
City1498,1456741,1010.6,14.5,569.5,23.8,27.1,23.9,14.4,50.8,7.2,37.7,77.4,14.3,56.3
City1499,1125443,225.9,29.2,545.1,31.7,51.5,23.1,26.3,68.5,26.2,30.8,189.0,51.3,66.9
City1500,615098,159.2,33.5,581.8,51.5,75.4,33.5,52.3,58.2,48.8,37.3,187.3,38.5,80.7
City1501,797873,1067.1,38.7,618.1,40.8,56.1,39.5,34.9,60.7,40.9,29.9,261.1,50.7,53.8
City1502,124037,57.3,26.6,638.1,33.5,33.4,25.0,38.5,54.0,34.5,42.5,182.8,32.9,64.2
City1503,85350,414.2,28.5,578.2,41.0,48.9,38.7,39.6,63.0,33.4,54.4,221.2,44.5,78.5
City1504,267072,50.0,57.7,471.2,60.8,59.4,41.8,48.3,74.9,39.5,50.0,308.3,54.2,91.9
City1505,211449,878.7,51.3,718.3,53.6,36.9,47.7,43.9,62.8,29.3,39.5,273.4,55.0,61.6
City1506,142269,179.5,25.3,748.4,27.9,34.5,19.0,19.3,55.9,33.2,10.3,127.0,24.3,66.4
City1507,711366,1121.4,17.9,662.6,34.2,43.3,19.4,19.2,55.3,11.3,5.8,71.5,31.4,58.4
City1508,1022158,441.3,49.4,576.6,48.2,48.5,54.2,66.1,64.4,46.4,66.2,264.5,41.7,87.9
City1509,303692,56.4,58.9,450.0,50.7,61.4,48.9,40.0,62.3,46.2,43.3,236.2,50.7,73.6
City1510,2123427,1352.3,38.1,515.5,55.1,36.3,52.1,49.6,75.4,41.4,51.0,257.0,47.7,62.9
City1511,54265,1574.2,32.3,622.7,44.2,46.9,42.1,39.7,65.0,35.1,33.2,169.7,35.2,57.6
City1512,204613,705.4,39.7,663.9,27.1,41.9,34.0,34.8,53.1,32.7,32.2,167.2,28.5,62.2
City1513,98365,98.1,24.9,521.4,34.2,34.2,20.5,25.7,51.9,33.7,29.1,154.9,23.9,48.8
City1514,19669,169.5,46.6,441.2,46.9,56.7,51.1,61.5,71.7,47.3,54.1,286.5,62.2,65.4
City1515,239006,291.3,31.1,781.4,24.3,29.2,38.8,27.2,68.9,31.3,27.3,123.5,18.3,58.0
City1516,226285,105.2,64.4,476.6,33.6,39.9,48.7,39.4,78.2,50.4,52.6,258.3,44.0,55.3
City1517,2232939,1864.6,47.7,655.2,54.6,47.7,43.5,38.8,65.9,36.9,35.4,325.9,47.9,55.4
City1518,648966,291.0,32.1,641.4,20.6,20.8,17.3,13.2,59.4,42.0,34.1,137.3,30.5,52.3
City1519,63968,50.0,37.0,492.5,24.8,66.8,41.6,46.1,73.1,30.5,38.9,192.4,26.5,55.3
City1520,3597427,367.7,58.5,382.1,67.5,41.1,49.9,59.8,77.8,43.2,68.2,240.4,45.8,73.5
City1521,1482806,161.1,39.9,565.0,36.3,33.8,35.2,29.8,64.2,40.0,26.2,173.0,67.3,82.6
City1522,606182,223.7,32.8,607.6,18.8,51.2,18.2,22.0,48.7,13.1,19.4,114.7,13.1,42.0
City1523,195423,157.2,55.9,471.0,70.9,71.1,65.5,75.0,72.2,81.2,51.3,315.6,66.9,73.8
City1524,70037,644.5,44.3,540.0,55.5,40.6,42.0,41.5,68.8,23.6,41.3,176.1,30.0,81.2
City1525,159358,937.9,10.5,793.3,26.2,20.5,27.2,22.4,45.8,15.2,22.8,112.7,21.6,57.2
City1526,1232121,343.7,71.7,337.9,69.2,76.5,66.2,78.0,75.0,68.4,56.1,313.1,83.0,101.5
City1527,3754331,162.8,18.5,824.6,12.2,26.5,24.5,24.4,52.7,8.8,18.6,88.2,37.6,50.4
City1528,2328048,232.9,50.2,620.1,57.3,60.0,43.1,55.7,74.7,35.3,38.3,314.0,38.8,79.6
City1529,135348,250.5,37.1,431.1,43.1,66.2,34.6,40.0,60.3,40.6,44.6,189.1,36.4,67.7
City1530,55968,93.4,36.2,479.8,43.4,32.3,27.6,24.4,63.5,21.3,46.0,136.9,20.5,45.9
City1531,326844,490.2,13.5,532.3,36.5,38.2,10.3,12.6,56.6,13.5,33.3,145.3,39.2,73.1
City1532,22565,425.0,56.9,333.2,51.4,75.5,58.3,57.1,64.4,51.2,63.7,312.4,61.0,73.8
City1533,421862,1553.9,28.4,705.6,31.2,53.2,41.0,32.1,53.7,48.1,23.1,181.2,58.7,65.5
City1534,218241,1103.7,62.1,318.3,60.6,52.4,48.9,49.3,72.2,55.0,50.8,259.9,76.9,82.1
City1535,139741,107.5,4.9,616.2,11.9,15.9,18.6,7.2,57.1,11.5,9.3,81.3,42.1,66.1
City1536,28779,654.8,76.3,517.7,45.6,82.8,63.6,70.7,69.5,53.3,45.4,236.8,62.3,62.9
City1537,550752,78.2,58.5,463.2,54.9,66.5,59.8,56.7,84.1,69.7,72.7,387.5,51.1,74.5
City1538,127289,564.0,48.1,378.2,48.7,70.8,43.6,58.2,61.8,53.4,53.8,346.6,56.0,93.5
City1539,52162,131.6,32.0,686.2,45.1,40.8,22.6,31.2,58.8,41.1,43.6,167.5,43.1,69.5
City1540,10000,71.7,40.6,673.2,32.0,47.9,30.9,41.5,66.6,39.7,39.1,218.4,30.0,52.9
City1541,258197,342.4,55.5,507.6,41.7,58.6,35.8,53.1,56.9,65.3,40.1,216.6,31.9,71.9
City1542,3207980,50.0,45.9,628.1,49.8,37.6,29.7,41.5,72.3,31.4,33.6,146.1,35.0,47.7
City1543,2746293,50.0,25.1,757.8,47.1,43.3,34.2,37.1,62.2,32.2,45.7,249.8,30.2,76.7
City1544,141501,197.8,65.6,593.1,55.1,73.4,62.3,69.4,77.6,67.4,60.4,347.1,52.1,60.3
City1545,115485,270.1,31.2,600.2,45.5,50.4,23.2,32.7,53.8,37.3,31.5,127.7,36.2,64.4
City1546,517251,157.1,54.6,301.7,53.6,47.9,61.4,74.2,76.5,63.6,52.4,306.7,70.8,75.3
City1547,66320,50.0,29.2,669.7,49.5,54.3,35.6,40.8,56.2,32.2,22.0,180.4,33.8,51.1
City1548,409424,91.7,37.0,483.4,46.3,39.7,39.4,46.5,54.7,44.7,32.7,172.5,42.5,68.9
City1549,784272,391.3,63.3,465.4,72.3,55.4,56.6,61.7,66.9,70.3,54.7,309.7,53.1,91.2
City1550,1495104,491.8,13.4,553.1,32.5,48.6,27.2,20.5,54.7,21.5,49.0,208.7,18.5,63.0
City1551,233230,240.0,19.8,623.8,28.0,39.1,29.1,26.0,53.1,32.3,31.6,219.8,37.6,78.3
City1552,201764,980.6,36.4,603.6,40.3,49.0,33.4,27.9,61.9,39.1,32.9,169.7,29.8,75.2
City1553,78497,394.2,33.9,414.3,41.0,45.3,45.0,35.3,64.2,38.6,31.9,266.6,72.7,57.5
City1554,84319,99.8,62.4,383.0,77.6,71.4,66.6,71.1,82.0,88.5,82.3,401.4,72.7,75.6
City1555,195424,174.8,20.1,533.4,42.7,17.5,13.1,7.1,49.1,13.1,7.3,59.5,29.6,32.7
City1556,448790,50.0,37.9,719.1,42.8,26.1,23.8,38.6,60.8,44.0,38.1,245.2,27.2,43.0
City1557,964165,214.9,37.9,659.0,37.7,48.7,43.3,29.3,65.0,34.4,28.7,210.2,45.4,96.9
City1558,87164,929.4,49.3,406.8,69.8,55.4,56.2,59.8,73.4,60.7,42.4,233.7,52.8,98.0
City1559,2168972,556.9,35.9,571.9,33.1,37.1,36.8,43.9,64.3,25.8,36.9,180.9,24.7,49.3
City1560,183583,1316.1,13.0,519.7,27.6,23.1,24.2,17.5,64.3,23.8,26.3,150.3,32.8,59.1
City1561,260429,170.1,46.4,757.8,43.1,49.1,45.0,45.7,58.5,48.0,45.0,203.6,29.5,76.1
City1562,94268,1230.7,33.5,700.3,33.6,32.0,25.5,26.7,58.2,23.1,46.7,135.6,33.0,50.5
City1563,10000,194.0,58.8,517.5,64.3,75.8,56.3,50.5,68.1,71.7,71.3,297.1,65.4,72.0
City1564,925105,1430.7,81.9,495.1,86.7,53.9,73.0,71.5,78.4,73.8,54.5,394.0,61.4,63.4
City1565,752820,238.4,38.2,348.0,42.6,64.9,48.5,40.7,61.3,45.1,53.0,224.4,58.5,54.1
City1566,180979,571.7,39.6,772.1,12.7,17.7,17.2,17.9,59.8,19.3,13.5,62.1,46.7,57.0
City1567,294721,1436.7,22.6,604.6,33.5,36.3,17.3,14.2,63.5,20.6,40.7,113.1,25.8,77.6
City1568,552558,194.0,31.0,582.4,34.2,49.3,35.6,33.4,73.7,46.0,31.7,161.6,45.1,65.2
City1569,30104,318.0,64.6,396.4,58.3,83.3,64.7,74.8,70.2,53.7,53.2,317.8,76.9,77.9
City1570,127941,1149.0,32.5,852.1,23.0,35.0,14.8,23.4,45.9,24.0,23.8,135.8,19.6,59.5
City1571,815837,208.6,44.9,521.2,53.3,25.7,42.7,29.0,65.4,44.1,41.4,168.4,46.1,47.8
City1572,46350,50.1,14.4,555.7,17.7,45.4,10.5,9.5,56.0,12.9,23.6,36.3,20.7,45.8
City1573,404732,3202.2,39.0,568.7,48.5,53.0,33.9,51.6,76.1,37.5,40.6,220.5,58.9,62.5
City1574,40166,139.3,12.5,783.9,33.8,41.3,14.7,25.9,50.9,24.7,17.4,99.1,33.6,51.4
City1575,515556,296.0,27.4,543.7,31.9,52.6,31.2,24.8,51.3,25.2,8.7,95.6,20.7,43.0
City1576,255276,979.7,69.6,440.9,55.4,78.6,62.0,61.5,78.5,55.9,63.9,266.4,84.6,60.7
City1577,27967,117.9,48.9,603.1,31.5,51.6,41.4,52.4,56.3,51.4,36.1,243.1,46.3,53.9
City1578,1370429,73.0,54.9,435.2,38.7,67.4,56.4,51.4,82.0,51.4,40.6,298.9,41.6,71.6
City1579,95948,331.8,21.6,763.7,31.2,27.2,32.4,22.5,55.3,30.1,25.9,160.2,26.5,46.1
City1580,86305,50.0,62.0,544.9,67.6,54.2,76.9,61.8,65.3,69.5,66.9,262.0,75.0,68.0
City1581,355328,173.2,66.0,434.0,70.2,63.5,49.7,59.4,65.8,54.1,55.0,356.1,75.7,91.2
City1582,1339882,328.3,45.2,604.2,32.2,45.2,47.3,49.2,57.4,34.5,39.4,224.7,53.9,48.7
City1583,64721,177.0,29.3,563.5,32.8,45.6,25.1,27.0,64.3,20.7,43.2,109.6,56.9,54.6
City1584,292538,50.0,66.3,270.7,57.5,76.5,56.1,68.7,68.1,60.4,60.0,348.7,55.2,66.8
City1585,489110,1657.4,24.3,643.2,35.6,35.9,17.9,14.8,45.8,15.3,15.2,174.0,27.5,51.8
City1586,708105,277.1,59.2,470.4,41.3,51.8,35.9,42.4,67.5,45.3,51.0,223.9,40.9,63.1
City1587,343526,1362.9,10.1,777.2,30.6,35.3,21.2,16.0,58.3,9.8,33.5,114.2,17.2,64.5
City1588,160517,179.1,78.8,252.1,50.9,85.2,66.3,71.6,87.7,79.9,57.3,421.2,49.5,62.6
City1589,84235,85.1,43.2,614.6,55.5,34.1,37.5,33.1,54.6,50.7,33.6,213.3,42.8,46.5
City1590,302731,338.0,20.4,521.6,14.3,48.4,22.9,12.8,55.8,15.2,6.5,82.0,25.1,65.8
City1591,59814,188.9,8.0,589.0,42.5,38.7,15.8,12.3,57.6,15.9,13.8,163.3,33.4,50.7
City1592,10000,59.5,57.1,402.0,46.7,52.8,64.8,73.1,78.9,70.5,59.9,335.1,50.4,95.4
City1593,494441,1427.6,35.6,821.3,29.4,63.4,26.0,39.4,50.6,36.1,26.7,212.5,21.4,54.9
City1594,951227,116.0,14.4,636.2,29.8,29.0,3.4,7.9,54.3,9.3,17.5,37.8,12.2,56.4
City1595,10000,50.0,26.8,445.3,47.1,51.1,30.7,30.0,59.1,39.5,43.9,175.1,42.0,94.4
City1596,65275,1204.5,79.3,396.3,80.9,82.6,76.5,88.2,78.9,77.8,77.3,432.1,69.5,102.0
City1597,638461,133.6,27.6,644.3,50.8,44.4,30.2,23.0,64.9,42.3,33.6,235.1,41.6,38.2
City1598,4782594,118.0,79.5,430.9,86.4,91.6,81.7,78.9,90.5,86.1,93.1,374.9,77.9,80.2
City1599,276263,50.0,65.5,260.8,69.3,59.9,65.0,64.4,68.5,57.5,66.8,328.5,56.3,86.9
City1600,96838,1976.6,47.4,450.2,47.6,46.6,47.3,66.1,73.8,44.3,63.0,268.2,49.8,79.9
City1601,207719,52.1,25.3,668.9,28.0,49.6,23.6,19.1,57.3,27.7,14.1,92.5,27.5,55.3
City1602,1839173,262.5,67.8,624.1,54.8,57.2,56.3,50.2,63.3,50.6,49.3,318.5,65.9,63.5
City1603,108624,731.5,36.8,478.6,39.7,44.1,38.6,46.4,63.4,40.1,27.7,223.4,46.1,53.2
City1604,87652,405.9,47.6,483.3,48.7,44.5,42.0,38.5,56.0,38.3,40.5,238.0,54.9,78.5
City1605,136510,227.8,29.1,776.9,38.8,25.2,24.5,25.0,55.1,31.1,24.1,166.2,41.4,54.7
City1606,70639,50.0,26.4,520.8,29.5,38.6,27.1,21.8,49.3,32.5,26.1,159.6,19.9,58.2
City1607,318614,92.6,48.9,576.7,38.0,48.1,56.9,53.1,64.5,45.1,60.3,257.4,37.5,50.0
City1608,2609188,306.5,47.0,534.2,47.9,52.1,51.1,39.5,60.8,54.0,47.3,262.0,34.9,48.7
City1609,421810,95.1,15.4,631.6,23.1,26.7,5.0,8.8,43.0,25.1,13.5,121.2,35.1,43.9
City1610,188472,312.3,53.2,353.3,63.6,58.9,52.7,67.5,64.6,65.1,54.1,270.4,53.9,88.7
City1611,178343,554.5,37.0,458.3,44.2,51.7,36.8,42.8,71.7,55.0,53.3,190.1,47.2,63.5
City1612,30077,776.7,16.0,703.1,22.0,60.2,25.4,33.8,61.3,28.9,19.3,109.4,24.4,74.0
City1613,923894,56.2,59.8,577.3,53.8,57.0,58.8,62.3,67.7,66.8,62.5,353.2,72.1,75.1
City1614,240632,3415.1,44.6,452.2,42.5,53.0,27.4,37.4,69.2,29.7,55.6,171.0,35.2,62.9
City1615,208423,614.6,35.0,697.9,32.0,53.4,45.3,40.5,64.9,36.9,51.6,156.8,58.3,69.1
City1616,10000000,244.2,63.3,512.5,53.9,49.0,46.8,49.9,73.8,44.1,56.9,252.2,66.3,57.8
City1617,407686,904.6,30.0,817.2,39.8,28.2,34.9,29.8,62.1,29.4,22.4,207.6,60.9,64.6
City1618,93666,4181.8,16.5,693.1,16.0,55.8,7.0,15.2,60.7,23.7,8.6,115.5,31.8,61.6
City1619,147723,50.0,22.8,521.8,50.0,22.1,21.5,18.9,46.4,33.4,25.9,90.2,32.9,55.0
City1620,1339522,186.7,56.8,470.7,56.1,71.3,60.5,59.3,89.7,64.4,56.5,311.0,42.1,79.0
City1621,314449,50.0,21.6,756.5,42.1,23.0,19.7,13.2,50.4,29.8,34.0,126.5,23.3,71.0
City1622,35825,308.3,47.8,468.6,51.6,63.2,50.8,54.0,74.2,55.1,51.0,282.4,46.1,58.0
City1623,971814,379.4,46.5,421.1,63.2,66.2,42.9,44.5,71.9,38.5,46.7,276.4,38.1,72.4
City1624,105303,233.5,43.2,420.8,54.4,49.7,60.1,46.3,64.5,61.0,61.2,295.1,49.1,76.1
City1625,3695464,111.6,41.0,506.8,44.9,57.7,31.1,40.7,67.0,42.9,43.6,173.3,46.2,69.5
City1626,1217204,50.0,35.0,658.3,38.2,32.5,23.8,19.9,53.5,24.1,35.1,159.6,25.6,72.4
City1627,143451,383.1,35.1,746.9,49.7,31.5,46.1,46.4,63.7,40.3,45.7,168.7,59.0,67.0
City1628,1612704,1403.2,51.5,598.7,43.5,38.8,35.7,37.5,60.4,30.9,41.4,210.4,34.3,54.3
City1629,295078,120.4,64.2,430.5,59.7,65.8,70.2,69.2,78.1,76.8,59.8,415.8,72.2,101.9
City1630,885478,414.9,63.8,483.7,64.3,56.3,66.2,49.4,86.5,56.0,45.6,319.2,56.1,88.0
City1631,528937,50.0,32.1,641.0,48.5,39.1,26.5,21.5,54.3,34.1,32.4,122.9,41.7,48.2
City1632,82051,423.5,60.3,440.4,42.2,50.0,58.7,64.1,61.8,40.4,52.6,316.3,66.2,75.1
City1633,108992,152.6,10.9,900.8,36.0,22.5,16.8,6.5,61.7,8.1,20.2,176.6,11.1,51.3
City1634,1134775,98.0,42.4,641.8,54.1,45.3,54.2,41.7,61.1,37.6,42.0,242.3,37.0,70.0
City1635,167932,98.3,38.1,632.4,47.8,38.0,50.5,34.9,57.0,49.2,55.5,254.7,47.5,58.7
City1636,152495,152.6,23.3,689.5,40.2,40.8,26.3,18.3,53.3,37.6,22.0,80.7,24.6,57.9
City1637,70461,387.2,14.6,657.7,35.7,13.5,16.8,14.4,57.4,22.7,31.4,55.5,17.0,49.9
City1638,485550,50.7,36.7,644.8,16.9,54.0,21.7,14.5,68.1,19.2,16.1,115.9,24.5,33.4
City1639,4816388,151.9,29.9,845.0,21.7,41.5,26.4,33.1,49.7,24.8,32.4,110.0,28.7,78.0
City1640,60201,232.8,22.8,660.2,43.6,55.2,24.1,25.9,65.8,13.5,17.8,118.0,8.6,63.7
City1641,277591,65.4,52.1,491.0,59.6,48.6,47.1,51.1,78.1,48.5,67.8,296.5,56.1,62.7
City1642,1937887,2113.3,2.5,755.2,29.9,39.1,14.3,6.1,44.1,5.6,17.7,48.0,13.8,48.3
City1643,240025,87.9,61.5,359.0,48.5,43.2,58.7,60.7,67.7,66.1,54.8,403.9,48.2,62.9
City1644,505508,109.6,16.3,744.8,36.8,28.8,26.1,31.3,51.6,21.5,23.0,125.0,33.7,49.5
City1645,60636,75.6,43.1,463.2,57.7,61.6,48.2,47.4,75.8,34.6,49.0,276.7,54.2,61.2
City1646,488761,2117.9,71.1,394.5,63.0,42.4,43.3,54.0,60.3,41.4,38.6,206.3,37.6,94.6
City1647,206488,475.1,70.5,473.9,52.0,56.4,66.7,52.2,73.1,65.3,68.8,283.2,54.2,88.1
City1648,1066637,79.5,59.0,391.6,56.2,64.0,46.7,47.1,66.6,43.2,40.4,224.9,60.6,57.9
City1649,1414576,922.9,19.9,609.5,34.1,37.2,29.7,26.0,56.9,19.3,19.7,138.6,21.8,74.0
City1650,10000000,311.3,15.6,796.3,20.9,30.1,27.7,31.6,61.3,29.8,32.2,165.7,46.7,63.5
City1651,604094,333.2,47.3,569.1,62.9,59.5,51.8,50.0,71.5,36.7,49.2,225.1,47.4,83.4
City1652,423417,161.8,47.1,635.0,62.4,70.7,57.7,54.0,71.1,42.3,64.6,286.6,67.1,58.9
City1653,352264,99.6,45.5,456.2,46.0,63.2,45.2,42.1,67.6,29.8,33.6,241.0,60.3,71.9
City1654,163663,367.0,27.6,642.0,18.8,49.5,23.0,19.8,54.3,15.5,17.9,162.2,42.8,42.5
City1655,431006,127.2,53.3,822.1,42.1,41.1,36.1,36.3,58.1,37.3,52.6,224.8,52.9,68.1
City1656,177448,2164.9,49.6,491.1,40.4,59.4,49.3,42.6,70.2,39.0,46.6,236.9,33.4,67.0
City1657,339709,53.3,16.6,620.2,25.2,43.0,17.6,24.5,50.9,14.1,28.2,85.1,35.0,70.1
City1658,1697448,1545.9,43.4,430.7,46.3,34.5,50.8,49.8,61.1,57.8,66.4,326.3,40.4,65.6
City1659,65567,214.1,34.1,755.0,34.0,36.5,22.7,29.8,49.1,36.6,23.2,154.3,44.4,63.1
City1660,1323552,350.3,37.0,532.0,34.2,39.6,41.4,38.8,72.8,29.1,32.8,97.5,47.7,62.9
City1661,1696301,665.0,48.4,465.2,36.0,58.1,37.5,37.7,73.9,33.9,42.4,175.3,35.8,90.8
City1662,227454,114.9,66.1,436.0,46.5,48.7,68.3,61.1,80.9,46.8,44.6,357.7,48.9,80.0
City1663,13758,690.3,43.6,593.7,41.8,44.8,53.3,57.8,69.8,59.7,37.6,279.8,57.5,75.9
City1664,114582,50.0,56.3,508.1,58.8,65.8,53.6,46.7,83.0,47.1,59.0,291.5,54.3,98.4
City1665,1649185,103.1,100.0,313.7,63.6,88.3,79.4,93.6,84.7,84.9,94.1,405.2,75.8,105.2
City1666,259882,80.7,65.5,469.1,60.3,56.8,68.4,64.7,78.6,70.6,62.1,309.2,50.4,60.0
City1667,66235,54.4,37.2,617.9,42.6,47.1,40.5,35.0,67.4,44.4,57.0,198.9,48.3,56.5
City1668,132364,189.1,32.0,494.9,33.9,37.5,29.9,24.3,59.2,31.7,39.8,127.4,23.0,50.3
City1669,870539,388.7,44.8,534.6,68.9,45.9,55.7,49.6,71.2,54.4,51.6,334.1,44.8,58.3
City1670,576901,568.6,48.0,533.9,45.3,44.2,54.5,50.5,80.2,43.1,57.8,279.1,55.8,62.7
City1671,192046,326.7,10.6,924.1,26.2,33.0,18.2,15.9,55.2,35.9,14.1,132.1,22.8,46.1
City1672,160563,110.1,25.4,754.8,58.0,45.0,36.6,29.4,55.6,29.2,26.4,134.3,36.2,79.4
City1673,155055,381.0,14.5,710.7,18.9,51.3,13.6,28.6,64.6,36.0,34.0,72.6,14.3,76.4
City1674,73763,284.0,14.3,598.5,43.6,34.4,26.4,19.1,51.3,17.1,23.1,94.4,25.5,46.3
City1675,2575427,752.4,24.0,636.5,30.0,34.4,28.8,30.3,59.9,26.4,41.2,141.4,42.1,50.9
City1676,170885,621.6,36.9,627.7,38.1,45.8,41.6,31.7,68.2,35.3,27.0,228.5,54.5,58.2
City1677,1474783,253.8,42.0,599.0,38.6,41.7,28.7,31.5,67.4,27.7,43.7,189.7,28.2,71.3
City1678,2257666,83.4,27.3,545.2,32.5,30.0,23.6,29.1,69.8,26.2,17.8,145.2,47.7,43.1
City1679,1085591,111.8,55.4,389.9,50.5,45.7,43.8,52.1,62.8,37.7,50.5,309.8,31.9,61.3
City1680,146639,126.5,41.8,695.9,37.5,60.2,39.1,40.8,71.5,46.1,41.6,188.9,44.3,66.6
City1681,472230,167.6,69.8,301.0,66.2,81.3,66.0,73.4,82.9,67.2,59.5,299.9,65.7,83.4
City1682,259399,337.5,52.3,558.6,51.5,44.3,53.2,53.5,68.6,47.6,45.4,270.3,50.8,65.7
City1683,75721,577.2,44.0,498.1,58.8,38.7,51.8,41.3,59.5,41.1,35.4,240.1,70.4,80.9
City1684,422566,230.1,68.0,537.7,53.4,75.0,56.8,60.0,79.1,57.4,67.6,320.4,58.7,88.0
City1685,51500,249.5,20.7,511.7,20.6,19.9,25.1,17.8,56.3,19.3,28.1,97.9,45.9,42.5
City1686,1415157,290.6,62.0,442.5,41.3,41.4,58.9,49.8,64.9,58.4,44.5,335.6,51.9,54.7
City1687,140019,131.8,22.7,500.0,52.1,52.1,30.1,28.8,52.2,22.3,31.0,146.3,40.7,77.0
City1688,355621,80.6,78.1,401.9,72.8,77.5,54.6,53.1,68.3,66.9,78.4,334.1,55.5,62.7
City1689,398954,50.0,41.0,762.5,52.1,52.4,50.1,40.2,59.4,42.9,41.3,252.6,27.7,63.5
City1690,186751,106.3,21.3,744.9,40.7,28.8,24.7,38.3,68.1,23.2,45.5,138.6,30.9,63.1
City1691,610095,431.7,67.8,462.0,60.1,71.8,57.6,75.1,76.7,74.1,88.8,297.2,62.6,67.2
City1692,138017,105.3,50.3,364.5,39.6,35.4,55.1,51.0,66.4,50.1,68.1,252.7,53.3,66.4
City1693,908741,183.9,47.5,748.7,43.8,26.1,38.6,35.8,55.8,31.6,51.7,153.3,29.1,55.2
City1694,40767,428.3,73.9,372.7,63.9,54.0,87.2,75.5,84.4,80.3,80.3,392.9,59.4,106.5
City1695,320273,457.1,73.5,401.5,79.5,53.7,68.5,68.7,75.6,57.3,74.8,329.5,70.3,77.1
City1696,4051106,67.0,49.6,738.4,47.5,61.0,46.0,52.9,75.1,41.5,38.8,225.8,36.1,71.6
City1697,66140,809.5,7.9,750.3,17.8,33.5,6.4,13.8,55.1,5.0,6.7,90.0,30.7,74.0
City1698,103897,946.5,24.3,706.6,47.2,27.6,32.6,35.0,54.5,42.0,26.6,157.3,22.4,48.3
City1699,550989,63.1,42.5,341.6,44.5,51.3,52.6,57.3,66.8,66.4,63.0,240.4,52.9,60.5
City1700,345039,91.0,36.1,505.4,37.1,35.4,26.7,27.5,59.5,37.3,27.1,146.8,37.6,68.4
City1701,438397,1021.8,26.1,556.4,41.1,38.6,15.8,16.5,48.7,15.7,25.0,130.7,21.4,48.5
City1702,532246,205.2,53.9,430.8,59.2,63.9,47.5,45.1,57.5,36.0,48.3,257.2,38.4,63.3
City1703,652528,50.0,29.1,514.1,25.5,30.0,28.2,37.8,64.2,25.2,38.0,126.3,24.3,52.7
City1704,1268797,50.0,51.5,455.2,45.7,59.6,58.6,55.6,75.3,58.4,42.0,282.1,75.4,85.7
City1705,476272,181.4,5.5,787.0,23.9,12.9,21.0,18.6,50.6,11.3,16.1,45.0,24.1,78.9
City1706,191422,60.6,64.4,319.4,58.6,78.2,61.2,70.7,81.7,78.0,69.9,344.0,70.7,86.3
City1707,688040,149.0,74.2,496.4,67.5,53.1,62.9,63.2,64.0,61.2,41.0,252.2,56.9,63.7
City1708,3835593,254.4,13.0,824.2,32.4,17.1,19.8,16.4,57.2,7.1,13.9,151.8,22.5,36.5
City1709,222863,1414.7,14.7,613.9,41.9,48.5,28.0,19.2,55.5,39.3,17.9,147.0,50.3,52.4
City1710,68573,172.7,39.6,492.1,39.4,33.8,29.1,47.5,66.3,41.7,38.2,172.6,33.8,44.5
City1711,1264153,886.3,68.2,444.3,64.2,56.7,63.8,73.8,73.3,64.2,50.3,354.0,48.8,72.8
City1712,226718,1359.0,34.0,463.4,25.0,43.4,31.4,25.2,63.9,25.2,34.9,153.5,32.0,70.7
City1713,12813,1368.1,37.1,610.9,32.5,52.1,47.9,41.0,55.3,43.0,32.7,220.7,38.2,65.5
City1714,878868,344.4,44.8,509.6,54.3,71.1,52.6,49.9,63.3,56.8,46.3,308.4,51.8,67.8
City1715,126822,50.0,51.7,428.8,44.7,49.6,53.4,41.2,61.7,42.3,35.9,235.1,57.1,65.6
City1716,236393,425.4,35.2,609.6,38.0,38.8,35.1,42.4,73.6,56.2,37.2,139.6,22.3,61.2
City1717,427099,861.0,26.9,679.9,28.0,18.3,20.2,21.1,68.4,12.4,40.6,128.6,11.3,75.6
City1718,350354,222.0,63.7,450.4,49.7,59.8,57.7,60.8,76.4,41.8,57.4,230.2,69.8,70.5
City1719,724496,1985.3,68.6,437.1,74.2,64.9,71.6,77.6,81.8,79.5,72.2,373.1,75.9,67.2
City1720,145847,686.6,53.6,358.6,57.3,56.8,51.5,61.8,71.2,60.9,41.1,249.0,65.5,52.8
City1721,550371,483.9,41.6,615.9,35.7,47.0,41.6,36.9,57.0,44.7,25.5,190.4,29.0,57.7
City1722,186583,901.1,49.3,496.8,38.7,39.6,46.0,50.1,68.2,50.2,61.4,238.7,52.5,73.3
City1723,754895,365.1,43.7,822.0,29.0,38.8,34.1,35.7,55.2,26.9,42.2,196.6,45.6,51.0
City1724,635085,50.0,55.4,399.3,50.4,51.9,53.5,53.6,73.9,55.7,43.0,315.4,46.4,68.8
City1725,72430,134.4,46.4,474.4,43.4,39.7,41.1,44.3,70.6,56.5,44.9,254.0,66.7,100.9
City1726,1227358,1029.3,53.0,522.7,51.7,60.2,48.0,35.6,66.8,54.6,42.3,233.6,40.0,89.9
City1727,126709,92.8,40.0,713.0,38.4,30.0,34.9,34.7,62.1,33.0,24.0,199.9,49.4,62.5
City1728,831744,187.1,44.3,370.5,36.5,56.0,41.4,35.2,66.6,39.5,47.3,239.1,43.8,57.6
City1729,448741,69.8,23.0,618.0,37.8,58.4,30.8,33.0,53.0,22.1,26.3,118.3,30.3,44.0
City1730,3518189,2081.2,57.4,414.8,47.4,49.3,47.4,51.6,73.7,43.3,59.6,195.6,40.0,61.4
City1731,196250,1840.5,28.2,687.6,28.0,56.3,42.1,34.8,61.2,33.5,30.8,146.8,51.6,70.0
City1732,164547,84.7,23.8,524.2,34.6,31.4,38.2,39.1,66.5,24.6,35.7,210.2,34.1,43.3
City1733,261140,292.0,83.7,200.1,74.7,74.0,75.1,84.1,92.8,87.2,74.7,411.3,83.5,79.1
City1734,175527,108.1,22.9,594.4,25.3,42.7,19.3,18.1,45.6,25.2,31.8,116.0,17.6,60.1
City1735,822347,511.8,59.0,469.7,42.5,51.7,52.8,49.5,70.5,61.8,38.4,227.6,61.7,72.3
City1736,27921,451.1,29.5,564.7,22.0,45.8,16.3,16.8,55.2,35.2,5.9,104.5,44.9,41.6
City1737,61380,648.1,37.3,453.2,28.1,47.6,41.9,36.5,57.2,31.9,42.6,194.1,43.6,78.4
City1738,60178,364.4,53.9,393.5,58.4,58.5,61.6,58.0,82.7,55.7,56.5,347.1,52.0,68.1
City1739,1015031,8287.4,34.6,731.9,22.7,55.3,15.5,31.8,67.2,28.2,12.7,135.8,29.6,41.0
City1740,2942760,71.3,11.3,788.7,41.5,29.9,13.3,14.5,66.7,33.7,4.6,67.0,30.2,49.8
City1741,231832,50.0,46.7,511.1,45.6,39.4,54.5,45.9,64.7,36.3,59.0,262.1,48.4,85.6
City1742,211853,152.7,14.8,785.3,18.1,62.1,31.9,20.7,62.1,28.0,13.8,116.3,19.0,71.4
City1743,295987,50.0,27.4,672.0,46.8,48.4,14.6,19.3,69.9,26.1,38.7,59.6,29.5,60.8
City1744,1364951,50.0,26.9,482.9,40.3,41.9,33.2,37.8,67.2,27.8,49.0,219.6,30.9,77.5
City1745,73255,73.6,74.1,541.1,64.6,58.2,84.2,84.0,73.2,74.9,96.7,416.2,71.9,102.0
City1746,374638,80.9,48.7,583.4,38.9,39.6,41.4,34.7,63.0,23.0,30.8,173.4,50.2,63.1
City1747,1051025,77.8,41.1,725.8,33.8,45.2,34.9,46.2,68.4,41.2,55.5,190.6,35.7,67.0
City1748,541193,455.7,25.3,634.0,48.7,46.9,28.7,41.2,62.2,40.2,44.0,185.7,26.1,67.4
City1749,349904,133.3,31.5,695.3,32.7,28.7,24.1,21.4,49.7,18.7,15.3,123.0,24.2,86.3
City1750,1089756,197.3,44.3,550.2,40.5,34.9,35.7,23.9,71.7,33.4,28.9,139.9,53.7,63.9
City1751,10000,715.6,61.9,593.5,53.6,58.8,62.9,66.7,89.9,62.8,75.9,307.1,70.6,100.4
City1752,693166,97.6,28.9,761.2,25.7,35.3,23.7,20.8,63.3,34.5,23.0,161.6,39.7,54.2
City1753,107397,178.1,14.7,496.5,22.7,42.8,19.2,29.8,54.6,16.3,22.2,98.0,32.4,64.2
City1754,20683,379.5,30.5,632.2,37.2,46.1,21.4,31.0,60.1,28.6,34.1,140.4,32.6,59.0
City1755,548906,50.0,12.9,786.9,15.3,34.9,16.2,24.7,55.9,22.6,43.9,162.8,27.3,50.7
City1756,1836040,50.0,70.8,344.0,66.7,50.4,53.1,58.5,72.1,70.8,62.5,367.5,55.3,64.2
City1757,221365,370.7,64.6,455.2,54.6,72.3,69.1,60.6,77.4,50.5,48.6,302.5,57.9,74.9
City1758,1018686,441.6,29.8,588.5,41.2,63.0,44.9,39.4,56.7,43.3,39.1,206.9,26.1,70.4
City1759,2564283,2913.4,65.6,326.4,60.0,48.8,62.3,71.3,76.4,62.6,55.0,305.1,54.7,67.8
City1760,1691083,295.8,31.6,582.9,39.9,25.2,32.5,30.7,54.8,31.1,31.5,134.7,24.7,78.7
City1761,2665628,654.4,29.7,683.1,41.0,57.0,31.5,41.7,59.4,40.3,22.4,197.7,47.8,80.0
City1762,758409,193.5,42.2,692.4,43.4,61.3,43.4,48.2,72.5,37.3,52.3,230.7,61.7,92.8
City1763,298226,349.6,30.1,601.4,43.1,45.9,29.3,36.3,67.0,34.2,46.8,139.4,23.7,53.1
City1764,28488,1809.3,60.8,499.4,57.8,53.5,57.1,62.0,71.6,56.6,47.8,244.1,69.6,64.9
City1765,190139,50.0,70.6,296.9,56.2,65.9,58.0,59.0,68.7,51.1,53.8,338.6,56.4,57.2
City1766,82409,402.0,9.3,597.4,13.7,37.8,23.6,17.9,45.7,18.9,16.9,64.8,19.7,69.8
City1767,5605841,3173.9,70.6,324.7,79.7,77.2,64.6,71.8,66.3,66.0,68.5,304.5,48.9,86.6
City1768,209768,343.2,41.8,634.4,47.2,35.7,39.3,38.5,75.1,38.0,52.4,238.3,43.2,63.7
City1769,318853,1773.5,32.6,865.7,54.3,37.2,31.0,36.5,60.0,34.6,17.6,108.6,21.9,43.0
City1770,580752,115.0,43.8,835.4,44.5,45.5,28.6,35.4,64.9,36.8,41.8,239.6,58.7,77.8
City1771,285227,235.5,47.3,513.4,45.0,60.7,44.0,41.6,59.4,43.3,53.4,265.2,60.5,54.5
City1772,2879339,254.7,29.1,520.5,39.1,43.2,37.6,30.1,62.6,29.4,39.5,234.6,36.8,54.0
City1773,112228,50.0,51.9,424.1,45.6,60.3,56.3,57.7,72.0,50.3,58.3,312.2,34.7,74.3
City1774,352374,60.2,22.9,731.8,27.8,46.3,23.8,36.5,67.1,34.4,21.7,187.6,31.1,86.5
City1775,94896,65.6,85.3,370.0,68.4,60.1,69.9,87.9,90.8,63.7,71.1,331.0,66.6,80.7
City1776,42275,656.2,30.6,519.4,28.0,54.5,32.9,31.6,53.4,36.2,47.1,130.2,39.2,74.5
City1777,113950,696.9,29.6,729.5,36.0,32.3,34.7,30.8,58.0,24.3,37.9,162.4,19.8,63.6
City1778,254778,361.0,52.5,245.7,46.3,45.4,69.4,64.3,85.7,79.2,57.6,294.5,54.6,71.2
City1779,147116,657.8,69.6,355.0,66.4,69.3,55.2,64.1,70.0,65.1,46.1,346.1,46.2,87.0
City1780,101784,200.9,42.8,597.4,55.4,37.9,33.9,43.7,70.1,41.5,53.1,158.4,50.7,73.4
City1781,37464,1035.2,75.1,362.4,82.1,66.6,77.6,63.8,89.7,62.5,89.8,371.0,52.8,69.9
City1782,238864,247.3,17.3,680.6,20.1,41.7,19.0,22.9,47.9,21.1,35.7,96.1,38.0,34.2
City1783,32643,262.3,41.5,594.3,33.4,35.8,41.6,34.7,59.5,45.0,52.0,260.2,66.0,59.4
City1784,777686,177.9,26.5,473.9,37.3,42.3,38.9,28.5,62.3,42.3,48.6,140.7,34.3,46.4
City1785,301165,556.3,37.5,648.2,34.3,43.8,44.3,31.4,65.2,26.6,42.5,181.2,46.2,67.2
City1786,34871,147.6,20.0,763.9,23.3,42.3,42.1,32.6,55.0,31.1,51.4,136.1,33.8,77.9
City1787,174051,789.8,37.1,541.0,33.2,60.9,32.5,37.2,70.4,34.7,38.8,190.3,45.3,56.9
City1788,93618,62.9,32.8,753.9,14.5,21.5,24.8,18.5,45.0,24.5,7.1,148.4,16.6,46.1
City1789,419510,65.5,35.9,655.8,57.0,45.6,40.2,50.8,72.6,37.9,34.6,171.7,46.1,62.0
City1790,1752634,558.3,32.1,419.0,37.0,63.1,29.1,29.0,59.8,38.9,52.4,188.5,26.1,83.2
City1791,19433,220.0,45.6,666.4,48.1,39.2,40.4,55.7,64.1,31.3,57.3,238.0,41.3,66.4
City1792,315223,141.9,33.1,596.6,64.4,65.6,42.3,29.4,63.4,55.1,37.7,179.0,37.6,57.7
City1793,214446,712.0,37.3,629.1,37.0,30.5,22.9,31.5,52.2,42.4,31.4,127.5,16.9,48.8
City1794,686853,118.1,20.1,575.8,25.6,21.8,26.3,16.6,49.6,23.1,23.0,104.2,35.4,55.2
City1795,361665,192.4,63.0,386.5,52.9,54.0,40.7,57.1,76.7,58.8,36.4,275.8,75.8,67.2
City1796,93642,1311.7,53.4,813.8,35.5,42.9,24.5,32.2,70.0,46.2,23.4,167.9,37.4,46.3
City1797,171669,1551.5,56.0,440.2,50.0,68.9,55.8,62.3,71.4,45.7,55.2,274.9,74.7,61.4
City1798,88041,1614.7,32.1,479.2,38.2,45.3,29.0,24.2,49.0,33.5,34.4,214.6,23.2,41.6
City1799,1210337,174.4,32.3,701.1,22.4,33.2,15.6,26.1,68.9,17.7,17.8,140.6,27.3,61.5
City1800,276464,1071.5,30.3,638.7,18.2,26.0,21.6,10.3,59.9,17.8,23.2,135.4,20.7,60.9
City1801,3842627,78.4,26.7,587.8,29.4,54.0,32.3,42.0,52.4,36.6,30.8,173.0,41.5,48.6
City1802,246489,82.4,69.2,378.7,72.7,66.2,63.5,61.1,77.5,77.9,75.5,343.7,53.2,79.9
City1803,99531,50.0,22.9,636.6,31.7,36.3,18.1,14.8,55.3,35.0,6.1,96.1,12.8,39.9
City1804,32234,1821.5,16.2,654.7,34.1,50.7,29.6,34.2,57.9,14.8,24.4,169.4,51.2,48.5
City1805,21495,86.8,40.8,467.6,51.7,49.0,31.1,26.9,65.6,30.7,60.2,137.9,47.1,52.5
City1806,29208,210.2,35.0,641.3,22.0,46.0,40.2,24.2,57.7,18.7,42.5,138.1,58.6,53.0
City1807,390029,82.1,45.2,455.2,45.7,34.9,42.2,30.9,73.3,41.5,27.1,178.8,31.1,45.3
City1808,547005,563.5,53.9,428.3,45.9,40.8,45.5,52.9,80.3,40.1,33.8,279.4,53.9,69.6
City1809,29329,155.9,73.2,302.5,51.3,84.7,77.2,78.0,73.8,69.5,67.6,326.0,49.4,91.0
City1810,939453,51.1,27.1,519.9,54.4,65.0,31.0,23.7,54.8,21.3,29.1,167.1,34.0,50.6
City1811,136450,415.7,63.3,457.0,69.1,73.0,72.7,65.9,78.6,60.9,91.9,424.2,72.6,62.3
City1812,329558,50.0,53.9,498.2,46.3,54.8,67.8,67.9,66.9,58.0,55.8,340.1,74.1,84.1
City1813,2564076,89.6,27.3,529.1,44.2,42.0,26.2,39.8,52.3,26.9,32.3,196.6,30.8,53.9
City1814,941825,50.0,71.2,414.8,71.5,64.5,60.0,63.1,67.1,64.6,62.2,314.4,54.9,87.4
City1815,184251,50.0,13.2,635.8,34.4,24.3,33.6,23.8,58.5,29.4,21.1,132.4,44.4,64.6
City1816,77059,303.2,7.7,722.7,25.1,39.1,30.5,16.0,58.6,28.2,10.7,109.3,25.0,36.7
City1817,13193,50.0,18.9,635.3,24.9,38.0,12.2,24.5,46.3,36.8,27.7,123.0,14.9,55.5
City1818,98045,50.0,48.1,582.7,51.0,61.6,41.5,41.0,59.2,30.1,31.7,238.7,18.0,61.0
City1819,199669,244.0,4.1,695.8,28.6,16.5,15.7,9.5,51.7,23.8,6.3,57.3,16.4,45.2
City1820,67369,127.4,9.6,669.9,35.1,30.9,20.4,22.7,59.2,26.1,14.6,62.3,27.5,38.9
City1821,223293,2671.6,18.0,592.8,24.0,50.8,21.9,17.2,46.5,8.6,5.6,74.7,21.5,42.8
City1822,298818,2209.8,66.3,412.7,56.2,54.6,71.0,72.3,73.0,56.4,52.3,400.4,59.6,91.3
City1823,195869,86.4,24.7,479.5,48.8,53.8,28.7,36.0,65.8,38.7,36.1,126.3,17.7,64.7
City1824,108011,477.5,53.0,426.5,74.6,73.4,46.4,56.4,63.7,65.3,49.3,289.8,35.8,76.6
City1825,339801,601.3,40.2,709.1,46.0,36.5,24.7,30.5,53.2,35.7,34.0,158.9,35.2,75.2
City1826,498180,119.5,25.8,639.7,35.6,36.1,38.3,37.7,61.2,24.9,41.1,187.7,40.6,77.2
City1827,58304,50.0,28.9,614.4,19.5,24.5,19.8,14.6,48.5,13.0,41.8,131.8,28.3,56.4
City1828,1934395,241.1,26.3,503.8,39.3,42.9,34.8,30.4,54.2,29.5,19.2,204.8,25.9,56.9
City1829,233742,198.9,37.7,521.2,42.2,42.6,44.6,42.5,78.2,50.0,47.3,281.1,62.6,47.3
City1830,275512,145.1,24.0,846.4,21.1,37.1,12.6,14.9,56.5,14.5,32.4,77.3,29.1,61.4
City1831,723242,416.0,30.1,478.6,42.7,58.0,39.0,38.3,59.6,24.9,25.8,171.7,24.4,40.9
City1832,371945,99.4,40.7,499.4,43.5,61.1,47.9,47.4,54.6,32.6,46.4,161.1,43.7,65.2
City1833,1019060,61.4,20.3,561.0,42.1,29.6,25.5,26.5,47.3,26.0,23.4,98.0,44.8,41.4
City1834,401103,278.9,78.7,476.2,63.9,76.3,67.6,73.8,76.2,61.6,54.7,290.4,57.9,94.6
City1835,113844,388.8,45.3,584.5,26.3,33.5,44.6,34.3,64.0,31.4,27.5,157.3,37.3,69.5
City1836,445122,59.6,51.3,487.7,38.8,61.4,45.8,46.1,71.5,42.5,43.6,249.6,44.7,47.7
City1837,54110,745.2,33.3,652.2,43.1,42.7,46.5,30.6,57.9,43.2,41.9,209.0,26.3,70.2
City1838,312382,50.0,54.3,699.7,47.0,66.9,52.0,46.8,60.9,47.2,53.9,264.1,56.7,80.0
City1839,256139,122.3,21.9,589.4,31.2,38.4,27.0,33.8,65.5,25.3,32.0,110.1,24.5,79.3
City1840,200513,179.5,24.1,565.9,27.8,24.3,21.4,21.6,56.4,22.2,39.6,136.0,25.5,39.6
City1841,224144,114.0,23.8,641.8,47.7,47.6,22.8,14.3,48.3,11.9,14.3,101.5,24.8,75.7
City1842,19252,124.2,48.8,681.0,52.6,38.1,38.5,50.3,64.5,43.6,43.1,273.7,47.9,61.6
City1843,124465,2310.7,42.9,474.6,34.0,59.2,26.1,29.6,57.9,25.8,35.7,143.1,45.8,87.1
City1844,305584,88.1,27.2,603.8,26.9,33.0,16.3,22.5,58.8,22.0,39.7,197.0,21.0,37.5
City1845,335641,4580.1,15.7,584.7,44.9,25.6,29.3,17.8,54.9,18.3,46.8,149.8,37.3,65.4
City1846,63656,413.5,30.3,463.5,25.8,34.8,35.6,34.3,54.3,44.6,34.1,166.7,18.5,47.7
City1847,1578508,273.3,42.0,431.6,34.4,39.3,32.7,48.3,66.1,28.9,37.5,209.9,57.2,68.6
City1848,79806,433.3,53.7,522.5,39.1,41.8,40.0,52.8,77.0,63.1,52.2,216.6,48.3,85.7
City1849,1042612,5094.5,58.2,471.5,50.2,47.3,63.5,54.0,68.6,39.5,42.2,233.9,38.7,88.1
City1850,488000,74.3,57.2,480.7,49.2,76.7,55.9,57.5,87.8,62.5,68.1,392.4,58.5,96.7
City1851,108584,63.8,23.2,764.4,15.3,35.1,5.8,9.6,47.7,14.2,22.0,81.7,26.1,47.5
City1852,3221750,98.9,61.3,425.7,36.9,50.6,43.2,54.2,60.2,44.3,50.2,278.2,26.6,74.8
City1853,50458,254.3,27.8,663.0,37.7,26.7,28.0,31.7,65.5,26.6,30.8,230.9,26.7,61.2
City1854,971713,50.0,48.0,607.6,29.9,44.4,39.0,55.0,62.7,46.4,38.9,150.2,51.2,69.6
City1855,1089048,251.3,23.8,752.1,33.6,52.0,40.0,30.5,59.4,28.1,37.9,220.1,28.8,84.2
City1856,104938,1867.3,12.5,882.6,16.1,21.6,15.5,21.7,60.1,27.6,18.7,66.2,35.3,43.4
City1857,1885024,293.4,28.6,462.6,23.1,38.6,31.9,19.6,57.0,21.4,43.7,118.6,30.5,68.7
City1858,189081,172.2,33.4,702.6,42.2,52.6,27.0,43.8,53.5,31.4,42.2,190.0,25.7,89.9
City1859,401985,116.5,31.8,666.1,32.0,60.5,47.5,35.2,68.2,34.5,38.7,195.6,28.7,63.5
City1860,386331,719.3,57.8,476.6,52.5,40.8,51.6,43.3,69.2,48.2,29.2,263.1,45.2,62.6
City1861,222341,90.8,15.3,664.2,31.8,19.7,14.5,30.2,62.3,19.1,36.3,128.1,43.0,45.5
City1862,834953,2243.2,42.4,524.3,35.5,49.5,47.7,31.4,76.3,42.3,43.8,246.3,33.0,62.7
City1863,814951,2490.0,39.0,333.0,55.0,68.8,47.1,42.6,72.4,57.8,46.1,340.3,60.0,91.3
City1864,23203,333.0,36.3,567.4,53.6,50.7,48.1,46.7,53.9,51.8,46.2,308.1,71.3,67.5
City1865,1666233,241.3,2.2,689.4,24.0,31.8,16.0,17.0,43.3,8.0,2.9,60.3,7.4,31.0
City1866,26173,842.9,37.4,475.3,34.7,36.8,37.8,36.0,68.1,35.1,57.4,202.6,40.0,86.1
City1867,1138890,910.3,21.7,573.9,27.8,31.7,26.8,19.9,61.1,28.3,25.0,170.8,48.3,64.3
City1868,1299366,93.0,34.2,592.3,32.6,49.5,22.4,21.8,67.6,42.1,49.0,181.4,37.0,43.9
City1869,58258,130.1,61.0,484.8,50.2,71.1,60.8,63.7,62.0,61.6,69.6,308.8,74.0,56.9
City1870,150973,50.1,50.7,601.4,55.8,48.9,48.9,43.6,74.2,43.7,49.1,235.0,39.5,59.5
City1871,57068,399.8,25.8,783.6,37.2,32.5,24.8,39.2,51.1,24.6,26.7,142.0,33.1,65.1
City1872,198612,544.5,42.2,522.7,35.6,31.0,34.5,40.6,61.2,26.8,35.8,199.0,26.1,56.7
City1873,174338,50.0,20.0,581.0,29.1,22.3,24.1,32.2,58.8,23.6,21.8,150.4,29.3,79.4
City1874,799326,141.7,14.2,695.8,16.8,35.7,25.0,28.3,47.5,5.5,23.4,165.3,31.9,52.3
City1875,1680214,50.0,55.8,487.4,53.3,59.9,50.9,59.3,76.2,61.0,54.4,323.9,71.1,73.9
City1876,1893537,83.2,66.2,420.6,70.3,69.4,55.5,66.2,86.7,63.3,58.1,374.3,63.9,78.5
City1877,122145,474.0,57.5,456.8,73.1,56.1,59.5,56.3,83.4,61.6,68.3,365.8,48.1,74.1
City1878,200203,101.5,84.3,376.0,69.8,55.3,90.5,81.1,80.0,65.3,61.7,357.9,66.2,83.0
City1879,25417,170.5,58.2,347.6,55.9,64.0,46.0,47.4,78.9,50.7,54.1,211.2,58.0,72.9
City1880,86836,50.0,25.2,582.1,34.0,61.9,28.0,27.3,55.7,37.4,43.5,119.0,55.7,73.0
City1881,1035911,306.2,45.5,399.6,32.2,60.2,40.0,45.9,59.0,52.7,39.2,284.5,42.3,65.9
City1882,2576174,232.0,51.4,470.0,51.0,40.6,53.5,38.9,71.2,34.1,38.6,247.0,38.0,88.3
City1883,47663,102.0,69.3,448.2,57.6,60.6,53.6,53.4,68.9,57.0,66.1,272.5,39.9,84.1
City1884,117072,195.0,49.1,408.3,38.8,54.5,34.8,33.5,60.2,51.7,25.8,181.4,47.2,64.2
City1885,258598,303.8,41.6,528.2,34.4,47.4,36.1,41.0,74.4,33.4,39.3,198.1,37.0,69.6
City1886,397212,92.0,52.3,537.1,41.4,62.8,46.6,49.4,77.3,51.8,55.6,240.2,55.3,70.6
City1887,86383,50.0,32.2,656.3,23.0,55.7,28.9,17.2,64.1,17.3,42.1,74.8,34.5,53.4
City1888,485864,2136.0,42.5,383.1,45.5,69.8,51.7,58.3,63.4,41.0,71.2,258.9,64.9,81.4
City1889,138223,114.4,46.2,555.4,68.4,46.5,61.0,52.7,69.7,50.1,55.6,244.4,47.1,99.6
City1890,262962,217.9,3.8,845.4,14.9,20.9,9.2,4.7,55.9,18.8,3.9,31.4,35.0,58.2
City1891,576538,823.0,55.2,593.8,35.4,36.7,41.5,56.6,71.6,37.7,50.8,275.2,51.9,62.2
City1892,270760,15000.0,58.3,356.1,57.9,64.0,66.0,65.4,69.3,68.6,45.9,330.6,52.3,65.3
City1893,145664,55.0,33.8,664.2,21.5,42.5,19.7,25.5,59.0,12.0,36.9,114.1,13.8,45.1
City1894,230163,419.8,49.1,535.0,51.1,43.8,45.2,67.3,76.7,56.2,57.0,242.9,40.1,58.2
City1895,237112,104.7,79.8,339.4,76.1,63.5,59.1,78.3,83.6,74.2,56.7,386.3,47.8,65.7
City1896,159848,128.2,51.8,539.6,42.8,39.7,40.6,44.7,59.2,42.7,60.6,261.6,56.7,88.7
City1897,186779,103.1,51.7,624.2,60.7,44.0,52.6,45.2,69.6,46.5,46.9,244.3,48.4,83.1
City1898,2515811,63.4,35.3,680.1,29.4,35.3,27.4,28.5,65.8,40.5,33.5,96.6,10.9,33.5
City1899,588473,232.9,44.1,576.9,55.5,51.0,52.5,57.4,64.2,51.3,71.8,242.8,64.0,86.1
City1900,177429,50.0,55.8,464.8,57.8,47.6,41.4,40.0,59.7,48.6,27.0,249.9,44.2,83.7
City1901,711930,762.2,54.4,424.0,48.9,62.0,50.9,71.5,74.3,66.5,52.8,271.8,41.0,62.3
City1902,168156,261.4,58.5,481.2,46.7,59.5,62.2,62.0,66.1,62.2,59.8,302.7,68.3,67.6
City1903,1386612,406.2,45.6,560.9,52.8,54.6,35.5,40.2,66.0,42.5,47.3,248.1,40.5,92.2
City1904,450223,139.9,45.4,581.7,54.7,41.1,46.8,54.4,68.2,39.4,27.1,288.8,33.3,68.1
City1905,230908,157.5,27.8,503.3,39.2,47.0,27.7,36.4,62.4,25.8,31.9,108.2,34.1,47.5
City1906,502225,345.5,38.9,662.1,40.7,60.2,43.0,36.5,70.3,46.7,35.4,269.5,27.3,75.0
City1907,29755,60.5,60.0,274.8,79.5,79.5,60.2,64.1,68.1,54.2,72.1,296.6,60.3,87.5
City1908,55410,159.2,31.2,529.1,33.4,36.3,31.0,41.7,64.3,28.1,47.2,170.1,26.3,66.4
City1909,50438,87.2,73.3,501.4,49.4,46.8,64.7,74.3,74.8,62.5,50.7,320.1,45.1,88.7
City1910,327787,84.0,77.6,619.6,51.8,56.2,60.7,61.0,77.9,70.4,78.2,308.6,79.0,73.8
City1911,3034390,50.0,29.6,634.9,31.1,37.9,24.6,30.7,57.1,35.8,22.4,103.4,31.8,81.6
City1912,6100127,1220.7,28.0,571.1,45.4,47.0,42.3,31.1,65.8,28.6,55.3,214.5,58.2,60.7
City1913,655577,107.4,25.2,519.2,32.3,55.3,32.3,20.5,63.2,29.8,36.3,122.1,39.9,42.8
City1914,541004,988.4,62.4,467.0,57.6,53.9,55.1,54.8,81.7,57.3,61.2,366.7,78.9,53.1
City1915,21558,882.3,33.0,639.8,58.1,39.2,38.8,47.1,60.2,32.4,46.1,230.3,42.9,60.3
City1916,125524,52.3,46.1,811.8,42.2,46.3,43.5,45.5,73.7,41.0,44.1,291.9,34.5,59.8
City1917,89063,66.3,52.3,406.7,52.4,55.8,47.0,49.5,64.4,47.8,54.6,222.2,32.0,67.3
City1918,112511,5284.9,73.5,511.8,70.8,54.5,81.4,90.8,72.7,81.0,75.9,418.3,60.9,67.0
City1919,212054,2000.4,64.9,260.2,63.5,81.0,71.9,78.6,87.9,83.2,94.6,348.4,71.3,108.9
City1920,138562,235.6,38.9,586.8,26.4,48.3,39.4,36.0,54.4,46.9,31.9,164.6,24.5,73.9
City1921,16797,333.2,70.0,287.1,65.4,57.2,59.5,71.9,79.2,53.1,79.3,345.5,82.2,92.2
City1922,764574,114.8,54.8,506.1,65.5,64.2,60.7,57.5,63.5,42.1,62.5,260.6,72.8,70.0
City1923,59764,411.1,59.0,593.9,61.0,52.6,55.4,62.0,72.0,52.4,49.6,284.9,54.4,97.0
City1924,375099,103.5,89.4,251.2,71.1,87.0,78.2,83.3,98.0,66.4,76.8,410.6,60.0,71.7
City1925,4894955,50.0,16.7,770.3,22.2,33.4,21.9,18.0,58.3,21.3,28.7,111.8,56.1,81.1
City1926,74077,50.1,26.9,671.6,46.7,33.2,38.8,42.6,58.0,41.1,36.9,255.3,18.8,70.2
City1927,10000,251.0,71.8,364.5,48.9,61.5,66.6,62.8,78.8,56.2,55.5,340.8,58.2,98.8
City1928,179798,63.0,30.7,490.0,26.8,52.0,29.1,37.6,50.9,40.4,51.2,141.8,45.8,51.9
City1929,1253366,225.7,48.7,575.3,59.6,62.7,47.3,43.2,68.1,56.0,43.2,318.7,37.4,53.1
City1930,4162749,67.4,42.4,774.4,39.5,41.7,25.5,26.9,57.9,39.6,17.8,148.6,18.2,52.6
City1931,47984,95.7,39.7,426.0,37.0,40.3,38.5,38.8,58.9,29.3,20.7,190.9,38.4,71.8
City1932,537873,681.2,46.7,439.9,57.0,58.2,47.3,59.0,71.5,63.6,41.5,288.2,38.4,70.6
City1933,139883,329.3,50.6,482.9,62.8,55.6,61.4,62.8,68.5,47.4,42.6,327.0,66.6,87.4
City1934,231346,241.9,34.1,566.5,27.6,42.8,25.1,44.3,58.4,32.2,28.6,159.7,26.4,59.9
City1935,10000000,702.6,57.6,641.6,58.9,57.2,58.5,45.4,72.0,52.3,67.6,293.8,39.4,67.7
City1936,32723,435.6,30.3,562.6,36.2,48.0,47.1,36.1,74.3,55.2,25.7,259.3,49.0,56.6
City1937,382787,1388.4,60.5,628.4,64.6,59.5,47.3,59.3,72.7,43.3,62.7,270.4,40.4,76.7
City1938,516468,140.9,49.2,438.5,37.3,32.9,38.6,37.8,66.6,29.7,51.2,192.4,31.7,86.5
City1939,1227022,146.1,53.0,530.5,54.5,61.9,59.1,59.3,65.6,34.8,47.1,229.3,44.5,57.2
City1940,307791,51.4,55.8,544.1,34.0,39.2,51.0,46.9,64.0,43.6,55.7,167.4,54.4,48.2
City1941,413028,146.2,23.9,514.8,33.8,43.1,19.4,23.9,54.2,22.2,44.6,135.8,17.8,53.3
City1942,155079,778.8,27.5,559.4,49.5,49.9,29.9,42.4,57.4,38.5,48.8,191.3,23.7,67.3
City1943,391123,1164.4,40.0,529.4,66.7,61.6,48.1,37.4,61.9,45.1,45.2,223.8,36.9,68.2
City1944,165964,774.6,36.0,675.3,34.8,35.8,40.2,32.4,71.2,46.8,51.3,211.7,44.4,60.8
City1945,640625,50.0,68.5,420.0,82.3,62.0,71.4,83.7,94.2,72.1,91.1,388.4,75.4,95.9
City1946,159938,897.6,59.8,315.3,45.8,77.1,60.6,64.4,79.8,55.4,51.9,243.0,58.4,98.6
City1947,454948,50.0,40.2,727.5,47.1,40.9,41.2,53.6,74.8,39.2,44.0,280.3,28.8,88.3
City1948,257566,718.9,42.1,627.4,46.5,44.1,51.9,49.9,62.3,33.3,59.4,194.6,65.0,62.1
City1949,1298175,157.4,5.7,640.6,15.9,38.4,14.1,17.8,50.9,25.4,13.1,96.5,38.9,45.2
City1950,249708,568.5,58.6,444.3,41.8,48.9,54.9,48.9,64.5,59.8,48.2,227.0,29.1,82.1
City1951,22421,50.0,53.0,541.1,39.1,59.1,58.8,52.6,68.6,42.9,48.1,327.2,57.3,85.1
City1952,1570163,997.6,42.8,738.8,43.4,27.7,33.5,24.2,57.6,21.9,47.6,140.9,42.7,47.8
City1953,75506,50.0,30.4,632.6,45.2,31.8,29.6,29.1,58.3,49.3,35.6,154.7,19.5,64.9
City1954,107444,109.7,19.2,594.5,20.7,42.7,16.1,27.4,61.0,17.9,30.1,76.0,22.6,49.7
City1955,116549,73.9,28.4,494.4,23.2,53.3,19.1,16.4,55.6,24.3,33.3,86.5,18.2,67.0
City1956,1838045,50.0,80.5,259.2,75.5,75.9,88.5,86.1,79.4,100.0,95.1,500.0,73.9,81.9
City1957,13494,274.1,51.3,376.3,50.9,47.9,55.2,49.7,65.1,56.1,51.6,297.9,54.1,85.7
City1958,10000000,2137.3,58.2,347.4,52.7,74.2,37.6,51.6,82.6,43.9,63.5,251.3,31.9,58.9
City1959,1177000,6004.6,55.8,668.1,47.1,56.0,51.5,40.9,67.7,55.6,34.9,237.4,44.0,52.2
City1960,366786,274.9,71.2,425.1,70.9,89.7,68.2,82.7,78.6,61.0,68.0,348.8,73.5,73.0
City1961,248487,934.5,56.8,429.1,60.6,53.5,56.0,54.9,70.1,50.8,50.8,360.4,55.0,86.3
City1962,400222,323.3,28.7,636.2,37.5,23.8,16.0,19.2,68.0,16.4,13.4,133.6,11.5,36.2
City1963,556582,445.3,20.6,774.4,37.4,52.3,28.4,31.4,59.2,20.3,25.0,119.5,32.5,56.9
City1964,662186,162.3,54.4,353.4,53.0,46.3,62.4,46.2,83.8,36.9,49.2,256.8,40.1,68.7
City1965,584110,309.2,49.2,423.4,47.3,55.9,37.9,42.6,59.9,59.2,37.4,268.0,32.9,83.8
City1966,304191,466.4,36.6,670.2,59.6,50.2,38.0,45.2,72.8,35.4,41.9,181.3,48.4,79.5
City1967,203562,122.2,19.2,554.8,30.7,40.8,18.3,21.7,55.6,11.4,14.3,115.8,25.8,78.0
City1968,217122,223.0,37.9,494.5,38.8,39.0,35.9,40.3,55.2,30.2,36.4,146.9,39.2,73.0
City1969,204255,228.1,57.6,316.0,55.3,56.9,55.0,53.2,64.4,40.1,37.9,328.9,47.6,51.8
City1970,1312281,659.6,20.3,728.8,24.8,45.8,34.0,30.4,50.9,38.7,18.3,96.7,25.4,66.2
City1971,615985,68.1,15.4,629.8,16.2,27.6,16.8,11.6,54.3,32.4,10.4,89.7,22.5,46.0
City1972,10000,230.0,63.8,579.8,60.7,55.6,49.5,58.5,62.3,56.5,75.7,298.6,53.8,106.9
City1973,672166,2427.0,26.7,703.5,35.9,37.4,23.9,22.6,46.7,9.5,29.4,100.5,19.2,40.9
City1974,352438,989.2,61.1,569.4,55.7,60.4,59.3,55.6,67.9,50.1,46.6,244.8,71.8,50.7
City1975,261400,1235.2,28.5,540.0,31.1,49.0,50.8,40.4,56.9,49.7,37.0,168.4,47.9,55.7
City1976,155760,252.0,46.2,485.8,35.8,52.2,37.3,44.3,63.7,44.4,47.5,186.9,53.0,83.2
City1977,1294658,359.7,52.2,399.9,61.8,56.8,60.1,51.8,63.5,58.6,47.7,315.9,45.7,72.6
City1978,1011087,814.6,24.0,631.7,38.2,60.6,31.7,37.7,61.9,22.3,53.8,167.1,41.0,82.3
City1979,90941,1591.3,68.7,415.9,45.8,45.8,57.2,61.9,68.7,54.3,54.2,305.6,61.3,102.6
City1980,474431,50.0,40.4,489.2,43.2,36.1,26.8,27.7,54.2,39.7,30.3,109.3,22.7,79.2
City1981,68849,50.5,59.5,591.0,39.2,61.4,43.5,50.6,61.6,54.6,33.0,192.1,49.0,86.0
City1982,38891,1177.7,33.2,598.8,45.8,40.8,25.7,36.7,55.5,21.3,55.8,136.8,26.0,60.0
City1983,111591,175.5,47.9,364.1,35.5,36.8,36.5,46.0,59.3,55.2,39.5,205.4,54.0,87.4
City1984,897484,109.3,50.0,324.4,66.1,73.3,47.5,63.0,78.3,45.6,49.7,231.7,61.6,81.4
City1985,1019043,54.3,59.1,567.8,44.6,41.0,38.3,51.7,72.0,42.3,33.9,282.1,47.1,63.3
City1986,550355,125.7,28.5,559.7,18.7,19.7,16.8,27.4,53.1,26.7,7.8,127.1,21.4,38.1
City1987,740539,50.0,60.4,499.1,54.8,49.7,57.7,54.9,66.9,65.2,56.8,291.3,56.8,89.8
City1988,552743,3008.8,48.0,534.0,57.7,52.9,55.4,58.7,66.3,46.7,77.6,294.9,79.0,65.0
City1989,109308,238.2,61.8,451.1,57.1,48.0,49.6,49.7,78.4,44.5,42.1,207.5,40.8,69.0
City1990,491241,228.3,18.8,753.8,27.5,33.4,29.3,27.9,63.8,18.4,40.8,124.7,23.2,77.7
City1991,822886,495.6,34.6,628.6,35.3,56.1,31.4,34.7,64.4,30.0,52.6,158.1,28.8,68.1
City1992,771435,776.5,53.7,341.8,52.8,47.2,42.9,46.5,78.4,59.6,51.0,241.7,41.1,68.1
City1993,1417604,761.3,22.6,531.4,38.3,51.7,28.7,38.0,54.1,44.3,32.7,187.9,44.6,52.1
City1994,723333,887.4,46.2,452.7,56.9,66.8,43.1,45.5,62.7,57.1,40.8,256.6,45.7,61.2
City1995,438900,114.8,10.4,744.1,35.6,18.6,12.6,21.8,66.8,22.6,14.3,121.1,44.6,42.8
City1996,1200453,171.2,41.3,633.0,61.5,50.1,33.6,38.3,64.9,34.2,53.2,157.8,46.9,67.0
City1997,258556,615.7,70.4,440.1,55.0,61.4,68.4,61.6,76.0,66.2,51.0,340.2,65.8,79.0
City1998,78071,129.9,25.3,604.6,28.2,53.8,11.1,21.6,52.6,19.4,39.8,109.1,11.2,60.2
City1999,213567,243.2,17.5,714.1,21.5,21.7,15.6,24.4,54.8,33.2,28.5,200.1,24.8,59.4
City2000,94573,394.9,37.4,699.9,29.9,44.3,26.9,36.1,55.1,18.4,51.5,127.9,29.2,54.5
City2001,104271,627.8,25.2,608.5,37.4,34.9,19.4,16.2,56.0,16.7,10.6,70.7,36.6,62.8
City2002,219185,50.0,27.9,656.4,30.7,27.3,19.8,13.8,56.8,19.9,22.6,90.5,29.1,72.9
City2003,88487,576.9,47.0,559.9,51.8,53.0,34.0,38.3,57.6,49.0,30.5,207.4,43.3,91.9
City2004,174355,184.8,17.5,651.4,38.0,42.7,19.8,22.3,61.2,11.5,29.8,145.4,30.2,33.5
City2005,18938,571.9,27.7,721.5,35.0,39.9,37.6,34.9,71.7,21.3,56.4,146.7,39.1,82.3
City2006,361714,621.6,65.0,580.6,50.7,65.2,46.6,55.8,77.8,60.0,47.0,262.2,53.5,79.6
City2007,268790,1685.0,17.2,673.3,38.9,52.2,25.2,24.0,55.1,8.5,17.7,130.6,31.5,54.0
City2008,85483,1241.6,66.3,609.0,44.8,40.1,48.6,55.9,69.5,60.3,62.3,270.0,49.1,60.6
City2009,675321,1231.4,57.4,338.6,61.6,51.5,73.8,57.1,83.6,58.1,63.6,337.8,60.2,69.1
City2010,997091,1383.5,55.8,541.9,33.5,54.0,45.2,46.1,70.4,35.3,31.1,217.5,36.1,85.7
City2011,28266,347.1,55.5,401.7,50.2,48.8,41.6,57.0,68.5,45.0,53.3,272.5,35.6,80.6
City2012,92243,254.3,17.2,630.2,18.3,31.6,13.9,19.8,49.5,11.9,29.2,96.4,9.8,49.9
City2013,91418,697.4,25.4,732.0,26.7,55.6,27.6,20.1,58.5,18.1,27.3,69.3,10.8,55.6
City2014,71979,589.0,60.1,414.6,51.2,81.9,50.8,54.3,73.6,43.0,48.4,336.5,56.5,69.0
City2015,857061,168.9,17.7,630.7,32.6,20.3,16.9,31.9,55.8,32.1,16.0,71.1,28.7,80.5
City2016,204565,397.7,30.3,559.6,32.0,32.3,31.2,46.2,64.1,31.2,34.6,259.5,54.9,43.8
City2017,185290,234.6,20.4,635.9,35.0,54.4,33.6,23.6,57.4,21.7,32.6,201.4,45.3,61.3
City2018,16229,87.8,58.6,449.5,51.5,49.8,50.1,48.2,69.9,43.0,65.0,277.4,65.8,56.7
City2019,653165,1151.2,53.4,396.5,52.8,62.9,43.0,43.1,68.7,39.6,48.8,229.2,37.0,69.9
City2020,47336,261.4,64.3,433.5,52.2,75.0,63.1,59.7,73.5,50.3,46.8,375.4,80.8,84.8
City2021,291823,2859.6,66.1,625.8,63.5,66.1,70.1,64.9,68.0,60.4,66.7,389.6,71.1,87.6
City2022,395666,50.0,44.1,503.7,28.0,39.6,42.0,39.8,55.1,29.1,37.4,156.4,29.5,53.2
City2023,1802927,125.4,37.1,526.8,49.4,27.2,29.1,35.4,63.4,17.1,36.9,179.1,39.6,88.7
City2024,42943,254.5,22.5,534.6,28.6,50.8,26.2,38.9,62.4,30.4,30.5,165.9,29.0,49.0
City2025,10000,958.0,27.5,753.9,20.0,22.2,12.7,18.5,61.0,19.3,12.1,54.8,39.0,56.7
City2026,347107,395.2,71.9,438.8,68.2,68.0,73.8,68.5,78.7,56.7,86.7,284.4,59.2,61.9
City2027,3337443,355.2,44.9,542.4,33.3,46.4,49.8,45.3,55.5,37.1,48.5,217.6,24.9,55.0
City2028,1520462,63.3,61.7,454.6,73.0,79.5,70.1,74.5,85.9,80.1,87.3,341.4,46.7,95.7
City2029,359879,61.0,19.0,748.5,36.8,42.9,28.4,33.5,48.5,36.3,52.2,117.4,20.6,37.7
City2030,134821,360.3,19.5,604.6,33.7,29.4,27.2,15.3,47.7,16.2,17.6,70.2,35.7,53.6
City2031,830656,50.0,21.3,703.4,28.0,21.9,25.5,16.8,62.8,8.4,29.3,153.8,19.8,59.4
City2032,68667,129.2,31.6,475.7,55.3,29.2,30.9,29.8,72.1,47.6,52.1,194.9,31.7,48.2
City2033,522772,446.3,54.8,535.5,40.3,37.7,41.3,41.5,66.3,43.2,39.4,158.6,58.9,66.3
City2034,544519,75.3,69.1,512.6,59.5,47.0,57.6,54.8,67.4,62.5,57.7,284.4,63.5,74.7
City2035,1183863,1679.8,72.4,486.6,61.8,63.3,71.6,80.3,77.4,72.7,68.6,424.1,84.1,74.2
City2036,10000000,1062.9,26.3,669.5,50.2,61.1,49.7,33.3,61.6,36.1,27.8,221.3,50.0,58.2
City2037,464809,50.0,27.7,618.0,37.8,37.7,34.0,26.5,71.6,19.3,30.7,176.4,10.3,78.0
City2038,131590,79.9,36.7,417.0,40.3,54.4,37.5,27.4,62.1,37.0,36.2,133.9,34.8,81.1
City2039,258899,50.0,77.1,513.5,72.3,82.7,69.9,65.9,75.3,56.0,62.3,353.2,69.0,102.2
City2040,22545,95.7,55.6,440.8,60.5,38.6,46.7,58.4,67.6,44.7,42.8,233.8,36.6,57.1
City2041,101458,613.8,32.9,599.1,48.7,59.3,28.3,33.0,59.4,29.8,34.9,147.2,36.2,76.6
City2042,151297,148.9,36.3,700.4,16.1,46.7,24.2,27.1,60.9,30.3,24.5,196.7,48.5,70.5
City2043,128833,425.4,58.9,465.4,48.0,68.1,52.5,49.2,58.7,37.5,40.4,244.7,42.1,65.4
City2044,332135,50.0,57.4,577.6,41.4,77.1,49.9,45.7,66.9,48.1,55.6,242.0,54.0,63.7
City2045,84847,637.5,49.6,591.9,43.8,57.7,45.5,37.1,63.1,29.4,48.6,232.2,47.7,84.1
City2046,1289084,125.7,12.9,657.6,28.4,30.7,22.2,23.7,48.3,21.9,13.0,155.2,17.8,41.7
City2047,268415,248.3,53.9,665.3,34.6,54.9,27.6,45.3,72.1,32.8,25.0,194.9,47.8,61.2
City2048,264866,218.9,21.4,595.0,16.0,16.0,9.8,3.6,61.1,11.2,15.5,49.0,15.1,34.7
City2049,169557,53.2,29.4,420.0,41.6,66.1,35.1,42.1,73.0,33.2,32.7,238.5,44.8,75.0
City2050,333456,61.3,24.7,599.5,19.7,47.9,26.2,20.9,70.7,21.8,16.8,203.9,26.9,39.6
City2051,851826,781.6,32.5,740.8,31.1,35.1,32.0,39.9,52.8,23.7,26.7,174.8,39.9,64.7
City2052,79699,395.0,38.4,744.2,29.3,44.1,25.7,30.7,55.4,26.7,17.9,145.1,47.0,41.2
City2053,106791,862.7,62.6,570.5,60.5,67.7,52.4,54.0,71.8,43.1,45.4,291.7,61.5,92.9
City2054,175392,361.3,59.8,483.2,57.9,86.4,74.0,66.1,82.2,57.5,61.9,377.5,60.1,63.7
City2055,40773,290.5,44.1,529.6,53.8,38.3,26.6,28.4,59.4,47.5,37.7,185.4,25.9,42.9
City2056,85224,50.0,41.1,483.1,34.3,32.2,26.2,35.4,59.4,27.5,43.6,254.4,45.3,47.0
City2057,137763,176.9,67.8,391.9,62.8,47.3,63.9,61.6,68.2,60.4,64.8,379.5,60.0,60.8
City2058,912683,236.8,53.8,633.4,49.2,43.4,41.7,44.4,64.5,44.2,52.6,236.0,55.9,69.5
City2059,387544,2549.7,40.4,465.2,35.2,65.8,33.1,27.0,52.1,25.0,55.0,146.5,46.9,69.5
City2060,351873,558.0,64.9,303.7,54.3,63.0,62.7,65.7,72.2,58.2,69.5,287.4,48.8,78.8
City2061,883156,1545.8,17.7,558.9,23.2,41.2,6.9,10.1,45.9,23.7,32.1,146.8,8.0,67.1
City2062,221389,501.2,39.5,541.4,28.5,28.2,20.5,36.2,60.8,37.0,26.2,138.0,34.2,64.5
City2063,463541,104.2,23.1,594.4,24.7,37.0,37.0,19.2,65.9,31.9,24.5,110.6,43.8,59.4
City2064,232231,281.6,50.9,357.2,60.4,82.4,49.7,50.7,63.1,53.2,58.5,353.7,57.7,81.0
City2065,389067,324.9,65.0,405.7,60.5,50.0,73.1,73.9,77.8,72.0,44.5,316.4,57.5,91.7
City2066,118674,79.3,62.5,407.3,74.7,82.4,66.0,62.4,67.8,61.0,48.7,290.3,55.3,81.5
City2067,10000,154.3,27.4,877.0,31.0,53.0,39.3,23.0,57.7,39.4,13.0,170.0,33.1,84.8
City2068,222350,191.2,62.8,527.3,55.9,76.0,63.4,62.1,73.4,68.3,56.1,360.7,43.3,57.7
City2069,1966660,1680.3,23.7,712.7,20.2,46.6,24.4,25.1,50.8,24.9,30.4,171.7,49.7,60.6
City2070,981366,50.0,30.1,532.4,49.3,42.9,33.8,42.8,70.3,37.1,36.9,229.4,38.8,70.4
City2071,1036703,1040.0,54.9,493.9,53.9,64.7,55.0,53.0,68.0,63.2,55.4,285.5,52.9,56.3
City2072,1514480,79.5,53.8,393.8,44.0,40.4,47.7,59.6,63.1,52.3,55.8,230.8,60.2,69.6
City2073,303798,50.0,33.3,703.2,23.5,45.4,21.5,16.7,62.9,23.4,14.2,104.5,30.3,76.0
City2074,353713,1008.2,22.5,531.5,39.6,26.9,35.7,24.4,54.0,36.3,34.9,159.5,25.6,68.3
City2075,113016,588.9,28.1,652.9,44.2,33.9,29.3,26.5,54.8,26.5,40.1,134.8,20.2,53.2
City2076,172387,1102.6,15.0,526.7,25.8,19.6,30.9,30.0,51.5,36.9,21.1,124.9,21.6,55.5
City2077,635444,639.6,37.0,503.7,47.4,55.8,38.5,50.1,72.3,46.4,39.6,314.8,32.6,95.6
City2078,1447629,2898.1,20.7,596.7,35.1,22.2,15.2,13.0,55.8,30.0,27.1,70.2,20.3,33.3
City2079,220747,478.4,31.5,490.4,25.1,37.0,25.7,23.7,53.2,27.2,20.1,147.9,65.4,56.4
City2080,142876,202.8,36.1,677.3,38.0,37.0,30.2,37.5,61.0,24.2,40.3,167.2,48.5,59.7
City2081,268535,369.3,21.3,524.6,37.3,40.7,19.4,25.2,59.3,30.8,9.5,133.0,25.8,52.0
City2082,622618,1088.1,40.2,701.2,43.3,48.4,40.4,39.9,63.9,37.2,42.4,185.5,31.5,75.1
City2083,35546,96.0,52.6,570.9,71.4,73.6,65.1,64.6,66.6,54.8,55.3,338.7,43.4,74.8
City2084,10778,111.9,23.2,537.0,39.9,34.1,32.9,24.2,50.4,36.1,19.9,206.8,29.5,65.6
City2085,124150,168.9,36.9,551.4,58.3,50.2,33.9,54.0,64.1,46.3,41.8,215.5,42.0,71.7
City2086,48581,50.0,65.5,518.2,51.8,59.8,58.8,57.5,62.4,56.3,42.4,301.5,59.6,67.3
City2087,131742,288.8,23.4,671.3,28.5,21.7,31.1,28.6,54.4,24.1,20.8,194.5,23.6,60.9
City2088,218186,50.0,52.5,411.5,53.8,53.2,38.9,46.7,78.8,44.4,52.0,183.5,32.7,71.2
City2089,142265,260.8,39.3,475.1,40.4,44.9,39.2,36.0,81.6,37.6,34.9,216.6,56.3,70.2
City2090,2050213,691.1,28.1,464.8,25.1,32.5,34.3,25.6,63.4,28.7,16.0,181.3,43.0,52.8
City2091,423980,138.1,36.0,549.9,41.6,38.4,31.8,44.6,59.5,34.7,46.5,184.6,30.5,66.5
City2092,408670,1830.9,43.0,372.4,48.6,61.8,47.6,47.5,65.6,37.5,43.9,295.1,49.3,56.1
City2093,641195,50.0,25.3,501.9,46.0,32.2,39.2,22.9,58.9,29.1,27.2,197.6,52.3,71.9
City2094,54482,1022.0,65.6,590.0,47.8,44.1,47.3,49.8,76.2,46.2,53.6,290.2,58.4,50.8
City2095,1149406,550.1,20.8,837.0,19.3,55.3,14.9,28.5,55.3,25.4,38.9,99.5,17.1,49.6
City2096,241332,50.0,27.9,550.4,47.1,42.9,34.8,38.4,56.0,22.4,38.4,137.5,21.5,68.1
City2097,686027,6329.4,61.5,506.1,44.2,85.4,46.1,61.6,63.6,46.6,69.3,287.3,34.3,84.0
City2098,59838,226.7,32.5,555.7,17.9,36.7,19.7,19.2,62.7,25.9,16.2,173.4,29.3,45.0
City2099,30477,85.4,45.8,520.1,28.5,38.4,44.7,29.7,69.9,23.8,47.5,179.3,21.8,59.2
City2100,843272,50.0,39.0,463.1,41.0,40.6,48.8,50.1,75.9,36.0,40.3,252.4,41.6,54.3
City2101,454509,187.9,35.4,615.8,39.0,39.9,42.7,39.6,71.1,27.2,33.2,178.8,50.5,75.1
City2102,75896,210.0,71.6,453.9,62.3,64.3,60.1,63.8,74.3,51.1,57.5,397.2,66.9,76.9
City2103,79417,276.8,44.2,550.4,39.7,64.2,43.0,32.0,71.2,44.0,25.4,188.1,48.4,82.6
City2104,1297057,171.2,60.1,328.3,55.8,67.8,63.4,59.2,73.0,51.6,52.5,291.6,57.2,74.3
City2105,50757,523.2,36.8,446.1,34.3,45.0,48.8,55.5,80.1,38.4,44.4,281.4,54.1,69.5
City2106,2675754,153.7,25.4,651.4,26.5,31.9,26.2,28.2,64.5,33.5,19.1,152.5,24.2,51.4
City2107,76048,50.0,45.2,385.7,42.1,49.7,48.9,53.4,77.0,58.4,30.5,252.6,50.1,79.8
City2108,655890,204.5,24.8,618.7,43.1,36.7,22.1,37.0,56.3,48.0,22.8,182.4,32.3,57.7
City2109,169385,50.0,64.3,328.9,55.6,62.4,59.1,54.6,68.1,44.5,59.0,282.9,65.5,70.7
City2110,624347,374.1,59.4,588.3,45.4,49.1,72.5,60.4,79.2,66.0,69.0,287.9,56.1,77.7
City2111,125271,75.6,62.6,385.8,54.0,77.5,51.0,71.1,76.9,56.0,76.6,311.2,51.7,74.6
City2112,213649,297.7,57.3,413.4,62.3,63.1,50.2,54.8,72.1,54.1,44.3,232.8,51.7,87.0
City2113,284158,1184.3,28.4,682.4,33.2,50.9,33.1,28.0,59.3,50.6,39.0,215.4,44.3,69.7
City2114,65968,78.4,55.4,676.0,66.4,39.3,34.9,33.1,55.0,35.8,52.5,237.4,43.9,88.1
City2115,757026,874.4,28.5,518.8,26.5,46.4,25.6,28.4,47.7,16.0,43.2,138.7,32.4,41.1
City2116,130809,145.5,68.5,258.0,69.4,67.3,66.1,65.2,72.7,76.5,80.1,381.2,58.3,106.5
City2117,194845,2005.9,33.2,529.1,35.6,55.0,38.9,42.8,62.5,37.9,32.7,175.9,39.9,62.5
City2118,66696,157.9,51.0,317.7,63.1,72.5,58.0,60.0,66.3,64.5,53.3,329.2,59.5,70.9
City2119,10000,89.2,10.9,656.4,11.9,47.8,11.9,12.8,45.6,11.8,27.1,81.5,23.0,60.9
City2120,205368,558.2,42.5,362.2,40.6,30.7,38.5,39.6,63.3,45.2,39.5,206.3,56.8,69.9
City2121,7862864,145.0,22.5,826.0,26.0,45.2,17.9,7.3,58.9,21.7,12.1,89.8,37.9,63.3
City2122,804878,89.1,70.4,361.3,54.2,65.5,73.1,68.5,77.7,63.8,56.7,400.9,63.8,81.8
City2123,261198,137.9,39.3,530.1,55.4,48.0,32.9,42.0,73.4,45.2,50.9,165.5,31.0,43.0
City2124,185712,231.9,57.0,366.3,57.0,63.2,48.1,56.0,66.9,58.1,61.4,241.1,38.3,78.9
City2125,276911,1224.9,51.7,441.8,61.0,60.9,50.4,54.2,65.9,39.1,37.5,214.6,38.5,59.6
City2126,577213,50.0,19.6,710.6,25.0,44.5,26.2,29.6,60.8,13.2,22.2,100.7,32.1,65.7
City2127,51372,251.6,37.8,484.0,43.6,57.7,31.1,28.6,56.8,45.8,26.3,147.6,18.3,48.7
City2128,1277033,518.0,40.3,559.9,26.0,37.9,31.0,31.6,70.6,41.6,36.6,165.9,53.5,70.8
City2129,730536,308.6,14.5,814.4,16.3,24.8,8.5,25.3,62.9,26.2,6.9,53.3,13.3,38.7
City2130,733409,1178.3,53.0,497.5,51.6,41.9,52.6,49.3,71.2,40.9,38.2,254.4,37.6,72.1
City2131,495769,223.8,8.5,884.7,24.1,41.4,10.4,12.3,43.0,19.4,15.8,97.2,15.7,59.6
City2132,275808,196.1,53.6,468.5,59.2,41.4,54.0,58.0,79.7,51.1,53.9,269.4,59.7,53.8
City2133,688317,498.1,43.1,400.4,39.8,54.1,51.7,51.0,66.2,45.9,47.2,198.2,59.6,90.2
City2134,614484,275.7,55.9,284.7,52.9,44.4,57.9,56.4,71.0,72.7,53.9,265.9,71.8,77.6
City2135,163463,153.2,25.3,750.1,15.3,22.0,8.3,25.1,64.4,15.7,19.3,104.9,32.4,61.0
City2136,120205,454.6,73.7,502.7,55.6,67.0,65.3,68.1,80.1,86.3,72.8,383.8,60.2,102.3
City2137,309464,111.8,23.2,601.3,7.6,46.4,20.0,10.4,49.0,10.4,12.6,100.4,10.0,44.8
City2138,2346952,117.5,45.2,394.0,54.3,38.9,41.0,48.2,65.1,55.0,58.9,251.6,53.6,72.3
City2139,47346,129.9,17.9,630.8,33.0,37.3,24.9,22.1,43.9,4.9,22.7,43.8,25.7,73.1
City2140,34388,1241.0,30.4,508.0,31.4,37.7,37.0,40.5,61.6,44.6,24.7,163.9,22.2,61.9
City2141,337954,50.0,10.0,869.2,22.8,31.9,18.8,15.7,67.8,20.1,17.3,134.8,25.5,55.2
City2142,288151,393.4,27.0,664.9,25.0,50.4,25.1,31.3,59.8,19.2,22.7,244.9,17.9,61.7
City2143,342038,255.0,51.9,349.6,55.4,73.6,47.1,43.0,67.0,54.3,58.7,212.9,55.7,93.0
City2144,377578,50.0,66.4,733.0,54.6,58.7,58.7,47.9,81.7,41.6,43.4,209.2,58.2,51.4
City2145,196323,354.8,37.2,461.1,26.7,39.5,38.2,28.3,63.8,41.7,24.6,173.3,20.7,46.6
City2146,2160410,433.1,75.7,281.5,52.1,79.0,66.8,63.9,74.5,57.5,64.8,384.0,58.1,65.4
City2147,28530,496.5,26.7,825.3,25.1,29.5,12.8,16.3,56.5,19.9,27.5,96.8,18.9,84.0
City2148,84128,50.0,6.4,718.0,24.3,37.2,15.5,32.3,62.9,7.1,36.7,188.0,26.7,44.9
City2149,232220,1261.0,24.0,784.8,26.7,44.8,21.8,27.9,61.0,16.8,11.1,129.3,40.1,49.4
City2150,26890,101.0,46.5,494.6,32.5,39.9,41.2,39.5,78.0,31.4,56.9,171.6,40.3,50.4
City2151,209777,557.7,29.7,931.8,11.1,15.5,10.2,6.5,59.9,11.0,13.4,93.5,13.4,35.2
City2152,2747105,595.4,54.6,619.1,27.7,40.1,43.7,33.5,67.3,48.2,39.3,237.9,59.2,67.0
City2153,276299,85.5,43.6,627.9,40.1,31.3,42.9,44.7,68.0,52.4,30.2,238.7,46.0,74.5
City2154,370638,540.5,29.7,626.6,33.3,36.3,33.2,27.0,58.6,20.1,45.8,176.9,44.8,44.7
City2155,45971,154.1,19.0,636.6,26.7,23.8,7.6,7.1,44.6,14.7,38.7,48.0,18.0,41.9
City2156,113220,50.0,64.2,436.1,74.4,55.4,49.9,59.6,87.2,44.4,55.8,244.5,67.3,80.8
City2157,158692,993.6,39.6,427.2,44.1,30.9,36.4,34.8,57.9,31.4,61.9,227.3,46.7,66.2
City2158,171991,96.5,46.6,582.4,29.4,62.1,34.7,36.0,62.7,45.5,48.4,150.4,27.6,42.5
City2159,1614121,87.8,42.3,464.5,25.1,42.2,19.9,25.6,56.1,16.1,25.2,139.5,44.5,89.5
City2160,585819,150.9,38.1,706.1,50.1,53.7,55.3,54.4,63.7,47.8,33.6,202.4,46.3,70.1
City2161,56611,339.2,69.7,260.8,65.8,65.3,76.0,82.9,78.5,67.8,90.6,393.6,51.9,90.4
City2162,378929,228.4,18.0,479.5,42.8,32.4,30.6,25.8,62.1,28.4,37.2,150.6,47.8,74.4
City2163,539021,472.3,20.2,535.2,20.3,25.0,29.3,26.3,57.4,15.0,12.6,129.5,39.1,59.3
City2164,1324053,50.0,25.6,648.1,25.1,46.8,22.5,16.0,60.8,26.2,21.9,152.8,28.5,37.3
City2165,2452839,100.4,39.0,406.7,47.7,44.5,35.0,47.8,71.4,45.7,25.2,159.6,31.7,82.6
City2166,64787,212.9,56.0,471.1,67.9,46.4,55.1,52.7,80.4,49.5,35.6,244.4,75.9,65.5
City2167,86232,2386.2,9.8,565.5,39.3,49.2,23.8,19.4,57.6,26.9,39.2,179.3,7.7,66.9
City2168,46137,213.5,33.9,500.6,45.5,46.1,44.0,53.6,66.6,57.4,40.5,166.9,38.0,68.4
City2169,193372,899.9,28.9,658.8,51.9,71.7,41.2,45.2,62.3,37.8,28.4,178.8,37.9,77.1
City2170,515504,256.3,34.3,510.6,49.6,61.9,46.2,39.6,56.8,53.5,35.7,232.4,52.1,69.6
City2171,1069036,136.9,48.6,460.6,42.8,55.1,38.3,50.1,59.3,49.9,59.3,215.2,46.0,64.4
City2172,241269,182.0,34.3,547.6,50.3,35.5,28.4,28.6,57.2,39.3,42.5,144.9,27.6,84.6
City2173,171478,199.9,26.3,625.0,37.9,33.0,15.8,23.8,55.4,14.0,31.6,82.3,30.4,76.9
City2174,331857,504.9,27.2,591.4,26.2,44.1,21.6,11.2,64.1,19.9,20.7,149.6,37.9,67.4
City2175,83349,1273.5,35.4,737.5,40.6,59.5,23.2,28.3,49.8,21.9,24.4,201.3,45.2,52.9
City2176,5002029,376.8,45.2,348.8,42.4,57.0,44.6,52.3,72.1,37.0,59.8,261.8,41.0,80.6
City2177,28262,1016.9,30.0,610.3,33.6,26.9,29.0,22.3,69.4,24.9,21.4,119.1,50.4,44.9
City2178,347540,76.9,39.9,514.4,48.1,46.2,45.5,40.2,71.1,50.3,43.3,277.9,37.4,84.3
City2179,4560982,148.8,52.5,494.0,37.2,36.9,42.9,45.3,69.8,42.0,43.4,168.8,47.4,94.9
City2180,270903,102.6,89.5,270.0,74.4,60.5,87.7,94.3,82.2,85.7,93.7,367.2,85.4,109.1
City2181,205652,356.9,62.0,366.5,49.2,61.1,60.0,68.3,73.9,56.6,61.6,331.4,56.9,70.1
City2182,162685,159.1,55.8,491.5,51.8,55.8,54.5,56.3,75.1,51.8,49.2,301.4,55.8,68.2
City2183,208449,587.4,37.6,581.8,41.9,41.0,36.9,29.6,65.7,41.8,34.7,176.1,42.0,80.8
City2184,1833959,80.1,25.3,651.8,33.3,28.6,36.4,31.7,63.5,32.1,30.0,120.0,22.7,58.5
City2185,12129,257.7,38.8,437.0,44.7,42.9,40.3,46.0,59.0,40.0,36.5,247.5,72.8,48.9
City2186,2296294,557.9,14.8,601.8,16.7,25.0,23.0,25.8,54.3,25.2,30.4,114.9,37.0,75.1
City2187,36550,50.0,41.7,390.5,36.3,67.3,39.3,44.4,70.7,42.0,27.9,168.7,29.7,57.4
City2188,184736,3121.2,58.4,307.3,74.7,75.2,60.1,66.9,84.4,69.3,48.8,377.1,50.8,86.1
City2189,147127,174.2,4.1,660.7,22.8,34.9,14.0,7.0,48.3,7.6,26.2,114.1,36.7,61.2
City2190,611686,50.0,24.3,786.1,35.0,38.0,31.1,20.3,62.0,22.6,37.9,82.6,43.3,51.8
City2191,28641,295.8,76.9,424.8,63.7,69.0,66.8,75.2,85.9,80.7,55.4,390.8,68.7,79.8
City2192,512492,254.7,46.9,461.3,55.8,45.9,45.1,67.9,72.2,45.1,38.0,285.1,74.4,78.6
City2193,4565476,221.8,60.2,369.4,64.7,54.8,59.9,53.9,70.9,40.9,54.9,315.2,56.9,84.6
City2194,39797,803.9,52.8,537.9,56.6,47.7,43.1,53.1,60.1,56.1,49.1,224.7,59.2,80.8
City2195,349965,600.0,27.9,842.0,32.0,45.3,16.3,20.2,58.3,27.5,30.2,101.5,25.2,47.0
City2196,106215,349.8,62.1,343.6,47.2,56.2,61.6,56.6,69.8,45.5,35.0,226.3,69.6,79.2
City2197,487108,420.0,17.6,692.3,40.3,41.4,29.2,30.7,57.0,38.1,22.0,138.3,33.9,73.2
City2198,275627,215.9,52.8,324.1,52.8,63.4,54.0,54.8,69.5,52.8,50.6,306.7,33.9,71.0
City2199,109307,2060.3,26.9,652.2,43.8,42.7,26.3,31.2,57.5,48.7,25.7,220.3,24.1,93.0
City2200,531267,50.0,61.3,473.8,62.2,80.0,71.5,84.6,68.2,65.3,82.5,443.5,57.9,87.6
City2201,3355419,289.3,34.2,563.2,22.2,31.8,12.3,17.0,51.2,14.1,20.8,132.7,10.9,35.5
City2202,205404,264.5,15.5,498.7,18.5,52.2,26.1,24.1,67.4,34.0,16.5,172.3,48.2,51.6
City2203,735025,649.3,54.6,322.7,60.3,50.6,65.5,52.4,64.9,59.1,69.0,241.7,51.4,58.7
City2204,43888,88.9,30.0,609.8,40.9,42.2,31.4,46.7,62.9,35.0,38.1,156.1,42.9,77.8
City2205,70332,50.0,40.9,682.4,46.9,52.9,48.9,46.6,61.6,52.0,52.8,219.7,59.9,78.6
City2206,519888,295.4,63.0,348.2,66.4,45.7,53.5,58.1,59.1,57.0,46.1,235.8,51.2,80.0
City2207,2143096,342.9,46.2,632.8,33.0,49.3,52.6,47.4,57.4,34.2,58.3,166.9,45.3,74.7
City2208,441467,1461.9,38.3,511.2,37.5,44.0,30.0,17.8,63.3,37.0,40.9,185.3,25.2,45.5
City2209,173116,53.3,31.8,711.4,49.7,27.8,27.6,27.7,66.2,47.1,35.7,198.4,31.2,72.9
City2210,268071,978.1,14.8,660.4,39.9,46.8,23.3,28.6,48.4,35.3,13.2,134.3,41.4,60.6
City2211,46603,4191.8,65.0,560.1,43.0,56.6,52.7,58.2,77.2,53.6,38.4,270.4,49.7,83.4
City2212,625509,155.5,75.4,390.2,53.0,64.4,58.3,60.2,70.7,48.1,73.6,324.6,57.4,76.5
City2213,922890,52.0,29.5,608.8,29.6,30.1,33.8,19.0,52.7,26.4,15.3,143.9,44.6,39.2
City2214,142496,150.1,47.3,650.6,40.8,56.2,31.5,26.8,62.5,26.6,40.1,242.2,30.3,61.9
City2215,138959,248.8,61.5,410.6,69.2,66.2,72.5,75.3,72.0,64.3,80.9,340.7,86.5,58.4
City2216,389348,481.3,38.0,689.4,39.1,33.9,41.5,38.7,69.6,35.6,37.8,201.5,36.3,74.5
City2217,145596,120.3,56.1,537.4,48.7,71.6,55.8,64.9,79.7,60.7,41.0,385.4,62.3,71.1
City2218,244608,1581.7,19.7,654.7,24.9,64.3,36.8,22.0,51.2,32.2,44.5,152.2,18.8,71.2
City2219,5073850,64.2,41.8,572.5,48.2,45.2,49.2,52.5,70.0,61.9,63.0,217.7,51.0,81.2
City2220,189883,50.0,62.9,502.3,64.7,57.6,45.3,51.9,72.4,51.6,41.0,314.3,59.6,67.9
City2221,162482,923.4,82.3,312.7,68.9,67.7,72.1,70.8,77.2,71.4,73.0,338.6,73.1,80.0
City2222,108384,50.0,26.3,584.8,31.1,17.1,15.7,14.4,46.5,11.3,18.8,120.0,10.4,34.4
City2223,760604,191.5,93.5,374.2,60.8,71.4,86.4,80.5,79.8,80.2,78.6,425.6,76.7,105.1
City2224,208206,10313.6,62.5,600.7,70.8,55.8,74.2,62.2,82.9,67.3,57.0,375.9,48.8,78.1
City2225,108107,241.2,33.3,377.9,46.8,62.1,38.5,40.1,60.6,44.2,34.5,302.0,34.9,89.1
City2226,1706279,63.8,44.4,583.4,52.7,59.5,49.9,50.7,67.6,53.5,50.9,244.5,47.3,96.6
City2227,1958019,228.4,35.0,708.9,28.8,38.6,27.2,45.3,60.5,23.7,34.2,152.1,30.9,64.0
City2228,115775,230.2,63.5,374.9,51.1,55.7,58.0,50.2,61.6,45.8,50.2,295.3,66.9,74.8
City2229,19669,296.7,24.3,760.4,36.2,51.3,21.5,23.6,53.3,30.4,10.3,104.2,33.8,41.0
City2230,1099668,541.7,39.4,500.9,40.0,32.5,44.1,47.3,72.0,40.8,49.4,176.9,33.8,70.4
City2231,102900,70.3,41.9,463.8,50.9,67.9,50.8,35.9,60.7,33.5,36.5,193.9,54.2,69.8
City2232,811691,1853.9,62.5,664.9,70.6,74.1,69.9,60.3,83.2,62.0,61.9,382.8,57.9,79.0
City2233,17015,328.4,29.1,679.3,31.6,55.1,37.1,32.1,61.4,30.7,47.0,144.6,26.6,38.7
City2234,936248,585.3,12.3,587.0,20.1,23.2,13.0,28.3,50.9,24.0,26.5,201.7,42.0,46.6
City2235,49234,115.1,71.8,239.7,53.4,84.3,72.7,75.2,78.2,57.6,78.0,334.8,83.3,97.6
City2236,746439,1145.6,45.3,381.8,51.7,50.4,51.6,41.9,71.1,43.4,38.2,280.2,56.8,50.0
City2237,273753,179.7,34.2,530.0,51.7,44.6,31.6,44.4,65.0,34.6,25.0,247.9,27.8,63.9
City2238,70578,341.4,37.4,472.0,32.4,32.1,33.2,35.0,62.1,30.8,44.3,185.5,43.0,77.4
City2239,151774,79.9,61.2,505.1,57.9,59.6,62.4,64.2,65.6,58.0,57.6,328.8,54.0,80.3
City2240,701408,74.0,42.1,681.3,44.2,43.0,33.9,31.7,56.5,27.6,26.8,210.3,46.4,64.2
City2241,311219,558.8,56.8,486.4,56.5,64.0,38.5,42.7,67.4,32.8,47.3,206.0,56.6,67.2
City2242,608150,143.7,46.6,610.3,35.8,44.5,36.7,33.2,60.4,34.3,47.0,202.3,30.7,59.0
City2243,4269540,87.8,51.1,430.1,60.7,48.0,49.6,42.4,64.5,39.6,44.3,218.8,69.5,78.8
City2244,30033,113.1,45.6,355.5,38.0,63.2,52.3,46.2,76.1,49.2,60.6,283.2,50.9,56.6
City2245,2582058,566.1,88.0,379.5,62.4,85.9,66.4,85.6,73.9,72.9,62.3,348.7,58.9,72.6
City2246,310549,115.0,51.3,321.8,41.9,58.6,55.0,53.8,71.9,58.7,38.7,291.9,50.8,64.9
City2247,76244,212.5,23.1,494.2,27.0,28.1,43.0,37.5,55.7,42.7,28.6,176.5,24.2,57.9
City2248,41671,249.1,39.5,461.2,35.9,29.4,34.9,24.1,56.8,34.5,28.0,168.9,14.4,63.6
City2249,205917,50.0,31.7,637.3,36.4,46.3,22.8,16.9,48.9,16.8,35.4,166.2,28.3,75.0
City2250,975114,50.0,68.7,540.7,51.0,57.1,60.0,70.5,87.3,72.1,45.8,302.6,62.9,85.2
City2251,224455,366.3,44.5,617.9,45.8,46.7,47.1,37.0,59.0,29.2,51.0,225.7,36.1,59.3
City2252,2225777,101.0,27.4,848.5,32.8,27.1,30.2,44.0,58.2,39.5,32.6,165.3,56.6,72.0
City2253,35184,869.6,58.3,607.5,53.7,54.0,56.8,59.0,82.9,58.7,54.8,265.2,58.2,87.7
City2254,263834,780.7,55.6,296.7,60.7,58.0,65.8,57.9,74.9,55.1,53.8,285.0,65.1,85.5
City2255,46474,580.0,21.9,648.3,28.5,30.3,16.5,13.4,58.7,6.9,8.8,146.9,16.4,62.1
City2256,446450,2172.7,23.7,617.5,40.3,24.3,23.1,23.4,62.7,27.2,18.8,180.0,12.7,57.5
City2257,928794,221.5,54.1,483.4,39.8,39.2,47.9,39.1,62.6,35.1,65.1,247.6,53.1,76.6
City2258,148885,533.1,42.7,768.0,29.6,43.2,32.8,26.1,64.3,43.8,30.5,155.2,42.0,48.7
City2259,10000,121.4,36.2,554.1,54.1,66.1,26.5,42.6,56.0,36.5,31.0,212.5,29.9,63.1
City2260,354522,4641.7,30.5,745.3,44.2,36.1,35.2,33.8,64.3,32.6,45.2,278.8,41.4,53.5
City2261,494565,2644.8,55.3,529.8,71.6,60.2,47.9,61.9,65.7,67.6,57.0,360.7,69.3,68.8
City2262,472603,248.2,50.6,452.0,54.3,60.9,70.9,70.3,65.1,58.3,69.9,271.3,59.4,74.9
City2263,1513741,389.1,26.3,527.8,48.1,32.6,31.2,28.2,64.6,43.2,25.6,187.0,29.2,56.4
City2264,59905,1250.3,49.1,581.0,52.2,40.9,44.1,56.3,64.1,37.7,55.9,275.4,65.5,59.3
City2265,695441,205.1,43.1,401.5,40.7,58.3,41.5,44.4,58.6,35.9,41.8,141.5,28.2,63.4
City2266,1424755,111.3,39.7,571.6,30.8,41.5,26.5,22.8,60.1,20.8,33.7,136.4,52.4,82.8
City2267,22247,698.4,47.9,712.0,33.0,65.2,43.3,37.8,71.5,48.1,64.3,261.7,36.8,86.9
City2268,419791,268.8,26.9,789.2,37.5,40.3,11.9,19.6,56.2,14.0,19.3,93.0,30.7,41.4
City2269,132474,304.8,41.9,400.6,57.1,46.4,46.0,61.4,72.7,56.7,39.5,270.9,63.9,57.9
City2270,239394,89.9,69.9,376.6,80.5,58.3,56.8,63.1,74.6,56.3,54.5,287.7,70.6,93.1
City2271,436588,50.0,24.9,693.6,27.8,25.0,20.6,22.5,53.1,39.0,30.3,160.2,29.6,43.3
City2272,135656,324.9,49.7,596.6,60.2,50.6,46.8,48.8,58.2,53.3,49.7,251.5,41.7,62.9
City2273,104193,724.8,66.5,685.9,61.9,68.7,59.9,48.0,61.7,44.5,38.5,252.0,43.0,60.1
City2274,281479,186.6,63.6,467.6,60.0,74.4,68.9,58.1,66.8,76.1,63.6,363.7,65.4,88.7
City2275,58562,1371.6,56.7,564.4,53.6,39.0,58.3,59.1,70.8,47.7,50.4,255.6,38.0,53.4
City2276,58679,105.1,74.0,546.0,62.1,59.9,63.4,63.1,76.5,62.7,62.3,311.0,64.5,63.2
City2277,694621,69.0,43.0,397.6,30.1,42.8,26.5,43.8,61.6,28.3,46.2,217.3,37.8,53.3
City2278,53727,225.7,33.0,763.0,41.4,68.2,36.9,49.7,53.3,28.0,44.2,212.1,54.8,72.6
City2279,682035,221.6,22.1,556.9,25.9,57.4,19.0,25.7,52.9,23.1,24.1,110.5,17.9,52.5
City2280,512793,616.4,32.7,750.3,24.0,42.4,33.6,25.6,57.2,41.9,30.1,240.4,33.0,68.8
City2281,23953,96.5,64.5,450.7,54.4,49.0,55.1,58.5,63.3,41.6,65.3,308.1,53.7,71.2
City2282,103923,1263.6,35.8,663.2,43.5,38.9,39.8,37.0,63.6,31.5,31.2,155.8,35.7,55.4
City2283,1427953,2592.3,61.8,425.3,60.9,61.1,64.0,56.9,69.0,70.2,65.2,300.1,46.7,56.9
City2284,67939,233.5,55.4,332.5,64.1,53.9,46.0,54.0,63.3,61.6,69.5,318.5,54.4,54.3
City2285,140061,1096.3,79.7,130.3,65.5,59.3,77.3,91.3,78.8,82.5,74.4,424.9,80.2,107.9
City2286,512412,68.9,21.2,580.8,56.1,46.5,37.9,43.7,57.0,32.2,50.8,156.8,26.5,82.9
City2287,803511,889.1,59.8,299.3,52.7,74.3,59.6,56.1,76.1,51.9,47.8,329.2,50.8,61.2
City2288,188687,859.8,54.9,388.6,49.2,49.6,50.5,48.7,68.6,50.2,40.8,239.1,61.8,88.0
City2289,116248,689.6,40.4,684.4,42.3,43.2,38.8,35.0,78.0,28.6,26.0,195.0,61.4,65.3
City2290,1965619,240.2,33.9,449.5,44.9,27.5,34.6,35.9,66.1,39.5,35.6,192.1,44.2,59.4
City2291,3061634,50.0,44.5,387.8,33.1,59.3,43.9,31.3,60.1,41.1,36.8,254.2,36.7,83.8
City2292,1056425,113.3,30.7,678.5,18.1,60.4,16.7,12.2,50.5,19.0,37.6,127.3,18.8,76.4
City2293,302381,115.5,48.1,470.7,39.2,40.6,51.9,45.4,58.5,38.9,63.5,251.8,49.9,70.8
City2294,86545,75.6,58.1,678.7,38.9,42.9,47.4,55.3,70.0,36.9,45.5,176.3,65.0,78.7
City2295,83899,283.4,55.1,566.3,57.5,51.1,52.4,52.9,71.8,44.7,48.2,286.2,37.2,54.7
City2296,557668,148.0,40.1,482.8,42.6,48.8,39.8,43.8,61.0,33.6,44.9,265.8,34.8,54.2
City2297,482028,91.0,38.9,693.8,28.9,41.6,36.2,30.4,61.9,40.3,31.6,213.7,31.0,40.9
City2298,1909282,68.7,35.8,452.9,49.0,43.3,41.8,33.7,64.5,43.7,44.9,206.4,34.8,60.8
City2299,667056,103.7,28.3,554.0,30.9,21.8,24.4,25.0,50.6,22.5,27.9,69.3,9.8,56.3
City2300,32718,939.9,51.5,401.1,57.8,53.5,56.2,52.8,73.4,49.9,36.0,274.6,52.8,54.7
City2301,1170248,110.7,39.9,698.5,28.6,54.3,38.5,26.6,58.1,32.3,35.6,172.5,57.4,62.3
City2302,66351,131.9,64.9,412.4,50.6,79.8,55.8,49.2,68.0,44.6,59.5,331.9,40.1,83.4
City2303,156755,141.5,37.9,653.9,53.4,45.9,33.5,37.7,65.7,34.0,44.9,235.9,36.5,56.5
City2304,380895,367.5,45.8,443.2,49.9,64.3,40.7,37.4,60.7,27.3,46.0,256.5,33.9,61.9
City2305,4386027,423.1,34.3,728.5,23.8,37.9,26.3,21.4,54.2,24.4,20.7,177.0,24.4,78.7
City2306,10000000,50.0,81.5,406.0,78.8,79.1,74.3,77.5,82.2,61.0,83.4,336.6,60.3,80.7
City2307,627445,833.8,81.3,509.8,73.2,57.0,78.5,64.3,78.8,59.7,68.0,298.0,42.5,82.9
City2308,207632,1371.5,58.3,352.6,57.9,55.7,56.1,67.0,69.9,47.1,34.7,233.4,45.2,75.2
City2309,567109,69.4,71.2,452.4,75.9,49.3,64.4,63.9,64.7,53.9,58.4,270.7,44.9,76.5
City2310,929793,76.2,50.8,546.2,40.7,54.0,41.3,51.1,71.5,43.3,38.8,261.3,52.1,75.5
City2311,171281,142.6,30.3,465.5,45.9,42.3,33.2,29.9,61.5,49.0,39.4,139.8,43.9,67.1
City2312,3312772,98.8,36.4,666.5,50.8,53.3,46.3,40.6,74.3,42.5,46.1,176.2,55.2,78.6
City2313,370311,320.1,31.6,439.3,43.2,41.2,39.3,45.3,60.8,45.3,22.5,157.6,34.9,74.5
City2314,538660,50.0,38.4,668.3,21.9,45.2,26.8,26.2,60.6,27.8,21.6,140.6,21.1,48.1
City2315,681665,64.0,42.2,577.8,40.4,33.0,31.2,34.4,69.9,18.9,40.8,168.5,26.7,71.1
City2316,484184,1551.6,74.4,375.4,64.1,52.5,56.2,66.7,63.8,47.8,63.8,285.2,55.9,78.8
City2317,868494,80.3,37.6,568.3,26.5,44.6,24.3,43.9,55.3,27.5,47.1,151.4,17.4,71.8
City2318,113079,1088.0,29.3,504.1,28.9,60.4,25.2,31.6,52.7,24.2,34.3,122.2,32.0,79.6
City2319,122808,374.8,40.7,441.0,46.3,43.6,41.4,44.9,55.1,45.1,38.9,249.0,28.3,64.6
City2320,57514,50.0,85.7,485.4,71.3,55.0,88.4,78.0,79.3,89.2,80.1,356.7,69.1,84.6
City2321,496481,524.5,40.2,597.0,45.1,40.5,22.4,38.6,59.1,45.3,43.5,171.9,32.0,75.7
City2322,798516,212.5,65.1,318.2,75.2,70.4,63.4,61.5,88.0,62.6,76.2,343.2,65.0,70.9
City2323,509345,141.7,11.8,878.2,29.0,28.7,21.7,13.6,53.2,26.7,26.1,61.6,9.0,34.3
City2324,2797647,328.3,8.8,728.2,28.4,30.7,6.0,13.9,57.1,12.0,5.5,98.8,16.4,43.2
City2325,266243,432.5,68.5,395.1,76.6,72.2,64.7,66.8,85.4,76.7,57.4,357.3,64.8,103.6
City2326,684359,572.0,57.1,533.0,57.5,54.1,52.4,67.5,65.4,50.2,39.2,310.0,58.4,87.8
City2327,58198,1006.2,86.6,372.5,56.5,70.9,77.1,71.6,85.8,63.9,88.9,382.0,58.5,76.0
City2328,156070,399.3,75.7,502.1,49.4,60.6,68.1,76.5,74.3,75.5,63.8,265.6,54.9,68.1
City2329,710520,50.0,41.1,412.2,55.5,45.9,45.4,48.6,65.4,53.3,41.9,230.3,42.7,54.7
City2330,880938,138.6,25.8,614.1,35.8,65.0,34.4,29.0,60.3,23.6,22.2,144.7,28.6,59.7
City2331,177805,8363.7,78.2,364.9,72.2,81.0,68.6,82.9,81.9,60.5,55.2,355.3,60.5,94.8
City2332,242743,583.7,48.9,684.2,45.7,54.3,46.8,55.7,66.8,52.1,41.9,271.4,40.9,62.5
City2333,32047,4201.3,24.9,612.4,26.0,49.7,31.5,27.2,54.4,28.9,37.0,127.5,20.4,67.1
City2334,162780,1305.7,26.9,519.0,36.1,37.9,28.1,24.8,67.6,32.4,40.0,170.0,17.9,78.2
City2335,933350,327.1,10.8,695.1,42.9,28.1,17.4,31.9,52.3,9.9,24.7,56.4,18.7,39.1
City2336,600361,351.3,54.7,518.8,48.0,59.5,72.4,61.5,76.6,56.7,51.7,309.1,70.0,71.4
City2337,540868,234.2,18.3,883.9,27.6,44.6,20.0,15.0,46.6,40.1,30.4,76.5,12.9,35.1
City2338,287702,50.0,75.1,397.4,58.7,57.3,66.7,83.6,84.9,63.7,73.0,440.0,75.2,63.7
City2339,271003,250.0,59.4,425.4,63.0,55.2,56.9,56.0,69.5,50.8,63.1,299.8,55.7,67.4
City2340,106462,1046.1,55.0,366.6,50.0,53.9,73.5,67.8,74.4,52.0,50.3,274.1,73.2,82.6
City2341,713801,119.2,53.6,610.4,65.8,54.8,58.0,47.5,72.3,42.9,37.7,271.6,37.1,64.8
City2342,483768,401.2,12.2,696.5,35.6,26.5,27.2,16.0,52.2,11.0,25.5,156.0,8.9,55.3
City2343,534360,679.9,40.5,401.7,56.5,46.5,34.8,54.4,56.9,54.9,38.4,265.5,49.6,63.8
City2344,128482,82.1,20.4,592.6,41.0,48.0,21.4,41.7,65.3,29.8,42.0,106.4,33.4,82.4
City2345,13165,142.4,60.8,482.1,50.2,64.9,43.1,47.8,62.2,42.8,37.3,185.1,31.5,52.3
City2346,1246703,72.1,29.6,730.4,15.1,24.2,8.7,11.4,52.1,4.7,19.9,19.9,29.8,34.8
City2347,137259,91.2,12.7,779.6,19.5,50.1,16.6,11.3,70.6,12.5,23.6,66.4,29.7,65.0
City2348,80186,52.2,18.1,733.9,31.0,19.3,14.6,14.7,52.4,19.6,2.9,52.8,20.9,54.1
City2349,708475,83.1,56.0,657.4,72.3,69.7,53.4,59.9,69.3,53.6,55.3,303.4,50.2,66.4
City2350,155000,1343.9,46.8,494.3,44.5,53.4,55.0,50.9,62.9,57.9,64.5,330.4,56.4,63.6
City2351,1183410,81.6,75.7,242.5,65.9,75.2,64.6,82.7,71.9,64.7,62.8,414.4,57.3,81.8
City2352,636543,284.8,32.7,651.6,38.3,43.5,51.9,40.1,65.1,40.0,42.8,239.8,29.3,58.4
City2353,698714,133.8,26.4,507.7,53.4,33.5,45.1,30.0,67.3,38.3,57.3,203.3,31.9,74.7
City2354,39642,1006.9,26.5,769.7,28.9,43.1,29.4,24.6,56.1,20.4,34.7,164.9,31.7,67.6
City2355,1464056,1180.1,24.0,482.4,51.2,50.8,45.9,32.4,63.0,43.7,36.3,211.1,45.9,60.2
City2356,386833,690.1,28.7,600.2,23.4,47.9,36.3,20.3,47.9,35.5,27.0,194.1,19.7,65.8
City2357,160013,353.3,11.2,683.8,35.9,48.4,25.2,23.1,60.9,29.4,12.5,44.5,13.9,77.4
City2358,327991,185.4,54.0,480.0,48.2,47.4,60.3,60.2,75.4,59.5,65.3,249.9,53.2,75.7
City2359,22320,58.5,34.9,525.5,42.8,59.0,47.1,25.6,54.3,37.4,53.7,184.7,32.9,91.4
City2360,475496,2520.6,80.7,331.6,60.9,61.8,64.3,82.6,89.8,71.6,69.8,363.6,55.1,77.8
City2361,63505,98.3,51.9,389.1,67.0,41.8,52.9,60.3,62.3,43.7,42.0,297.1,35.4,49.1
City2362,40386,542.6,28.2,632.1,17.3,32.8,11.8,27.2,62.2,10.8,12.5,112.4,15.4,77.0
City2363,31846,872.6,43.3,442.2,43.3,71.6,43.8,63.3,82.1,51.5,58.7,310.0,58.7,98.1
City2364,1274116,125.7,63.2,295.7,50.3,76.4,67.5,63.5,77.4,56.2,51.9,302.6,61.1,82.5
City2365,111193,850.3,69.9,516.5,62.0,72.9,71.0,67.4,80.2,59.5,84.3,412.5,57.1,92.1
City2366,2297239,612.2,51.2,426.4,63.3,57.6,49.6,48.1,64.7,37.3,57.4,288.5,59.2,56.2
City2367,126738,1946.0,54.7,350.0,65.8,58.8,60.4,60.6,80.5,65.4,57.8,267.3,40.9,78.2
City2368,24580,139.3,48.5,519.4,33.5,55.7,46.6,41.2,61.0,31.7,30.6,180.1,50.2,80.7
City2369,56210,52.3,30.3,802.1,20.7,30.9,30.8,30.5,55.8,28.0,24.8,188.9,19.6,62.5
City2370,1513804,133.4,63.5,505.2,48.6,52.1,71.3,58.5,74.5,56.2,69.1,285.3,68.1,82.6
City2371,215721,314.4,37.9,638.6,27.7,43.4,48.6,37.1,65.6,39.5,30.9,232.2,57.4,62.5
City2372,124541,262.4,78.7,267.8,54.0,56.8,72.8,67.4,82.5,80.3,62.6,363.9,58.2,105.0
City2373,335717,152.6,87.1,218.2,77.0,55.0,76.4,68.8,86.7,77.7,84.0,392.3,79.8,86.3
City2374,541715,50.0,16.3,781.4,19.2,30.1,23.9,20.8,50.6,9.4,23.9,58.4,13.4,52.0
City2375,1282546,430.3,45.6,541.4,43.1,38.6,46.7,59.4,61.4,43.1,42.2,201.4,39.3,56.6
City2376,2038854,2609.2,32.1,586.7,41.2,56.6,20.5,41.6,55.1,23.0,37.4,187.2,36.3,73.4
City2377,162157,427.1,24.0,561.7,28.6,30.7,17.3,20.7,70.7,30.0,27.0,84.3,15.0,39.5
City2378,41920,508.2,37.8,632.9,42.5,28.0,32.0,26.9,57.4,28.8,20.6,196.4,45.2,75.6
City2379,150414,486.4,25.6,560.1,30.5,37.9,27.5,16.2,65.4,23.9,23.2,136.6,22.1,52.7
City2380,386308,394.0,24.0,649.5,20.5,26.3,25.5,21.5,67.4,37.4,20.2,167.3,39.2,71.7
City2381,69615,748.4,46.1,721.2,21.6,38.9,33.9,33.2,60.6,25.7,22.7,209.3,23.8,78.3
City2382,70262,393.3,93.4,255.0,91.9,93.7,76.3,81.6,74.0,68.2,72.6,407.7,80.7,76.4
City2383,434218,168.1,79.8,402.8,56.0,62.3,66.0,69.9,80.9,64.0,59.5,321.0,64.9,63.0
City2384,250668,94.1,55.8,332.9,48.8,54.6,48.8,46.9,66.3,42.4,65.0,254.7,71.5,52.7
City2385,280945,181.5,47.0,419.0,50.9,57.5,45.1,51.8,68.8,42.6,45.2,214.8,35.2,67.9
City2386,92791,356.7,42.0,522.7,44.9,57.3,29.0,35.3,68.5,36.3,19.5,131.6,46.0,57.3
City2387,194354,167.5,58.9,523.0,56.3,49.6,61.7,66.6,70.0,62.1,73.4,323.1,81.5,103.3
City2388,73575,356.8,46.0,465.1,50.8,48.2,45.4,42.8,57.8,42.4,38.9,182.9,31.0,64.6
City2389,933109,414.5,46.1,424.0,47.4,69.6,33.1,43.0,72.9,42.0,35.8,224.2,61.7,63.4
City2390,1143208,665.0,45.1,381.3,55.5,41.9,40.1,44.5,68.0,54.8,40.4,245.0,39.6,55.4
City2391,20238,1140.7,60.9,386.5,54.4,81.0,64.8,64.1,71.5,57.6,48.8,341.2,65.6,82.0
City2392,73034,268.7,52.0,631.3,58.7,37.5,42.2,34.7,66.5,36.6,29.8,156.0,22.8,60.4
City2393,33019,50.9,32.5,471.5,25.9,24.4,24.6,17.5,56.4,29.9,16.2,177.3,21.0,68.9
City2394,108008,161.7,9.0,793.1,18.8,41.0,8.2,11.7,56.2,0.0,12.6,161.3,17.8,56.9
City2395,238753,258.0,13.1,704.9,20.2,17.4,25.1,24.2,55.6,30.3,11.9,151.1,41.0,48.3
City2396,35259,50.0,38.5,434.2,56.1,39.0,56.3,45.2,66.5,55.3,52.2,273.0,60.0,71.3
City2397,73820,1295.2,30.7,795.1,25.1,46.8,28.7,24.8,48.5,23.5,24.2,125.8,29.6,53.9
City2398,65805,290.3,70.7,529.9,45.6,67.6,47.1,51.6,66.0,44.6,48.7,279.2,49.8,55.1
City2399,358675,386.7,57.6,455.5,67.4,76.6,67.5,55.0,69.0,54.7,54.1,331.4,40.3,56.5
City2400,295694,1259.7,42.2,556.9,58.8,42.2,46.7,49.5,63.0,52.0,49.6,206.1,41.0,68.6
City2401,97691,114.9,26.0,790.1,22.0,27.4,21.2,24.9,46.5,29.2,32.2,56.6,28.1,54.5
City2402,343708,487.3,23.9,683.9,21.7,48.0,29.1,19.5,55.0,22.5,21.3,168.1,35.2,64.8
City2403,124822,214.5,74.1,451.8,68.2,71.3,68.9,81.8,75.8,69.5,70.8,456.8,71.8,60.2
City2404,183447,196.2,76.4,469.4,76.2,60.7,74.8,78.5,77.4,71.9,81.3,352.5,50.9,89.2
City2405,2793575,96.9,63.2,374.4,61.3,52.7,76.1,74.6,84.7,67.3,63.2,349.5,66.0,79.9
City2406,1752660,1805.7,75.2,438.7,58.5,54.4,60.8,64.0,68.1,75.0,54.5,285.5,61.0,80.9
City2407,43503,155.9,70.8,343.2,54.5,64.8,67.9,68.2,75.2,67.7,76.7,409.0,51.3,78.5
City2408,857370,566.4,22.6,614.7,15.5,18.3,12.0,14.7,53.6,17.6,17.7,117.1,40.8,42.5
City2409,835641,50.0,22.9,549.4,33.9,34.4,29.7,24.0,52.5,27.1,26.3,176.7,31.5,62.3
City2410,53767,1008.3,39.9,634.0,68.1,45.5,45.6,52.1,64.8,36.6,47.3,276.7,44.4,51.7
City2411,844321,864.9,25.0,545.8,21.5,41.3,19.7,35.9,61.9,35.1,18.8,133.9,52.4,38.1
City2412,2310800,275.0,38.3,427.8,54.5,64.1,47.1,46.7,57.2,52.0,47.8,148.6,24.0,55.4
City2413,55739,186.4,39.4,643.9,39.9,53.9,40.9,37.0,66.0,47.3,46.4,119.2,54.1,70.2
City2414,74272,395.4,60.8,341.3,65.2,72.7,65.7,66.2,68.2,74.1,67.6,298.2,65.1,67.2
City2415,1115402,3814.4,48.3,439.7,33.9,29.7,28.0,35.3,68.1,40.9,35.3,164.9,39.7,69.3
City2416,392422,50.0,19.7,698.1,40.5,32.9,29.5,29.1,59.4,35.7,26.0,103.5,18.0,50.3
City2417,580744,625.4,79.3,495.1,73.9,69.5,66.9,69.0,86.5,63.7,70.0,383.7,60.6,60.3
City2418,432278,81.9,16.7,675.7,21.2,41.6,29.1,25.7,53.5,19.6,28.3,107.2,31.9,80.4
City2419,463691,238.9,31.4,687.1,41.4,54.9,45.7,51.7,60.0,39.8,53.0,196.2,33.2,58.6
City2420,41895,181.7,64.6,367.3,61.0,53.1,70.9,60.4,66.5,76.0,57.3,344.6,56.0,82.3
City2421,1162687,146.4,22.0,820.7,25.1,46.2,17.1,16.5,58.7,12.3,39.2,116.2,56.3,69.2
City2422,1379768,241.6,58.7,526.7,50.5,40.3,37.5,35.9,57.2,49.2,46.4,213.7,51.9,63.9
City2423,194629,62.7,19.8,694.4,23.4,22.4,22.3,15.2,52.9,26.7,29.9,179.1,12.4,50.6
City2424,252491,841.4,56.9,456.3,62.0,60.0,58.6,50.2,62.8,63.5,41.3,249.1,47.0,68.8
City2425,31459,50.0,54.0,525.4,55.0,82.7,58.6,58.8,83.6,63.7,40.9,288.8,64.2,79.7
City2426,551257,467.6,34.4,858.0,40.9,34.9,39.3,36.4,62.6,42.2,38.7,240.8,37.1,74.3
City2427,597721,165.4,38.1,522.7,46.8,44.1,46.7,46.7,61.2,34.3,33.2,178.0,45.9,41.6
City2428,245962,60.0,48.2,489.2,47.8,41.3,66.7,50.3,64.3,50.8,43.3,302.3,48.7,79.9
City2429,1295095,312.0,39.8,645.0,53.4,37.8,40.1,29.1,65.2,23.7,38.5,116.1,38.7,45.6
City2430,168096,50.0,37.0,524.4,26.0,44.1,28.8,31.4,64.7,34.1,47.8,170.3,25.0,59.6
City2431,591518,256.6,51.1,413.2,49.9,65.8,51.9,55.2,68.7,41.1,42.0,259.1,54.0,87.4
City2432,64374,50.0,59.1,424.4,33.8,56.1,43.8,46.4,57.9,43.0,39.6,231.5,57.1,63.7
City2433,259633,425.6,34.0,665.9,26.0,33.6,33.7,36.4,58.5,26.7,30.1,177.6,44.3,66.3
City2434,210218,80.7,57.1,473.8,56.5,42.9,49.1,59.7,60.6,56.8,62.5,362.4,52.0,52.8
City2435,367850,142.4,44.7,527.1,52.4,41.8,38.9,50.2,63.0,56.8,54.5,293.0,57.3,57.3
City2436,159957,348.2,44.1,503.6,44.5,65.9,41.1,46.8,67.1,42.6,73.5,223.0,41.2,79.2
City2437,223225,96.8,62.9,534.0,41.6,63.2,63.7,57.2,69.7,49.5,48.8,312.8,44.9,67.9
City2438,852958,228.3,38.6,512.5,32.0,35.4,43.8,35.4,58.4,27.0,38.7,205.3,65.1,68.0
City2439,145587,50.0,57.7,457.2,41.1,60.0,46.7,40.0,70.2,45.1,43.1,208.3,28.1,90.1
City2440,28304,521.7,30.0,433.0,53.6,31.7,33.2,50.7,73.0,46.7,51.7,177.5,55.6,76.8
City2441,3107774,2034.3,41.3,473.1,33.4,33.7,37.4,32.7,59.6,31.7,41.9,208.4,42.2,74.1
City2442,1856188,6978.9,29.4,436.7,48.8,57.7,42.8,40.1,61.0,42.3,43.6,160.6,50.9,47.8
City2443,43951,273.0,58.5,368.4,49.3,45.5,54.5,53.4,78.6,44.6,49.6,356.0,54.4,99.5
City2444,704744,630.1,39.8,572.3,54.2,33.6,34.2,45.3,65.2,54.3,34.5,198.6,49.4,77.6
City2445,132698,50.0,11.9,692.9,28.1,22.6,30.7,23.9,53.3,46.8,16.0,186.2,20.1,64.1
City2446,388047,1485.2,10.4,629.3,30.1,17.1,25.9,19.4,44.0,9.2,33.7,186.0,25.9,65.1
City2447,405109,621.1,35.3,620.2,40.9,38.4,23.6,26.9,49.9,31.2,29.4,101.1,35.9,53.0
City2448,193267,136.9,19.0,718.6,19.5,34.3,26.5,20.4,55.7,21.8,21.4,108.8,22.2,53.2
City2449,89565,1079.9,79.6,481.7,64.8,75.0,69.4,62.4,84.5,61.3,64.9,340.3,56.0,89.8
City2450,102052,180.3,53.5,591.4,56.4,62.7,44.4,43.4,79.1,42.4,53.2,213.1,45.1,73.4
City2451,74408,141.2,35.8,467.2,36.4,63.7,34.2,35.8,67.9,31.9,37.6,195.5,55.3,64.2
City2452,83738,432.9,62.1,365.7,81.3,76.1,67.2,69.5,79.5,63.2,55.6,330.7,76.7,82.4
City2453,244250,68.3,69.5,643.8,55.7,60.5,46.5,51.4,68.2,66.2,46.0,299.9,41.5,57.8
City2454,98512,833.8,27.7,622.3,41.5,54.1,14.7,16.0,69.8,19.1,17.6,141.3,45.8,85.9
City2455,697231,68.9,27.8,642.6,29.7,28.2,23.3,21.1,61.1,25.6,6.5,130.2,21.3,47.8
City2456,2152508,69.4,30.7,741.2,30.0,46.8,36.6,38.4,69.9,46.5,31.2,146.2,27.9,53.2
City2457,119124,82.1,41.3,577.4,34.7,43.2,33.1,40.8,61.1,45.4,34.1,220.3,50.6,62.3
City2458,375181,608.7,34.3,710.8,36.5,55.5,40.0,46.7,69.6,54.4,44.9,212.4,42.4,73.0
City2459,540126,116.7,47.2,502.9,59.1,51.5,67.4,50.9,81.9,60.9,55.5,322.1,75.9,58.8
City2460,519594,50.0,39.2,754.1,41.4,32.6,40.7,35.9,60.2,24.8,37.8,231.6,33.9,73.3
City2461,298443,118.3,78.2,448.4,73.5,69.0,84.9,79.5,79.7,77.3,62.7,415.2,62.8,91.5
City2462,758998,235.5,47.6,514.5,54.0,73.2,49.9,49.0,78.7,43.3,60.4,282.6,49.6,59.3
City2463,527101,59.3,45.3,593.6,59.0,56.1,47.7,43.7,60.1,41.5,38.1,226.8,51.1,96.6
City2464,47442,61.4,35.6,487.1,44.7,40.9,51.0,44.0,60.6,38.1,56.4,158.0,43.9,79.3
City2465,906021,3082.7,55.2,593.8,43.5,49.1,62.5,75.9,65.3,59.4,51.6,283.2,70.7,81.3
City2466,929318,87.1,60.0,349.9,37.5,36.6,42.2,52.2,70.5,33.0,44.5,254.8,62.2,73.8
City2467,92170,166.1,25.3,657.2,27.4,54.3,20.5,29.3,65.5,17.4,20.4,160.9,32.7,53.9
City2468,282974,157.5,40.8,450.9,31.2,66.0,36.9,38.4,62.1,38.0,40.4,172.5,62.1,75.7
City2469,698479,147.6,43.0,582.2,51.1,44.1,54.0,54.4,68.9,41.3,53.5,261.2,31.0,65.8
City2470,200177,515.7,32.7,496.5,35.0,34.4,33.0,32.0,58.8,28.5,41.4,166.0,36.0,83.9
City2471,1205215,763.4,46.1,635.0,31.4,60.6,29.8,37.0,59.0,23.4,17.3,134.1,23.6,58.1
City2472,7344200,169.5,40.4,656.3,48.5,33.7,33.2,48.9,72.0,40.4,59.1,205.9,52.8,79.3
City2473,89287,55.5,56.8,519.8,37.0,39.0,39.5,44.6,56.5,33.0,46.7,263.8,35.9,48.5
City2474,38814,1129.3,51.5,404.1,57.1,43.5,59.2,60.1,69.1,45.7,45.5,294.0,35.3,85.1
City2475,410588,218.2,55.8,538.1,68.0,73.8,61.8,48.8,87.1,53.2,52.4,274.6,61.0,80.6
City2476,736885,1951.6,30.3,400.5,38.6,42.2,47.9,35.2,56.4,41.5,28.6,228.5,61.0,55.0
City2477,194227,50.0,35.1,476.7,53.2,44.3,35.0,39.3,71.7,32.2,56.0,155.7,23.4,70.3
City2478,2052491,309.4,50.4,474.2,55.1,64.2,52.4,42.5,77.7,47.8,34.6,200.7,39.5,63.2
City2479,41190,2446.3,24.9,701.6,34.2,27.9,26.7,30.0,64.5,25.9,35.1,136.6,22.0,60.6
City2480,707919,160.1,19.1,511.6,29.5,24.3,28.2,27.5,54.1,21.2,19.8,122.3,24.7,64.6
City2481,114897,186.7,26.5,769.2,41.5,64.4,29.5,26.8,54.7,27.3,54.7,138.2,37.1,85.1
City2482,2979091,348.8,32.0,523.3,51.6,39.9,29.9,28.2,59.1,40.8,38.7,179.3,59.5,47.3
City2483,4366714,125.1,34.0,492.3,35.1,55.3,33.2,29.8,65.8,44.5,53.7,158.9,62.0,46.7
City2484,91736,168.3,36.3,659.6,44.3,64.3,37.0,30.7,63.4,36.6,59.3,158.0,64.5,81.6
City2485,124320,163.1,39.1,534.6,54.4,57.0,50.3,44.7,63.4,34.6,50.3,284.0,26.9,62.2
City2486,893966,115.2,53.8,457.2,36.9,48.9,52.0,41.8,64.6,55.5,46.2,249.9,46.1,55.3
City2487,156063,1069.2,37.6,456.6,38.3,63.2,42.5,28.9,60.4,32.7,39.7,166.6,36.1,78.5
City2488,251808,425.5,13.4,564.1,37.3,44.4,17.1,32.2,53.7,11.0,28.5,88.1,16.5,53.2
City2489,278046,330.5,10.3,549.7,10.5,15.4,27.8,9.6,42.8,8.8,4.2,122.5,13.4,82.6
City2490,18259,645.7,17.1,572.9,36.2,26.5,14.7,20.1,49.1,28.7,8.2,149.5,38.2,38.5
City2491,263188,178.2,39.9,471.9,31.7,31.2,38.7,32.2,61.4,33.7,48.5,145.2,33.1,56.7
City2492,102168,96.6,32.3,628.9,35.4,39.7,25.7,31.5,48.3,21.0,37.5,142.1,37.3,76.6
City2493,134541,118.7,30.1,560.1,48.5,34.5,35.8,44.5,59.0,35.1,41.3,224.2,23.3,47.2
City2494,2025009,245.2,35.8,823.0,32.3,31.8,28.1,22.0,53.4,27.2,19.1,107.7,32.2,64.9
City2495,46207,68.6,28.8,556.4,30.4,65.2,22.1,37.3,62.5,32.1,33.9,159.7,40.7,54.1
City2496,837760,134.2,17.3,812.8,21.5,25.2,14.4,13.1,55.3,26.6,37.0,101.0,25.2,46.2
City2497,181580,131.7,19.5,626.5,32.0,40.1,31.4,31.1,52.4,36.3,22.2,143.2,48.4,63.9
City2498,181377,3132.1,49.6,516.5,49.0,43.2,57.7,42.8,77.5,52.5,51.0,278.3,45.8,86.6
City2499,811403,50.0,55.8,300.7,40.5,52.3,52.2,52.1,72.3,45.9,67.7,285.2,67.5,54.2
City2500,431952,197.2,20.2,722.6,25.3,51.4,15.4,26.8,47.3,40.9,29.3,140.5,55.7,57.5
City2501,596514,1940.8,26.8,504.5,36.7,46.8,24.5,24.6,54.5,32.4,25.1,147.1,42.3,60.5
City2502,1040756,283.2,34.5,617.1,49.0,41.9,39.8,45.3,61.9,43.2,41.7,243.0,56.0,52.3
City2503,168749,604.3,62.2,486.4,57.0,78.9,76.2,68.8,80.3,52.4,87.7,336.2,72.5,65.3
City2504,113876,275.8,35.2,409.4,37.5,57.3,39.2,33.2,56.3,27.6,41.3,279.2,19.1,55.9
City2505,58734,109.9,21.2,810.9,37.1,38.4,20.7,35.7,56.0,26.0,16.1,84.3,20.9,73.4
City2506,84493,50.0,69.0,385.5,68.3,71.3,67.6,56.4,74.1,61.3,72.5,393.4,48.2,60.1
City2507,10000000,313.1,22.1,686.3,18.4,24.4,23.0,16.2,45.5,13.5,39.8,89.6,40.1,56.2
City2508,1532715,96.5,39.0,436.0,49.0,46.0,32.6,40.4,59.4,25.9,32.5,191.1,34.6,67.0
City2509,40477,93.7,72.2,421.3,66.0,54.0,76.1,69.4,74.1,77.4,62.3,317.1,58.3,100.9
City2510,42131,134.5,30.8,602.2,34.5,46.7,21.2,16.3,52.1,14.1,19.9,155.2,28.6,35.5
City2511,526819,1985.9,44.6,514.4,30.2,50.6,42.9,39.5,66.6,38.8,41.5,245.7,58.9,67.4
City2512,577330,4384.4,40.8,590.1,24.7,52.6,41.9,42.4,58.3,28.8,44.1,181.7,40.8,74.9
City2513,578640,317.6,70.8,498.4,59.6,81.7,84.8,78.8,92.0,70.9,88.9,454.7,77.6,78.5
City2514,187786,140.1,47.2,436.2,47.7,55.3,56.3,63.7,69.9,40.1,39.2,254.6,48.2,93.8
City2515,225114,59.6,58.5,349.2,44.9,59.2,64.6,64.0,67.3,49.5,52.4,316.1,44.9,59.2
City2516,424654,429.3,56.5,391.4,40.9,35.5,52.2,44.5,65.7,41.3,33.6,294.9,63.8,53.3
City2517,302625,2078.7,62.9,574.5,76.2,66.0,63.1,63.8,66.9,74.6,42.0,240.3,62.0,59.3
City2518,12003,181.9,32.4,637.8,27.4,56.4,47.5,45.1,66.3,50.6,35.8,230.5,31.6,51.0
City2519,194518,50.0,42.9,312.4,53.3,48.1,46.6,50.0,82.6,70.9,55.0,220.8,46.2,75.3
City2520,81473,546.8,22.6,599.3,21.7,27.7,17.2,18.8,48.8,32.8,44.5,166.6,25.6,70.4
City2521,342934,798.3,6.4,795.0,23.2,43.0,21.3,19.3,49.8,16.3,17.0,24.6,34.1,75.9
City2522,10000000,50.0,80.1,290.4,72.4,63.5,86.4,80.8,92.0,81.8,90.6,454.0,81.5,81.4
City2523,448863,302.4,71.7,436.7,64.6,65.0,70.7,77.8,81.0,54.9,72.3,417.6,77.6,82.2
City2524,173002,420.5,59.1,384.9,70.6,59.6,68.3,66.2,82.8,75.3,71.3,321.6,44.2,68.3
City2525,975321,224.1,57.3,604.1,39.8,47.8,59.6,54.5,71.6,45.1,49.2,217.5,55.2,90.4
City2526,527425,94.7,92.8,419.4,80.2,81.4,74.0,96.9,80.9,69.5,74.2,369.5,81.8,69.3
City2527,483174,828.1,43.3,593.3,30.9,35.4,41.8,46.3,72.7,40.1,51.8,197.9,33.1,78.0
City2528,627557,150.8,75.7,516.9,60.1,82.1,79.8,73.5,84.6,81.7,77.0,475.7,63.0,89.8
City2529,4776224,50.0,65.1,332.3,60.3,64.2,57.3,51.8,77.3,61.9,48.9,243.0,45.8,95.4
City2530,55091,50.0,64.3,440.4,57.2,73.7,59.5,64.3,64.1,56.5,57.6,276.4,53.2,79.1
City2531,520781,1111.0,37.7,667.5,59.0,56.2,43.0,43.7,55.3,40.6,37.9,258.6,32.3,53.4
City2532,73355,512.9,68.3,465.2,45.1,59.6,61.1,56.3,78.4,59.7,61.9,257.4,54.8,76.6
City2533,584035,271.9,18.1,567.1,29.1,36.4,30.1,18.1,56.7,13.0,36.2,114.9,22.3,39.0
City2534,74149,144.3,78.4,421.4,61.5,85.8,60.0,51.7,81.9,62.3,69.2,304.0,66.2,67.5
City2535,149594,129.7,58.2,653.8,42.3,56.0,53.4,54.5,64.2,58.5,45.6,261.9,69.9,73.4
City2536,177526,67.3,75.8,341.7,64.8,66.6,71.9,68.4,71.1,56.7,49.9,369.7,70.8,73.6
City2537,1051936,145.8,76.0,507.9,45.7,53.0,54.8,65.9,68.6,72.4,58.7,359.7,65.1,66.2
City2538,970761,50.0,46.1,478.9,36.8,59.5,43.8,41.7,68.3,44.0,58.9,203.1,41.1,66.6
City2539,46910,101.2,46.0,371.0,57.9,54.8,52.3,62.3,68.6,57.5,37.3,232.4,58.9,79.3
City2540,289788,168.5,35.4,677.9,55.3,54.8,34.9,40.7,59.2,46.1,43.9,264.2,38.1,69.4
City2541,99368,508.7,37.8,708.5,36.8,37.8,30.9,38.4,51.3,17.8,46.3,171.4,40.3,50.7
City2542,46078,233.2,42.1,498.2,32.3,59.0,42.4,34.0,66.3,44.4,29.5,207.9,38.3,79.5
City2543,198030,635.2,18.5,625.0,27.5,66.1,19.9,23.1,52.6,23.6,36.5,140.9,37.7,55.4
City2544,174228,1235.2,48.7,687.7,39.4,31.1,48.8,47.7,57.9,37.1,44.5,176.1,34.8,81.9
City2545,8019631,871.1,63.1,487.5,44.4,72.3,54.4,50.1,68.2,41.8,42.2,300.3,54.0,81.5
City2546,491955,430.4,18.1,756.5,26.8,48.1,18.0,19.1,51.3,30.8,35.4,114.7,16.2,57.0
City2547,39000,248.2,70.8,413.7,46.8,49.8,49.3,60.8,64.6,58.7,62.6,317.0,39.2,87.4
City2548,121700,75.4,26.3,530.7,33.9,43.5,28.8,36.8,55.1,42.4,20.1,155.1,37.2,66.3
City2549,1121229,594.6,58.4,487.5,64.1,56.1,65.5,56.0,66.4,61.5,56.9,365.9,42.2,82.6
City2550,4994360,1836.6,38.2,568.0,49.4,71.7,48.8,49.8,58.7,46.6,49.9,217.2,34.7,79.9
City2551,29132,368.9,41.9,555.3,36.0,61.4,42.7,50.1,68.1,47.3,46.0,213.0,31.4,83.8
City2552,19304,2442.3,8.4,797.0,22.2,43.4,13.8,4.9,49.4,7.2,28.6,46.3,2.9,56.0
City2553,3683416,50.0,40.1,728.7,43.9,55.8,42.8,44.5,68.5,35.4,48.1,162.8,48.6,48.9
City2554,462989,61.3,43.0,513.9,37.3,66.7,50.8,53.8,58.5,45.4,72.1,251.8,37.0,47.3
City2555,79569,682.8,55.1,354.6,41.1,49.2,65.2,56.8,84.0,52.4,65.2,280.6,58.1,79.5
City2556,567207,336.0,47.3,748.6,41.8,43.5,45.7,46.6,56.5,40.6,49.9,228.7,40.8,82.8
City2557,10000,1183.9,44.0,574.3,67.0,53.1,61.1,61.4,69.3,57.1,51.6,233.4,60.4,56.8
City2558,269608,240.2,10.6,808.4,15.7,35.1,17.5,26.4,55.4,24.4,22.7,96.8,0.1,55.4
City2559,424619,86.4,44.7,531.9,32.8,55.2,32.4,38.8,53.1,29.0,33.2,208.0,45.8,52.2
City2560,978697,189.4,85.8,442.5,61.3,80.3,66.6,68.6,79.8,58.3,60.6,345.6,62.8,99.9
City2561,64896,50.0,55.2,658.0,46.7,61.2,39.8,43.9,68.0,45.6,39.9,192.3,55.9,45.0
City2562,302537,63.2,31.5,556.1,35.8,53.8,22.9,37.0,59.3,38.4,36.9,141.5,41.0,40.4
City2563,73453,786.0,50.3,621.6,46.9,52.9,50.1,47.4,68.0,58.8,44.8,303.7,41.8,59.5
City2564,383669,697.4,41.0,431.4,61.2,44.8,31.7,41.7,65.4,24.1,28.4,198.3,36.6,72.9
City2565,76612,378.3,57.1,551.0,41.7,61.5,58.1,53.7,68.6,61.3,62.3,230.5,40.6,51.6
City2566,151548,50.0,58.4,520.5,45.1,63.9,59.0,49.1,75.8,73.0,54.0,339.7,63.3,87.7
City2567,66559,159.2,44.3,409.1,55.5,53.8,48.6,56.9,72.2,46.4,62.7,283.0,37.5,57.6
City2568,667697,56.3,50.0,458.2,37.2,52.2,40.3,58.4,74.0,41.1,44.4,244.1,50.3,68.1
City2569,892544,1004.1,51.9,527.0,35.4,36.5,27.4,23.5,66.4,33.1,41.6,187.8,46.4,54.1
City2570,193209,121.5,40.6,667.8,41.8,64.1,25.2,35.6,62.2,43.4,44.3,232.4,27.4,49.6
City2571,283093,66.5,50.1,637.3,38.9,61.5,44.6,49.6,69.3,37.4,44.6,250.8,62.0,67.0
City2572,35311,253.6,33.0,633.4,39.6,29.7,20.0,17.8,57.8,20.4,15.3,139.3,34.3,41.5
City2573,176389,113.5,28.8,727.1,33.8,49.2,35.1,30.2,62.6,38.4,47.9,193.3,25.0,43.9
City2574,250124,1451.7,58.4,641.1,49.3,47.7,58.4,60.5,76.1,64.7,58.7,311.3,44.4,76.0
City2575,10000000,101.3,84.5,494.9,70.7,79.0,75.2,83.1,90.5,78.7,57.8,365.6,78.5,64.1
City2576,56570,50.0,72.9,481.5,64.9,67.3,57.3,55.2,76.1,57.1,43.3,388.8,50.7,63.5
City2577,2084100,50.0,59.7,420.9,61.9,54.7,60.2,66.2,86.9,55.2,75.0,344.4,80.3,74.8
City2578,1083386,235.8,7.4,577.2,23.2,25.5,22.0,22.2,52.1,13.9,39.3,61.8,19.1,53.9
City2579,397476,124.7,59.3,440.9,59.8,61.3,58.6,47.3,88.7,59.7,58.5,246.2,51.3,87.7
City2580,3147341,50.0,52.8,695.1,52.3,39.7,48.8,51.4,67.7,54.1,40.5,298.0,46.7,70.0
City2581,451778,1019.5,38.6,607.1,41.8,27.7,35.3,29.1,53.3,30.9,29.3,117.3,24.2,71.7
City2582,462694,545.0,46.1,483.2,53.4,55.8,32.8,40.2,59.4,53.6,48.0,237.7,42.4,85.3
City2583,249105,236.5,55.2,407.2,53.4,36.4,40.3,53.8,67.5,33.4,35.9,245.8,42.3,49.8
City2584,1488078,1257.9,32.9,473.4,26.5,43.3,31.8,20.4,57.9,30.3,35.8,129.1,26.3,44.3
City2585,1245511,541.9,70.0,336.1,60.4,81.2,61.0,71.6,82.1,55.4,51.3,327.5,65.1,71.2
City2586,111753,91.2,45.7,457.6,53.2,61.4,57.4,53.9,77.4,66.8,59.5,248.9,55.7,80.1
City2587,42321,70.3,34.9,526.2,36.3,65.7,47.3,33.7,76.4,52.4,28.9,179.8,45.9,48.0
City2588,201960,653.0,66.0,297.7,61.9,64.4,59.8,67.3,69.7,70.8,54.8,315.4,67.0,93.9
City2589,87548,393.7,33.5,525.7,38.6,38.8,38.3,31.2,67.8,44.7,38.4,220.2,59.8,67.9
City2590,245503,300.0,58.5,660.0,38.1,54.5,48.2,59.2,58.8,45.7,40.1,229.7,46.8,67.9
City2591,1517255,88.6,23.2,726.0,20.6,43.0,18.8,23.8,52.7,15.0,27.9,187.5,15.5,51.9
City2592,141460,507.5,72.4,441.9,59.2,51.8,65.6,70.5,73.4,54.5,58.3,295.3,55.1,80.6
City2593,252722,98.8,3.8,850.9,31.4,26.7,11.4,5.6,52.8,23.3,18.9,93.1,7.3,68.8
City2594,291044,216.5,70.8,451.9,55.8,59.1,47.7,61.7,76.9,50.8,49.8,318.0,58.2,79.6
City2595,880110,1389.0,26.4,628.3,45.5,45.3,34.8,25.0,65.6,34.4,30.3,237.1,38.6,60.9
City2596,11549,110.7,27.7,763.3,42.4,66.8,37.9,34.0,58.8,46.3,62.3,192.8,47.2,42.5
City2597,114762,50.0,4.1,631.2,18.3,42.7,8.4,12.8,56.8,8.0,19.8,118.3,31.7,32.8
City2598,360698,69.2,37.3,812.5,13.6,29.5,12.3,21.3,56.6,35.1,36.7,103.0,17.8,59.4
City2599,1439937,806.9,53.8,394.6,48.1,68.3,53.8,56.5,69.5,41.9,44.9,226.8,49.7,79.9
City2600,134771,332.2,30.5,556.6,34.2,29.4,22.9,33.6,51.5,18.2,25.6,200.3,14.4,49.3
City2601,19396,209.6,42.7,422.0,50.4,51.6,43.0,42.0,63.7,46.7,44.4,247.1,41.7,83.5
City2602,638959,132.8,27.7,767.8,22.0,40.3,29.8,30.0,57.4,13.0,28.7,162.3,18.3,70.4
City2603,110248,438.1,70.4,380.7,61.5,67.3,65.8,56.8,72.0,52.4,62.1,314.2,58.0,69.5
City2604,50739,88.3,70.6,459.0,62.7,65.7,68.1,65.3,81.8,56.7,67.5,348.6,77.3,84.6
City2605,111962,353.1,79.2,240.3,68.2,75.3,74.3,70.7,72.0,61.4,58.4,357.0,66.2,80.2
City2606,207246,101.7,31.5,607.0,38.2,48.2,21.6,20.3,51.8,30.9,21.8,113.3,32.3,53.4
City2607,115077,83.3,54.7,475.0,42.1,69.7,62.3,68.5,65.0,61.7,63.7,331.1,52.9,70.7
City2608,12236,113.9,73.4,286.9,76.9,66.5,67.2,69.5,76.8,63.3,64.0,335.3,72.1,80.6
City2609,942124,155.9,16.5,633.9,45.7,43.7,27.8,25.9,55.6,21.4,8.8,203.1,31.8,72.9
City2610,1598897,230.8,29.7,477.9,40.9,33.0,28.0,28.5,59.7,43.8,21.5,170.5,33.1,60.4
City2611,668058,324.6,42.6,465.5,51.2,33.1,33.9,38.7,63.4,46.9,47.4,254.0,37.4,48.4
City2612,54570,50.0,42.7,518.7,41.0,54.8,43.5,46.5,67.3,30.4,48.9,216.4,29.2,74.5
City2613,202381,92.8,26.3,700.0,32.9,21.3,26.1,29.5,55.6,30.6,38.5,150.8,33.0,58.7
City2614,265898,153.0,49.0,570.8,39.1,36.9,32.6,36.2,60.9,51.6,29.0,231.3,23.9,72.0
City2615,620519,1489.3,32.9,406.5,35.2,53.8,38.7,37.7,59.3,33.3,33.6,231.8,27.7,70.1
City2616,683975,67.0,28.8,581.8,41.6,35.2,17.4,18.2,55.4,45.0,37.6,104.2,27.8,48.1
City2617,96005,297.5,55.4,651.4,48.2,50.2,47.5,57.9,71.8,44.4,47.7,308.2,44.9,77.6
City2618,300978,1471.5,36.5,731.6,40.4,39.9,18.7,29.2,61.9,26.5,33.4,93.7,18.1,53.6
City2619,508994,50.6,26.3,598.2,35.7,24.7,31.4,23.7,56.7,33.2,45.6,241.0,33.2,56.3
City2620,2059865,392.6,50.5,440.4,30.9,40.7,43.3,46.7,55.2,54.8,58.2,237.0,54.6,80.7
City2621,719498,93.4,40.0,610.9,31.8,67.1,48.3,40.5,70.4,44.0,36.4,217.1,51.9,52.2
City2622,809910,133.5,20.7,593.5,26.1,37.9,22.6,31.3,48.8,36.3,26.0,209.0,30.1,39.5
City2623,301750,93.3,50.3,716.4,44.1,60.5,44.6,47.1,63.6,37.1,35.9,193.7,35.2,50.6
City2624,1933114,101.7,46.1,628.6,35.7,52.2,48.6,41.1,74.4,54.3,49.5,300.7,49.2,68.1
City2625,476235,6414.4,56.9,411.3,47.9,50.9,54.8,58.3,71.9,33.7,48.0,210.1,41.0,90.8
City2626,80376,674.1,15.5,883.8,39.3,39.3,18.8,17.1,54.2,22.3,26.9,159.8,11.6,56.2
City2627,1914023,917.9,13.9,662.5,32.1,26.6,18.0,31.5,49.3,12.9,19.5,160.7,53.4,45.4
City2628,712877,441.6,36.1,482.1,37.0,63.4,37.5,43.6,63.2,48.1,60.0,213.0,33.4,64.9
City2629,144312,50.0,49.4,566.8,72.9,56.5,49.5,59.6,70.4,44.2,60.6,373.0,48.8,66.2
City2630,137133,393.1,25.6,715.8,33.2,27.6,27.5,31.8,56.4,44.9,34.8,106.1,36.9,53.6
City2631,406445,886.7,35.7,484.3,40.9,37.4,25.4,13.9,59.7,26.7,22.7,69.2,39.5,65.8
City2632,513219,87.9,52.2,594.2,61.8,51.7,45.9,51.9,57.7,48.0,36.7,222.8,70.1,87.4
City2633,353701,779.3,51.2,657.1,55.9,50.4,51.8,58.5,76.2,59.0,44.3,278.6,65.4,70.0
City2634,414916,569.8,55.1,549.4,45.5,63.9,55.0,54.3,73.5,55.6,74.1,265.0,65.1,91.5
City2635,2899185,2258.5,32.7,628.0,36.8,50.7,29.8,33.4,72.1,28.7,44.8,152.6,44.5,57.3
City2636,1202797,148.2,17.4,863.0,29.3,18.6,12.2,14.2,57.6,4.0,14.7,74.3,25.1,77.3
City2637,350420,65.6,25.7,570.1,36.6,23.3,25.7,27.0,67.4,30.5,30.1,201.1,53.0,73.8
City2638,1002326,158.5,19.3,568.4,20.2,33.3,18.0,16.3,49.7,24.8,6.3,48.1,8.6,35.0
City2639,63225,1370.2,43.1,456.3,43.7,50.6,33.1,37.1,62.3,37.4,45.4,246.6,35.9,88.7
City2640,468409,50.0,30.0,484.0,32.5,50.8,31.2,45.9,60.2,35.7,50.9,198.6,51.8,51.8
City2641,3378792,50.0,55.2,360.6,50.0,54.9,53.9,48.5,57.2,38.0,58.8,221.8,53.3,55.1
City2642,197745,272.4,32.2,558.3,38.0,39.1,40.2,40.1,60.6,49.1,28.0,122.8,48.4,70.4
City2643,81904,143.9,52.5,492.0,73.0,55.2,53.0,62.0,63.7,47.9,61.7,298.6,56.9,75.9
City2644,107696,247.0,73.5,429.7,77.0,51.5,75.0,76.8,77.1,60.6,69.2,368.9,77.3,81.8
City2645,58367,760.8,64.4,566.7,66.2,73.6,55.5,53.6,65.5,59.0,49.0,264.6,39.1,55.3
City2646,89440,126.1,41.0,529.3,47.2,55.0,39.0,51.1,63.9,47.7,43.5,272.5,51.0,71.8
City2647,159737,50.0,35.5,476.0,51.9,52.5,55.5,43.7,63.8,51.3,50.6,278.6,33.9,60.7
City2648,37504,2845.2,36.8,503.9,41.2,37.5,44.6,44.9,68.3,37.0,33.2,242.1,56.0,85.3
City2649,274269,73.9,30.6,542.0,45.1,35.5,32.6,38.8,59.7,30.2,35.2,276.2,52.1,60.8
City2650,949022,68.7,40.8,601.5,48.3,51.8,37.7,41.8,65.6,48.6,60.0,259.3,44.7,62.3
City2651,75292,920.1,51.0,502.7,36.8,49.2,35.6,43.1,57.8,27.6,32.1,171.8,33.6,74.0
City2652,2251252,154.3,65.8,518.0,49.9,40.6,52.1,60.3,72.3,54.9,47.1,274.4,46.2,84.1
City2653,548591,226.8,44.0,571.5,38.4,48.5,49.2,42.1,62.1,34.6,37.4,180.5,41.7,45.1
City2654,1135760,436.7,36.1,451.1,29.8,37.4,32.4,40.7,66.8,39.7,51.8,172.9,38.1,73.3
City2655,106834,898.1,41.4,642.0,44.0,49.2,39.3,40.1,56.4,36.5,30.7,204.6,62.0,73.5
City2656,887652,164.0,26.5,797.6,28.8,44.1,14.7,14.3,50.9,16.9,33.0,85.6,11.0,74.4
City2657,58179,1516.2,32.0,792.3,33.2,26.0,21.9,23.7,62.8,19.2,15.8,100.8,12.5,61.1
City2658,933173,50.0,22.7,556.8,28.5,24.5,31.6,22.0,45.2,34.0,8.3,153.5,26.1,60.2
City2659,341319,609.0,42.9,429.6,38.8,61.0,46.6,50.5,73.0,40.3,49.9,194.5,60.6,44.8
City2660,582189,89.4,18.2,708.7,28.9,22.0,13.9,18.8,58.3,14.0,28.8,107.2,30.1,39.8
City2661,51749,1269.9,50.4,492.0,61.7,43.4,52.6,44.5,76.5,41.0,54.3,279.3,37.3,73.2
City2662,76642,290.2,39.8,773.0,61.8,51.5,43.0,49.3,64.3,48.5,27.9,231.5,38.5,72.8
City2663,619160,109.1,47.8,335.3,41.1,44.4,38.6,50.7,66.9,53.8,40.2,244.7,31.6,59.3
City2664,71133,542.1,46.1,571.4,32.2,60.5,37.4,51.3,59.0,37.6,38.9,221.8,58.2,50.5
City2665,513234,714.7,58.9,529.5,55.2,52.9,44.3,66.1,65.2,52.9,62.5,263.6,44.4,79.0
City2666,39577,528.6,53.9,527.8,49.5,49.2,56.9,48.6,70.9,48.0,64.0,270.6,45.9,101.2
City2667,879794,71.1,32.3,467.6,29.5,32.6,42.6,33.3,59.1,30.9,33.1,228.8,42.6,82.3
City2668,47785,136.9,50.0,503.8,57.2,57.9,50.2,54.4,64.4,62.4,42.9,306.3,72.2,63.4
City2669,581414,243.5,14.8,560.1,22.3,25.8,20.6,13.7,46.9,12.5,30.7,65.5,17.1,70.9
City2670,644276,232.9,52.7,287.5,52.1,54.3,70.0,62.5,64.3,54.9,77.6,318.1,65.1,60.9
City2671,101166,601.7,9.3,626.6,28.8,28.6,7.8,15.2,54.9,25.5,20.1,90.8,11.6,61.5
City2672,606122,50.0,44.1,630.2,40.3,52.7,44.3,39.6,70.6,47.8,31.3,276.6,35.8,79.5
City2673,386396,365.5,34.8,436.4,37.0,43.6,38.0,37.4,63.6,55.3,29.6,292.3,57.2,54.3
City2674,126199,172.8,52.6,540.8,34.2,35.3,43.7,42.7,74.6,42.9,31.1,190.0,27.0,56.4
City2675,65383,89.5,41.2,487.9,38.9,37.8,45.2,43.6,60.1,36.1,32.9,256.7,35.6,89.7
City2676,17194,100.4,28.4,686.9,44.9,43.4,24.1,29.3,52.1,48.8,26.6,210.1,44.2,55.0
City2677,437796,189.2,47.5,589.6,53.9,44.9,56.2,50.9,66.1,38.2,67.8,271.9,36.7,70.0
City2678,30009,50.0,44.8,511.5,56.5,71.2,52.6,33.1,63.6,49.4,48.9,218.3,59.5,78.2
City2679,306656,105.5,14.1,674.0,39.8,48.6,22.1,10.7,55.6,22.9,13.5,57.6,41.1,32.4
City2680,185567,85.5,51.4,499.7,41.2,42.9,48.9,57.5,68.8,52.2,46.7,307.3,54.5,75.6
City2681,694397,463.7,60.1,533.6,42.6,65.1,69.4,60.7,73.9,59.9,57.1,336.3,54.7,70.0
City2682,175805,93.1,44.5,734.4,30.0,44.6,25.2,32.9,63.1,34.8,47.1,176.3,56.0,89.5
City2683,169189,189.0,38.1,511.0,39.5,45.4,41.7,46.1,64.5,54.7,32.6,229.2,51.2,59.4
City2684,747596,1557.3,31.7,465.3,56.5,39.8,28.5,33.5,73.7,34.9,45.1,231.8,33.5,67.7
City2685,428943,806.9,44.5,571.9,41.6,57.0,46.1,41.5,63.9,36.2,56.2,209.9,75.8,48.0
City2686,417741,722.5,64.6,439.2,49.7,57.3,56.5,55.4,86.6,60.2,73.4,289.5,61.9,78.5
City2687,517608,134.3,41.0,451.4,32.6,43.4,33.3,39.2,56.8,28.3,44.7,148.9,36.4,86.0
City2688,31263,469.5,48.1,529.8,48.6,62.5,42.1,56.0,74.4,42.4,61.7,243.5,65.9,63.0
City2689,774137,184.8,6.6,655.0,32.8,23.6,10.2,3.8,46.3,19.3,9.4,63.9,32.7,47.3
City2690,632513,193.4,32.1,665.9,30.7,39.3,24.8,33.0,62.1,18.5,32.7,217.5,30.9,42.3
City2691,64643,400.1,18.5,646.5,29.2,41.4,18.2,24.2,64.9,38.5,11.4,143.7,12.4,83.2
City2692,190667,119.5,78.4,432.7,65.7,69.7,73.1,78.5,76.1,69.8,82.2,337.8,56.8,80.7
City2693,253969,1467.9,39.8,513.9,47.1,46.8,48.4,47.4,65.3,40.4,44.5,181.2,62.2,70.2
City2694,222282,201.9,21.7,563.6,39.1,36.7,21.9,33.6,59.1,24.0,37.5,224.4,16.0,62.1
City2695,428224,513.9,45.5,497.0,42.1,74.6,45.8,47.5,69.8,38.8,48.0,278.6,57.7,94.5
City2696,1990533,1403.5,27.2,800.7,41.3,37.5,30.4,19.9,56.4,17.1,20.1,114.7,18.3,71.9
City2697,1220136,843.9,42.9,441.3,43.0,39.3,44.7,61.2,72.7,59.8,69.9,237.5,75.1,65.7
City2698,42740,50.0,33.6,596.5,47.7,43.7,26.3,43.0,70.8,35.7,39.5,126.7,26.7,76.3
City2699,641072,417.3,56.8,356.5,42.3,46.9,47.5,61.4,73.9,59.2,56.8,245.9,37.5,86.2
City2700,1724601,679.2,24.6,547.0,14.8,49.5,15.6,14.0,47.1,21.1,29.2,104.8,40.5,45.1
City2701,461174,713.5,7.5,1000.0,29.8,34.3,6.8,6.8,56.1,7.5,20.4,61.1,4.0,74.2
City2702,1235977,64.3,55.2,421.6,59.1,80.7,60.3,59.3,64.9,49.0,58.1,300.6,61.2,63.6
City2703,4489171,111.2,37.0,727.7,44.9,53.0,38.0,33.2,63.4,40.0,43.5,183.0,65.7,61.1
City2704,1124887,807.1,49.6,631.5,55.5,50.8,52.0,50.1,67.1,47.1,63.0,257.4,54.5,65.9
City2705,380420,98.1,40.6,429.3,43.4,65.4,49.2,50.9,63.3,61.5,54.9,222.6,48.4,90.0
City2706,1159064,170.8,56.2,538.5,42.1,59.8,68.3,59.3,79.0,73.3,72.7,270.3,70.3,95.8
City2707,328681,1621.4,67.9,329.5,54.8,45.6,56.6,59.4,69.9,55.3,48.6,347.0,74.3,82.1
City2708,277468,231.1,34.3,570.6,35.3,54.3,32.5,48.7,58.7,28.8,46.2,239.7,32.2,67.9
City2709,164065,102.3,70.4,516.0,53.6,47.2,61.6,58.0,62.7,53.5,50.1,273.5,56.0,80.6
City2710,2394724,85.4,55.3,604.8,40.6,61.3,47.6,45.8,66.6,58.2,63.2,308.4,38.5,65.3
City2711,85323,364.8,61.5,426.5,63.4,67.0,65.7,81.7,75.7,58.9,66.9,418.0,60.7,78.6
City2712,2292869,50.0,35.5,515.8,25.9,32.6,11.0,22.0,48.7,20.4,38.1,93.1,29.2,51.4
City2713,540262,181.9,39.0,630.7,22.8,51.2,24.1,22.5,52.0,26.0,18.1,130.7,36.0,67.6
City2714,37834,365.0,29.5,682.7,40.5,41.9,38.9,33.4,68.0,50.8,37.3,180.8,25.6,52.6
City2715,448968,1163.3,54.0,463.2,49.0,52.6,49.6,48.6,60.0,36.9,34.7,249.9,47.2,62.3
City2716,14185,545.1,67.2,380.0,48.5,51.4,57.4,62.4,90.6,53.2,47.0,296.0,70.4,56.1
City2717,644165,103.9,29.3,454.1,32.2,40.4,41.3,25.9,55.8,23.9,19.0,145.0,57.9,57.1
City2718,926643,1006.4,50.9,398.9,42.9,37.4,42.4,39.4,64.3,49.5,43.6,202.1,38.0,71.7
City2719,117090,170.8,28.8,661.4,52.4,60.4,38.2,37.5,59.1,25.2,53.7,189.0,18.1,78.5
City2720,319006,55.5,29.7,756.0,43.2,55.0,45.3,43.2,66.4,47.0,33.3,173.6,40.0,60.6
City2721,4138402,199.0,79.4,380.4,62.6,65.3,68.7,70.1,89.7,67.4,57.5,329.9,76.7,69.4
City2722,132184,1374.4,59.2,685.2,46.7,52.6,59.3,43.3,73.3,41.9,61.3,260.5,49.4,62.1
City2723,60932,298.4,58.2,367.7,61.0,49.5,67.8,61.7,82.6,47.4,80.7,337.9,70.7,60.5
City2724,2135750,248.4,80.3,338.1,61.7,48.2,68.7,65.8,76.1,51.6,54.7,279.4,40.8,55.9
City2725,4187531,1745.3,35.7,718.3,53.7,46.4,32.2,30.0,67.0,24.3,26.5,163.7,37.5,38.0
City2726,269729,50.0,21.5,488.7,41.5,44.9,30.8,36.6,66.9,24.1,41.6,203.9,45.0,65.2
City2727,1105765,52.3,47.9,496.2,54.5,37.6,50.4,60.2,66.5,47.3,42.0,242.7,44.1,60.3
City2728,1755152,50.0,68.7,600.8,39.4,55.4,52.2,62.4,73.4,59.1,65.5,219.1,44.0,72.1
City2729,94894,382.7,74.6,223.1,78.3,77.4,85.8,86.8,82.9,80.4,59.0,388.6,67.7,81.6
City2730,136021,298.8,68.4,411.2,75.8,65.7,82.6,79.8,79.8,77.2,61.5,365.9,52.9,66.5
City2731,1503376,1558.2,37.8,449.1,44.8,38.0,48.9,51.7,68.9,42.3,52.4,200.4,49.2,71.7
City2732,2839163,327.7,15.9,755.9,25.5,43.2,24.7,8.7,61.1,15.4,26.5,104.9,7.5,48.4
City2733,590091,150.7,9.8,604.0,44.0,22.1,13.7,21.8,53.2,20.5,41.2,84.4,26.9,40.0
City2734,78296,245.2,48.2,299.2,54.8,56.4,60.3,55.2,78.3,57.5,75.5,256.3,50.2,55.6
City2735,4333497,281.8,37.8,561.5,39.3,68.1,40.2,41.4,63.1,39.1,53.9,218.5,36.2,70.1
City2736,127598,50.0,60.8,392.8,74.2,87.3,61.1,67.3,65.8,70.6,79.6,370.4,64.2,77.3
City2737,167846,6325.8,14.4,665.1,49.0,25.7,10.1,13.9,61.4,16.3,25.0,69.9,14.2,57.3
City2738,433337,456.6,46.8,594.7,35.5,46.1,39.4,45.8,74.1,36.3,42.4,229.6,47.1,60.5
City2739,2363902,314.8,26.3,613.1,28.2,42.3,35.7,40.1,62.3,24.1,25.2,214.1,28.4,63.6
City2740,886969,511.9,35.9,538.6,38.9,32.9,30.2,30.7,58.5,39.2,37.2,177.1,15.3,58.9
City2741,479649,573.2,16.8,803.0,15.4,32.6,12.9,9.7,52.1,7.8,14.0,38.7,6.2,56.7
City2742,513293,206.7,15.5,636.2,17.2,30.9,21.9,32.9,55.6,27.5,33.4,87.9,25.5,58.8
City2743,285192,114.7,73.6,326.1,62.9,54.3,72.6,58.6,71.9,72.9,68.2,347.7,48.8,75.4
City2744,586187,502.4,47.7,489.1,57.7,49.0,46.3,38.1,71.1,57.0,35.2,262.2,39.5,75.9
City2745,10000,388.7,35.2,412.7,54.2,53.8,35.1,34.5,57.5,33.0,46.8,177.5,59.6,71.4
City2746,177149,92.6,67.2,400.7,70.5,63.7,58.7,73.5,77.3,76.2,60.2,286.9,52.9,67.8
City2747,376190,1343.2,47.6,555.8,51.7,41.3,52.6,40.1,62.6,54.9,36.2,294.7,67.0,65.7
City2748,53561,347.9,33.9,681.9,17.8,26.4,30.5,17.3,62.5,24.0,35.4,152.8,12.9,55.6
City2749,460861,587.4,29.7,700.6,53.0,66.7,43.7,39.2,66.7,40.7,14.8,103.6,20.4,72.9
City2750,201539,1300.2,57.8,484.7,40.9,59.4,46.4,57.5,76.4,47.7,42.2,254.5,40.9,55.5
City2751,3133515,251.2,43.6,735.3,57.7,40.8,36.0,38.2,68.0,33.0,34.6,194.2,52.5,51.4
City2752,2427148,357.9,57.6,468.2,56.1,83.6,56.6,49.8,78.7,52.6,57.5,242.4,72.8,98.3
City2753,139786,646.8,74.9,443.5,43.3,42.8,50.1,50.0,72.8,59.8,58.9,314.0,56.5,69.3
City2754,217255,102.5,12.2,701.4,19.5,20.1,11.4,23.4,64.0,25.5,17.0,103.7,6.9,44.2
City2755,241946,261.1,16.7,540.1,24.4,41.7,30.6,15.3,50.8,19.5,17.7,193.5,34.3,65.5
City2756,142582,284.5,30.1,632.8,45.1,41.0,32.9,36.8,53.8,36.6,41.2,169.6,20.4,52.0
City2757,352580,77.7,31.8,553.4,58.3,53.9,40.6,38.9,67.0,45.0,58.7,164.5,43.0,69.3
City2758,92818,3948.8,19.4,723.3,34.0,41.5,18.5,20.6,56.7,13.9,42.7,116.4,19.5,69.0
City2759,55112,50.0,32.0,660.4,29.2,33.3,14.2,13.5,58.1,9.9,9.1,150.4,21.1,46.1
City2760,641648,51.5,51.3,619.8,40.0,62.3,42.0,57.0,75.3,48.0,47.2,169.0,51.5,67.0
City2761,647802,1184.5,48.7,747.8,34.6,47.0,38.0,31.0,51.9,30.3,53.1,159.3,39.9,62.7
City2762,87025,575.9,62.3,425.8,65.6,64.2,58.9,70.3,70.4,70.6,64.3,401.4,53.1,75.5
City2763,939870,71.4,11.9,561.9,35.3,32.2,15.6,24.1,67.4,30.8,29.1,70.0,5.3,40.3
City2764,110834,507.1,79.4,507.7,61.0,89.8,78.3,75.6,71.0,66.1,75.1,415.5,66.9,85.2
City2765,382479,1424.3,27.4,692.9,34.8,29.2,30.3,24.0,53.2,32.5,18.5,163.4,46.2,65.9
City2766,846175,236.0,56.5,433.8,43.4,48.6,45.6,56.9,72.8,54.1,69.4,244.5,44.0,55.7
City2767,256002,5533.6,74.4,399.2,57.9,72.1,68.7,75.1,84.4,81.7,68.5,351.2,70.3,85.8
City2768,507188,50.0,22.3,590.0,42.8,43.2,28.4,24.2,53.4,22.6,35.5,144.0,35.5,70.1
City2769,130222,562.6,62.9,547.0,46.3,70.4,69.5,58.4,79.1,49.4,55.3,326.6,55.5,59.0
City2770,203810,992.1,33.4,813.9,35.7,29.4,27.2,28.9,63.5,27.3,50.3,162.9,38.7,74.7
City2771,201148,713.1,53.6,608.6,42.3,50.2,42.3,50.3,61.3,37.1,51.0,209.8,56.6,84.2
City2772,94352,191.5,55.7,497.5,50.9,53.5,47.9,51.8,73.6,47.3,42.8,294.3,46.1,54.1
City2773,209507,172.7,49.9,356.9,50.2,63.8,63.0,57.1,75.0,49.9,71.5,280.8,53.8,65.6
City2774,30697,417.0,11.7,726.6,26.5,54.3,19.8,18.5,52.7,16.4,17.9,122.1,21.6,65.8
City2775,134912,651.3,26.1,702.0,39.9,37.9,30.7,23.8,54.9,19.5,21.4,87.2,27.6,51.0
City2776,180083,504.2,22.7,810.6,34.2,34.2,12.0,21.2,57.4,29.2,6.4,127.7,11.2,37.7
City2777,187465,852.4,39.2,594.8,47.4,54.7,37.7,35.5,66.4,29.6,49.5,194.6,50.9,67.3
City2778,191358,72.0,75.6,434.8,59.9,77.0,83.6,77.7,76.1,81.8,76.7,363.4,81.2,102.0
City2779,246109,186.2,78.7,351.2,80.2,73.6,68.8,73.8,71.8,64.9,85.1,357.5,80.0,109.0
City2780,525033,79.2,33.9,531.9,41.9,34.3,39.6,28.1,63.6,26.0,30.4,171.1,40.7,48.9
City2781,912847,154.0,29.8,623.7,35.5,44.5,18.6,21.6,51.8,29.4,15.1,103.3,32.4,50.2
City2782,108047,827.4,84.7,208.2,61.9,87.9,83.1,90.2,70.4,64.8,64.6,361.0,79.7,68.9
City2783,49787,278.5,80.6,426.0,59.1,60.5,69.5,73.1,83.6,68.8,84.1,400.1,81.6,67.4
City2784,62388,5587.2,30.5,591.5,32.6,53.0,30.9,39.5,59.8,49.0,34.8,191.4,20.3,77.5
City2785,135661,308.6,27.8,643.2,19.3,31.5,14.8,25.4,63.5,14.6,28.2,122.5,29.2,60.8
City2786,163948,262.9,31.4,508.4,46.0,43.7,40.7,46.7,63.9,30.8,46.5,172.2,39.3,86.5
City2787,91309,277.9,30.1,648.9,22.4,36.5,23.7,13.2,56.6,31.9,14.9,114.0,50.4,55.3
City2788,43714,113.8,38.9,720.8,32.6,26.9,40.1,21.9,65.7,23.1,19.9,162.3,36.5,58.9
City2789,141694,228.3,28.9,763.0,16.8,28.9,8.2,4.5,55.2,15.1,29.2,67.0,7.8,74.1
City2790,345931,947.0,21.7,493.6,32.3,45.8,12.6,25.2,54.3,24.4,26.3,128.7,30.5,66.4
City2791,617257,280.6,30.7,464.1,22.5,50.4,34.6,24.1,51.2,29.0,18.5,144.7,32.3,44.7
City2792,122959,94.4,62.7,409.5,58.4,62.0,59.0,63.5,77.9,68.5,56.6,306.3,51.6,66.4
City2793,150512,80.6,56.8,431.9,52.3,48.8,45.8,39.6,66.5,49.0,29.8,173.4,61.5,74.8
City2794,73322,142.6,35.4,785.5,40.1,27.8,31.5,32.9,62.2,20.9,29.8,241.6,48.6,50.0
City2795,256782,267.4,33.2,566.2,39.8,40.4,33.4,25.6,48.3,31.3,22.1,143.3,22.7,52.9
City2796,81813,1024.9,69.3,289.6,53.5,85.7,69.3,74.8,88.9,71.9,79.6,344.0,86.1,82.2
City2797,598617,50.0,31.5,685.8,42.2,58.2,24.5,19.5,67.5,27.1,31.4,138.4,16.0,45.3
City2798,22021,166.7,15.5,866.7,16.6,19.9,1.7,11.7,52.7,9.4,36.2,59.7,16.6,38.4
City2799,162189,291.0,66.1,489.3,68.4,39.8,58.1,62.2,66.4,64.8,62.7,305.5,55.8,69.9
City2800,409032,50.0,37.1,559.2,41.5,30.3,39.4,46.5,64.9,33.6,44.6,215.2,34.7,76.6
City2801,347100,90.0,40.6,764.1,32.9,48.7,22.9,34.9,60.8,19.3,47.2,186.5,25.0,60.1
City2802,10000000,108.2,38.3,715.8,34.5,36.2,36.1,31.4,52.6,17.0,24.6,130.5,33.3,48.8
City2803,437888,94.1,33.5,473.0,60.5,56.4,46.9,40.8,67.5,37.7,41.8,211.6,27.6,70.6
City2804,65796,308.1,62.8,451.8,59.2,60.0,60.2,56.5,65.8,54.7,43.3,254.5,47.0,78.4
City2805,234767,201.8,62.0,320.1,73.8,44.5,52.9,65.5,75.2,47.8,52.3,275.8,65.1,93.9
City2806,22320,125.7,45.7,452.7,49.8,49.5,50.8,48.7,71.3,50.5,65.4,266.2,50.8,81.0
City2807,239704,408.9,74.4,414.6,66.4,55.5,73.0,60.7,72.1,57.4,59.6,343.6,52.6,76.8
City2808,83593,1934.7,35.1,617.6,40.8,65.7,15.9,21.2,55.0,29.9,29.2,110.4,49.9,62.5
City2809,966606,1749.5,13.6,678.5,16.0,19.2,10.1,18.0,44.5,19.7,14.3,74.0,22.5,52.5
City2810,124323,50.0,76.6,439.3,72.6,69.3,86.4,73.7,79.6,79.0,71.5,319.9,64.3,93.8
City2811,227869,489.1,26.4,555.3,36.7,30.0,30.5,41.1,60.0,42.6,28.6,138.1,43.0,43.3
City2812,110218,197.6,58.8,497.4,68.3,57.5,68.1,59.3,64.2,55.1,51.5,303.6,54.6,65.9
City2813,3061427,294.8,25.4,715.2,43.5,40.2,30.3,11.5,55.6,32.6,28.3,109.6,4.9,67.1
City2814,171143,151.7,37.4,480.2,33.6,57.1,34.2,34.4,60.2,30.2,39.1,268.9,46.4,75.3
City2815,3490584,281.8,29.3,662.2,31.3,45.7,20.7,20.0,50.2,24.9,20.4,157.3,31.7,54.7
City2816,838871,293.4,48.2,383.0,33.4,35.8,38.4,43.3,59.7,37.7,32.2,194.6,58.5,58.9
City2817,526967,122.2,54.2,522.9,50.9,73.4,51.3,42.5,58.5,45.5,60.7,205.0,33.5,94.0
City2818,449650,83.5,51.0,436.3,46.4,45.0,46.1,56.8,65.8,44.3,63.6,288.6,66.9,71.4
City2819,465708,142.8,50.2,678.7,36.3,55.2,38.2,30.4,64.3,29.1,42.6,175.1,53.2,59.0
City2820,18056,324.1,27.2,772.4,21.5,25.5,24.3,15.6,49.7,29.3,13.9,192.7,42.9,57.5
City2821,181600,502.1,24.5,464.4,58.9,30.2,45.6,31.2,52.2,39.0,27.3,166.8,38.2,60.7
City2822,876087,681.3,71.9,347.1,81.4,72.6,77.2,73.2,68.3,75.5,71.2,378.2,64.2,58.2
City2823,250582,135.2,56.7,505.2,59.6,46.4,45.0,46.2,68.5,44.9,40.6,226.8,53.4,68.1
City2824,37523,344.0,14.2,674.1,31.6,20.8,8.6,19.5,48.8,28.2,30.0,144.5,28.3,52.2
City2825,249355,776.7,25.1,589.7,23.9,50.9,32.4,33.1,59.5,27.7,19.6,146.4,30.5,52.9
City2826,2916071,991.0,49.5,681.1,57.2,49.0,42.6,44.8,63.0,53.9,44.8,190.4,41.1,62.5
City2827,1537469,228.0,58.3,527.4,49.2,62.6,61.4,70.6,72.8,51.4,49.7,265.3,43.2,62.2
City2828,246026,187.7,83.6,315.1,75.0,58.2,72.1,84.0,81.9,63.8,85.4,326.5,73.8,63.7
City2829,1016655,307.8,69.1,417.2,65.9,51.9,58.2,55.1,74.2,43.1,46.2,320.8,50.6,87.4
City2830,160635,61.6,40.6,784.9,33.1,36.6,17.6,19.6,66.4,15.2,19.3,205.2,48.0,77.2
City2831,24700,194.0,14.0,739.0,28.6,37.4,18.7,38.1,56.6,19.9,24.1,104.8,22.7,44.7
City2832,73551,597.9,31.3,490.5,52.3,63.4,44.3,42.2,71.7,34.4,41.4,265.2,43.0,77.5
City2833,2392966,528.7,49.7,513.7,55.6,31.2,52.4,32.6,61.8,28.9,50.3,209.6,39.7,82.8
City2834,182847,176.9,35.8,629.9,32.1,49.0,21.4,19.5,62.2,23.8,24.3,168.9,21.0,70.0
City2835,190853,317.7,32.7,892.6,28.5,34.9,20.0,25.2,64.4,12.0,29.4,137.3,28.1,35.9
City2836,176350,91.0,37.6,768.4,51.4,38.6,53.6,57.1,74.4,53.4,48.8,248.9,35.8,68.9
City2837,3858508,569.2,22.3,489.7,39.2,33.4,25.7,22.5,65.7,26.2,46.4,184.1,43.4,84.2
City2838,2613870,222.9,51.7,357.8,43.1,38.5,50.8,51.4,73.3,41.2,31.4,254.5,59.1,66.3
City2839,5994136,175.7,41.2,377.7,49.2,46.6,37.4,56.2,60.5,43.4,33.8,222.6,59.9,55.2
City2840,214772,158.5,70.6,426.9,67.1,54.5,68.4,68.2,85.1,57.9,79.8,328.1,54.8,63.1
City2841,405904,226.9,65.7,367.2,61.2,60.6,78.8,81.8,84.8,68.0,71.8,330.8,60.4,80.1
City2842,32102,143.0,16.5,805.0,31.0,21.1,17.2,18.1,50.0,29.2,28.5,64.0,27.6,42.9
City2843,2121657,539.0,35.7,633.0,49.2,37.2,17.9,20.7,59.4,38.5,35.9,111.7,13.0,79.4
City2844,52318,152.3,64.9,421.5,54.4,53.5,68.7,74.8,74.5,67.9,59.4,387.3,56.7,74.7
City2845,363482,1655.0,59.4,407.3,40.6,54.8,52.5,57.3,63.2,57.4,61.2,257.9,67.1,79.4
City2846,57744,1419.8,25.5,637.2,35.5,35.8,15.6,16.9,58.8,15.2,27.1,176.0,33.4,53.9
City2847,117663,83.9,75.2,434.3,71.0,75.7,78.0,76.7,87.9,67.2,69.8,391.4,70.7,66.8
City2848,83102,266.0,17.3,666.7,19.7,32.3,14.7,9.8,57.3,18.2,23.3,104.0,7.2,49.9
City2849,114573,112.1,14.5,680.8,31.1,39.7,12.9,26.2,58.9,6.3,28.4,126.0,21.4,61.0
City2850,126150,165.3,29.0,653.9,32.2,37.0,33.7,30.2,55.5,26.2,21.0,250.5,31.4,66.7
City2851,124545,2705.2,50.6,381.5,70.7,81.9,57.5,59.5,79.4,70.3,69.8,267.2,42.7,56.2
City2852,861704,169.2,24.3,447.6,45.5,61.4,27.9,39.8,60.4,44.8,40.3,216.9,26.5,71.8
City2853,57136,377.0,42.4,587.7,55.7,41.8,46.1,53.3,64.0,45.2,53.4,222.4,66.2,60.6
City2854,365403,468.5,27.8,775.8,37.7,20.3,9.6,17.2,48.5,15.2,23.7,127.0,9.3,69.6
City2855,1476437,73.6,86.9,258.8,75.3,75.3,79.2,80.1,80.5,85.6,64.5,377.8,73.5,74.8
City2856,130813,87.7,21.7,682.9,38.2,38.3,29.5,33.9,61.6,49.3,36.4,187.4,17.5,49.8
City2857,98214,57.6,40.5,380.4,53.3,68.1,47.3,46.4,75.7,45.9,56.5,224.3,64.5,88.5
City2858,194320,84.5,32.8,501.1,50.4,50.4,46.3,47.0,73.2,50.2,38.7,203.5,35.1,78.2
City2859,1399485,50.0,39.2,456.8,48.8,40.6,42.4,46.8,60.1,48.0,43.7,226.8,52.0,82.4
City2860,352128,470.4,24.0,576.1,35.7,33.2,40.2,32.1,56.3,42.9,31.5,191.2,21.9,48.7
City2861,127554,2878.5,21.6,692.3,29.7,48.4,12.2,10.8,54.2,10.8,28.0,121.6,10.8,36.1
City2862,528304,292.2,29.7,484.3,31.4,35.9,31.1,37.4,52.5,48.4,31.5,144.0,27.8,40.9
City2863,57342,50.0,52.3,407.3,53.7,41.3,56.0,61.8,64.0,52.1,41.6,268.6,51.0,74.4
City2864,696555,113.1,29.3,704.3,32.9,32.4,34.9,20.4,52.5,39.1,28.3,179.2,54.5,56.4
City2865,475465,141.1,58.7,391.3,42.1,42.1,60.6,48.2,70.2,47.5,64.3,261.6,49.7,80.2
City2866,174393,72.2,62.4,545.3,49.1,49.5,71.1,58.1,62.3,60.0,61.4,274.1,46.0,102.5
City2867,82948,686.9,4.4,864.3,34.8,33.7,8.2,21.8,46.3,5.5,13.6,85.2,28.6,51.4
City2868,77547,647.0,32.5,404.8,34.9,51.0,30.8,31.2,54.6,30.2,18.6,197.6,42.1,43.0
City2869,567357,61.2,42.6,411.0,44.6,36.7,56.1,43.3,66.3,49.9,48.7,285.7,39.8,68.6
City2870,1499395,584.1,39.6,667.9,50.0,26.2,42.6,20.5,62.2,25.2,50.9,119.9,51.7,58.9
City2871,109948,1528.7,61.1,326.8,58.5,68.3,67.6,61.8,85.2,66.6,68.2,284.6,58.5,80.7
City2872,509783,2399.6,33.3,598.6,54.1,40.2,40.9,33.0,60.8,28.9,20.5,194.7,30.0,62.5
City2873,14445,7617.9,20.2,848.0,22.7,51.1,5.3,7.2,56.4,12.1,34.8,40.5,13.1,52.3
City2874,118365,82.9,51.9,519.1,55.6,41.5,54.2,53.8,70.3,53.0,51.5,224.1,62.8,78.5
City2875,256919,7252.2,16.7,773.3,33.1,25.5,30.2,20.1,58.0,31.7,45.8,123.5,21.0,49.5
City2876,75090,160.0,33.8,551.9,41.7,35.0,42.7,39.4,62.6,51.9,53.5,188.7,41.1,80.7
City2877,72322,120.2,52.5,384.2,45.1,53.4,56.9,53.7,70.7,62.0,62.2,238.8,56.9,80.3
City2878,105356,362.3,75.9,323.2,64.3,58.6,81.6,59.3,81.9,58.6,56.9,317.0,71.3,105.1
City2879,403959,121.7,24.9,798.2,28.8,20.5,5.4,18.6,54.7,18.1,18.5,27.0,14.9,61.5
City2880,206434,395.0,40.8,764.5,38.3,46.7,40.5,39.1,63.4,49.9,38.5,194.2,43.2,75.6
City2881,11689,50.2,35.5,503.1,38.4,38.9,34.6,31.0,67.1,43.5,44.9,161.0,39.0,50.6
City2882,13780,183.7,34.9,656.2,19.5,40.4,24.4,22.8,50.0,15.7,10.0,114.3,38.8,35.9
City2883,114735,1144.5,20.8,602.0,22.0,39.6,23.5,23.0,48.2,16.8,23.3,84.1,33.2,63.7
City2884,509284,228.5,37.7,569.2,47.5,51.7,26.7,30.9,51.9,24.9,27.5,175.2,19.7,37.9
City2885,10000,290.0,21.0,475.8,26.6,54.1,30.2,25.4,49.6,30.9,33.4,94.9,15.4,62.9
City2886,133302,432.8,20.3,740.4,24.3,46.7,33.7,24.2,60.0,32.4,33.6,153.0,42.0,47.3
City2887,128444,997.0,74.6,286.8,65.2,60.7,88.0,71.1,70.0,71.8,68.7,302.4,69.0,101.6
City2888,1874163,50.0,23.9,535.5,36.7,49.1,39.3,33.5,66.7,21.1,33.5,198.7,32.5,48.6
City2889,156524,493.5,28.8,512.1,27.3,32.0,33.8,34.3,50.6,37.7,45.0,217.9,19.9,50.4
City2890,458715,177.4,60.3,510.1,52.1,66.8,48.8,57.5,66.8,67.3,47.6,311.5,52.8,65.9
City2891,327014,298.9,28.7,621.0,39.1,30.5,32.0,29.6,44.8,35.6,22.8,73.3,34.1,67.9
City2892,13591,873.0,75.2,349.3,67.3,67.7,80.1,76.0,80.2,88.6,75.1,374.8,76.8,78.3
City2893,786611,58.4,21.1,684.1,54.9,37.9,19.1,34.5,71.6,24.6,37.0,123.4,46.5,47.6
City2894,362781,72.6,52.3,615.5,56.7,54.9,58.8,46.8,65.4,56.0,50.4,256.3,65.7,80.3
City2895,546656,50.0,63.0,294.5,75.8,61.3,63.9,66.3,85.9,77.6,64.6,352.3,60.3,85.3
City2896,10000000,126.6,52.0,373.6,48.9,53.5,49.0,50.7,72.1,42.1,36.9,263.0,28.9,56.9
City2897,14504,1207.8,5.4,616.5,29.4,43.3,6.3,17.6,51.8,18.2,12.2,60.6,16.5,37.1
City2898,3001357,211.7,40.3,772.9,37.4,39.9,38.4,27.0,59.9,40.3,28.2,134.5,28.2,48.3
City2899,179435,50.0,51.7,570.4,45.7,69.6,49.3,54.7,69.4,53.8,37.8,217.8,40.4,51.2
City2900,401218,136.6,22.5,630.6,18.2,23.3,9.7,15.1,54.8,23.2,17.4,34.0,17.1,53.0
City2901,251772,50.0,24.2,663.4,34.0,38.5,6.4,10.6,56.0,9.5,12.2,85.9,41.8,75.2
City2902,148163,63.4,76.6,296.2,65.3,55.9,67.5,63.6,81.5,66.3,68.0,267.8,52.4,94.5
City2903,120841,390.2,60.4,394.3,34.4,36.5,45.4,53.5,67.8,42.0,43.2,203.1,48.3,87.4
City2904,425624,59.8,24.4,648.6,40.7,24.6,8.3,18.5,63.9,23.3,32.1,60.1,22.6,74.6
City2905,32078,930.0,22.7,790.6,29.2,63.5,32.6,40.1,50.9,22.3,39.6,163.8,63.5,42.0
City2906,767436,224.7,29.5,481.2,42.2,36.9,40.6,32.4,69.0,33.3,35.1,263.4,32.9,83.9
City2907,149840,271.2,49.6,455.7,41.4,39.2,40.4,55.9,57.8,35.5,30.9,330.4,57.1,64.0
City2908,55155,175.2,25.8,585.0,25.7,33.3,19.7,15.1,57.5,13.2,33.6,137.5,15.3,60.9
City2909,142911,618.6,56.6,376.3,69.0,64.5,42.4,41.7,60.6,65.3,51.4,226.9,45.2,75.8
City2910,1559707,626.3,55.1,523.7,50.3,58.1,37.9,52.0,64.3,55.6,46.7,315.6,70.4,62.6
City2911,126820,365.8,39.4,694.6,37.0,39.3,39.7,42.1,69.3,41.9,55.1,186.9,60.8,60.1
City2912,443225,481.9,35.2,488.0,26.3,35.7,44.8,32.6,58.8,35.7,30.0,174.4,45.7,59.8
City2913,96438,189.7,32.3,664.9,43.9,34.3,24.2,27.0,64.1,27.0,43.0,120.2,21.8,76.8
City2914,775366,469.0,46.7,561.0,42.8,36.1,54.6,58.6,72.5,64.2,35.9,270.2,61.9,64.4
City2915,700612,163.1,32.8,791.4,26.1,33.5,25.3,34.2,61.0,25.2,18.9,106.4,18.6,45.5
City2916,3569915,245.3,29.8,623.7,46.9,40.6,27.0,31.4,64.6,38.9,41.3,179.2,40.9,43.0
City2917,209863,176.0,39.6,674.8,46.2,60.1,25.6,39.8,61.8,19.1,34.3,137.5,46.2,78.2
City2918,684276,141.4,28.3,734.2,51.4,44.9,50.7,42.2,71.6,28.6,36.9,175.3,59.5,83.7
City2919,307827,107.0,40.0,522.9,59.9,57.2,46.9,48.7,58.3,55.2,41.3,241.2,42.2,82.4
City2920,1646595,428.9,67.9,491.0,48.1,62.1,58.9,60.2,76.1,67.3,55.1,276.1,59.3,86.7
City2921,98089,1179.4,43.5,727.3,32.1,33.5,37.0,34.1,64.3,34.4,50.7,258.4,39.2,47.8
City2922,761471,997.6,71.5,212.8,82.9,62.8,82.8,88.2,84.0,83.1,71.5,392.7,75.9,89.1
City2923,204316,54.2,41.7,450.6,40.9,58.7,37.0,36.2,66.1,25.1,41.7,185.4,27.1,58.5
City2924,245275,1149.5,36.6,756.7,24.6,52.8,28.5,39.5,59.7,27.9,40.6,215.2,35.1,44.1
City2925,305117,167.0,23.3,642.3,36.9,33.0,16.4,16.0,46.6,25.4,5.7,135.2,14.2,48.6
City2926,381984,503.1,44.9,440.7,35.5,29.2,28.4,32.2,68.1,30.6,25.8,232.2,23.8,63.3
City2927,228040,82.5,48.2,525.4,40.1,32.7,45.3,54.1,69.9,45.7,48.4,199.9,61.5,85.2
City2928,362434,290.1,60.6,358.6,73.1,57.0,75.5,78.4,70.3,78.7,63.3,377.4,69.3,73.7
City2929,2444534,356.5,32.8,682.2,42.3,55.6,45.0,35.6,57.7,52.1,36.2,194.8,21.1,70.2
City2930,1066219,50.0,27.2,586.2,27.7,49.5,30.1,42.8,57.4,34.3,45.4,186.2,40.3,50.4
City2931,906019,507.7,35.7,509.6,44.0,64.2,43.4,41.6,64.9,22.7,25.0,176.0,39.2,58.5
City2932,141810,1230.4,64.2,201.1,73.8,79.8,84.3,79.6,82.5,73.7,52.1,358.7,59.2,80.2
City2933,77270,198.4,48.4,439.7,65.4,51.5,58.9,49.4,67.4,64.7,57.3,315.2,63.3,84.0
City2934,1022152,1251.6,58.6,348.2,58.9,48.4,46.3,52.7,63.6,53.0,36.6,322.4,72.2,58.1
City2935,914804,194.9,32.0,627.9,31.9,55.6,40.2,42.8,63.8,31.4,48.1,141.9,21.2,76.4
City2936,2109030,678.2,51.9,504.0,53.2,74.2,53.7,61.8,77.2,50.1,54.1,266.0,59.9,76.9
City2937,115200,50.0,14.2,548.1,36.9,23.7,22.2,25.9,54.9,29.0,26.2,156.1,31.2,42.0
City2938,194586,4458.3,60.2,532.1,58.0,47.9,73.4,66.2,68.9,65.6,80.2,273.0,68.6,82.3
City2939,27030,1472.3,24.6,683.6,31.3,46.5,42.5,27.5,60.6,26.3,17.2,140.9,51.1,78.1
City2940,154900,173.9,39.9,434.7,45.0,42.4,34.2,37.0,63.7,29.9,27.1,222.1,54.6,64.3
City2941,1082949,50.0,38.5,559.8,41.7,36.9,36.9,24.5,58.2,18.2,14.3,100.4,31.7,56.9
City2942,139651,345.7,53.2,333.0,47.9,47.0,63.1,48.3,65.4,44.3,68.8,261.2,53.6,55.0
City2943,657810,50.0,65.7,438.3,36.4,36.8,59.8,55.5,79.4,46.2,57.0,260.3,38.3,79.5
City2944,205519,417.3,53.2,517.1,43.3,50.7,60.1,38.9,72.4,41.2,37.0,291.7,49.8,70.5
City2945,422388,401.0,30.9,795.5,32.5,25.7,21.9,11.3,49.4,16.4,11.1,77.1,29.5,51.9
City2946,53810,79.1,23.2,620.4,34.9,42.4,17.4,16.4,57.8,23.5,24.1,100.6,22.3,86.5
City2947,302335,939.3,59.5,425.0,38.7,61.6,49.2,55.9,73.9,46.0,52.8,238.2,38.1,78.5
City2948,10000,643.4,39.8,438.2,53.3,74.1,50.4,50.9,73.7,45.4,47.6,309.1,50.0,54.9
City2949,206559,789.2,36.4,587.1,51.6,43.2,53.3,34.5,65.3,32.2,34.1,202.3,46.4,65.1
City2950,27373,247.3,12.4,656.4,30.2,51.7,22.8,20.1,57.6,16.9,13.5,96.7,17.5,73.0
City2951,1451912,50.0,16.6,608.4,18.7,39.7,10.6,12.0,55.4,28.9,22.7,127.2,19.3,51.5
City2952,796809,791.1,33.1,730.7,48.3,50.6,49.9,45.4,70.8,43.6,40.4,205.9,45.8,70.0
City2953,515730,176.9,85.6,573.9,78.5,70.7,89.1,90.5,82.7,72.1,71.6,441.4,73.9,106.5
City2954,2256687,50.0,25.6,537.4,25.1,61.5,30.1,23.3,55.8,16.4,11.7,119.4,18.2,81.8
City2955,71076,1239.5,15.2,703.3,32.5,37.6,14.7,29.1,43.4,14.3,29.0,139.5,30.9,78.3
City2956,3098127,3039.0,26.0,519.7,48.9,35.6,36.0,46.7,59.5,28.0,21.0,199.9,39.9,71.3
City2957,989611,232.9,58.8,333.6,78.3,44.8,62.3,59.6,77.8,52.0,63.8,370.0,50.5,62.9
City2958,192687,3264.8,72.5,579.3,53.6,48.2,56.7,47.3,70.3,60.0,74.0,340.2,63.3,54.3
City2959,1315685,273.0,44.2,530.6,42.7,32.3,33.1,53.7,69.9,44.4,36.6,171.0,43.3,81.5
City2960,57021,155.0,75.6,508.5,54.8,46.1,44.2,47.2,78.6,57.3,64.1,289.6,71.9,58.5
City2961,84599,114.8,28.1,716.3,38.8,54.0,16.7,33.3,58.7,24.1,9.1,125.2,25.0,56.5
City2962,114459,1745.0,56.4,566.3,56.0,49.9,63.2,70.1,71.4,76.5,73.3,288.1,50.5,64.2
City2963,127954,96.0,20.4,615.5,35.6,41.5,30.2,43.0,64.4,28.0,26.0,131.6,29.5,46.3
City2964,61133,591.3,58.5,477.5,45.5,48.7,40.9,47.9,63.3,33.7,65.5,247.9,41.3,57.0
City2965,1487067,125.1,31.1,764.4,46.3,48.5,39.7,35.4,71.1,32.4,27.1,226.8,40.2,64.3
City2966,186764,140.8,50.7,561.1,46.9,35.7,44.0,47.2,58.0,47.2,61.6,193.5,33.3,69.0
City2967,439550,842.4,36.8,788.2,16.4,51.0,24.1,14.1,57.4,24.3,14.7,165.0,40.8,45.0
City2968,120753,155.1,79.6,299.2,84.3,62.7,93.6,95.0,91.6,77.6,70.6,452.0,74.3,97.1
City2969,20976,150.5,35.4,658.6,31.5,43.8,25.8,33.1,55.2,42.9,38.6,181.8,38.7,42.9
City2970,391632,952.8,55.6,271.3,64.8,69.0,73.6,70.9,75.3,61.4,48.9,327.7,76.4,76.0
City2971,18450,1663.8,52.6,336.7,46.3,50.7,52.8,50.5,74.9,51.0,47.3,278.7,54.7,78.0
City2972,243753,530.4,35.3,495.1,42.1,28.3,39.4,48.3,66.6,36.1,19.6,173.5,57.2,57.1
City2973,39511,111.5,11.4,722.7,33.1,16.8,16.4,13.2,68.1,10.1,20.8,91.8,40.1,84.7
City2974,4334801,132.6,46.5,506.4,46.5,35.8,43.5,28.0,74.2,41.5,39.0,137.9,59.6,72.0
City2975,961171,269.3,19.8,669.3,26.6,31.2,11.0,18.5,57.0,13.0,13.3,61.6,16.2,67.9
City2976,311157,359.6,22.7,529.9,25.7,52.4,29.8,26.6,57.4,30.4,29.6,174.2,42.2,61.9
City2977,1574092,74.8,39.8,645.1,47.6,56.3,33.9,31.5,58.8,48.6,51.1,232.9,32.8,59.2
City2978,82056,582.7,16.3,669.7,38.1,49.4,16.0,12.0,47.2,11.2,36.4,143.0,32.4,62.3
City2979,574279,271.1,23.1,572.6,30.4,44.9,26.1,33.3,52.0,36.0,42.2,95.0,33.1,38.8
City2980,354950,50.0,60.6,407.9,67.9,68.7,70.9,84.7,68.4,83.8,68.0,353.0,86.1,88.5
City2981,388336,80.3,17.5,597.4,44.3,26.0,28.8,37.1,51.0,30.8,15.5,100.4,21.5,40.1
City2982,1593263,133.6,35.8,747.2,55.7,34.6,32.0,35.7,59.3,21.5,32.3,99.8,36.9,76.5
City2983,748247,224.2,21.1,725.6,30.2,51.3,9.0,28.2,65.1,12.5,18.4,47.1,45.8,67.6
City2984,402002,2361.7,40.0,336.3,52.9,49.0,52.1,51.4,60.3,39.4,46.6,269.7,59.2,55.3
City2985,26453,325.6,42.4,698.2,36.3,59.5,37.3,25.9,68.9,29.4,46.9,140.7,35.8,67.5
City2986,69977,89.2,39.8,495.8,53.0,32.3,38.4,38.3,64.2,42.4,33.8,151.2,22.7,73.4
City2987,225981,318.9,33.9,564.9,55.2,60.1,45.2,44.7,60.0,26.3,38.2,231.3,25.0,70.1
City2988,305810,160.4,31.0,508.7,42.1,46.1,30.8,37.4,70.1,35.3,51.4,232.7,53.3,45.4
City2989,55144,361.3,69.0,389.9,58.9,78.8,65.2,65.7,74.2,75.1,70.5,334.7,58.1,60.8
City2990,7852537,491.1,40.0,656.0,42.2,30.1,27.6,24.3,49.6,23.8,25.8,143.8,33.1,47.8
City2991,2242163,1044.3,57.1,419.2,54.2,54.0,53.8,60.8,72.4,45.2,62.9,239.9,33.3,52.8
City2992,623413,237.7,29.3,482.5,23.6,50.7,21.3,37.4,54.2,42.8,37.0,149.6,13.0,56.8
City2993,296811,1748.9,44.4,612.4,60.7,65.9,47.4,47.9,72.0,64.9,42.5,247.9,44.1,68.5
City2994,199367,727.5,4.8,856.7,24.5,21.4,13.8,6.8,57.9,17.2,17.1,31.3,20.0,77.3
City2995,70778,104.7,36.7,618.5,27.6,50.8,22.2,24.0,57.2,49.5,49.9,162.5,26.5,71.6
City2996,299081,3469.7,52.8,397.0,34.1,42.7,60.0,44.6,74.7,48.7,63.3,212.4,51.5,78.6
City2997,384944,362.3,39.4,597.9,26.7,54.1,45.7,35.2,67.6,28.3,23.0,128.9,24.8,58.9
City2998,47171,89.8,75.1,446.8,78.7,82.1,77.3,88.1,74.4,76.4,74.4,461.3,62.3,77.1
City2999,428414,1778.4,35.8,656.6,33.9,61.0,53.4,34.9,63.7,30.3,50.1,176.2,37.7,50.4
City3000,215914,2961.2,29.6,441.1,53.3,47.9,48.1,30.8,67.1,47.0,28.3,233.7,36.9,42.3
City3001,18565,235.2,61.6,546.8,51.5,55.3,44.5,47.0,68.2,49.0,35.6,215.5,51.8,85.7
City3002,80455,133.7,53.9,557.1,33.1,57.0,36.0,39.2,62.6,40.3,26.8,277.9,53.7,73.5
City3003,150384,199.0,26.3,751.1,36.8,23.4,27.5,21.8,61.2,33.9,17.2,128.7,32.2,88.4
City3004,3770667,576.9,30.1,630.7,50.6,42.6,29.4,34.9,57.9,22.5,53.3,161.3,22.0,57.6
City3005,584887,1133.9,50.9,451.8,51.0,36.8,47.8,57.7,60.5,38.9,62.4,274.3,59.3,99.6
City3006,41370,485.2,54.4,339.1,52.9,39.5,52.7,48.6,70.6,35.0,43.6,238.6,67.7,83.7
City3007,529903,276.5,20.6,848.9,42.9,18.8,24.7,25.4,58.9,21.4,18.9,154.8,31.8,56.3
City3008,30753,1476.8,48.5,425.8,49.1,49.6,36.3,48.1,57.9,47.0,42.6,284.8,51.6,55.8
City3009,1221716,168.1,28.5,507.5,23.2,37.0,29.5,34.6,54.6,47.4,35.6,209.6,37.3,62.2
City3010,138749,843.1,48.0,595.4,52.6,48.8,39.1,35.7,61.5,32.4,41.3,182.4,57.3,51.2
City3011,235368,173.2,38.8,579.3,29.5,55.9,31.0,45.3,67.7,36.0,36.6,200.7,50.7,54.0
City3012,1717044,410.4,19.0,707.3,14.7,36.9,24.1,15.9,45.8,17.7,28.8,113.5,23.6,34.6
City3013,44265,213.5,64.6,463.4,57.2,57.3,64.1,57.9,68.3,54.9,61.9,267.3,36.1,78.4
City3014,37950,228.8,62.5,393.7,69.4,62.0,55.0,72.6,67.8,72.2,65.6,292.7,62.6,71.2
City3015,118534,155.6,57.5,588.6,62.0,76.8,59.2,58.5,76.9,66.4,67.7,312.4,54.1,70.8
City3016,1148227,1228.8,30.5,643.6,32.7,32.9,18.0,33.9,61.3,16.7,16.0,192.1,29.9,63.0
City3017,31981,101.5,37.8,504.5,43.8,32.9,39.3,23.0,54.4,26.7,25.5,239.3,42.6,67.5
City3018,10000,100.7,28.4,559.7,30.2,43.0,31.4,23.0,66.3,20.0,31.6,181.6,18.5,73.0
City3019,142682,3118.8,30.0,754.6,34.0,26.3,25.9,22.1,51.0,32.3,34.0,124.9,18.2,64.6
City3020,580959,791.1,37.0,757.8,34.9,68.9,36.4,44.1,57.0,40.3,44.8,222.2,39.8,65.2
City3021,1440306,50.0,38.5,493.4,36.2,43.4,33.0,36.0,58.4,24.3,51.1,213.0,49.2,51.7
City3022,140305,124.2,68.1,234.5,54.8,70.7,60.2,75.3,70.6,67.7,52.7,320.0,53.0,62.5
City3023,150844,50.0,33.0,602.4,33.3,40.5,31.5,25.9,60.0,39.0,48.2,195.4,34.8,54.9
City3024,1349791,78.2,66.8,633.0,70.7,57.8,65.3,61.5,68.2,57.5,46.4,287.0,47.2,64.2
City3025,19581,50.0,44.5,588.9,51.2,56.8,51.9,41.1,73.1,53.7,55.1,307.8,44.8,89.3
City3026,155759,207.6,64.3,497.3,55.8,53.4,56.7,69.4,74.3,72.9,63.3,417.1,52.5,104.2
City3027,350316,62.2,44.6,607.5,46.8,47.1,43.9,50.2,61.2,57.3,52.5,225.7,39.8,57.3
City3028,503282,262.9,32.7,619.3,37.5,37.1,32.1,24.2,63.1,26.9,25.9,106.5,48.7,42.1
City3029,131435,50.0,16.9,882.7,19.9,14.9,12.3,11.5,50.4,15.6,18.8,142.0,20.8,51.6
City3030,281592,270.3,15.4,660.1,21.1,26.6,25.0,22.2,46.7,14.4,40.7,149.7,24.2,58.1
City3031,10000,148.7,27.4,465.5,34.3,34.1,16.8,27.8,58.1,20.0,23.5,103.2,41.0,69.9
City3032,106772,1483.8,22.5,731.5,36.1,42.2,32.2,27.6,60.0,24.6,37.5,136.0,37.3,60.5
City3033,506313,1330.9,32.5,630.1,36.3,30.1,39.5,32.4,55.9,42.7,37.7,260.2,18.2,69.6
City3034,67831,627.9,52.1,448.2,48.1,55.0,47.5,60.2,78.5,44.7,52.3,234.3,56.0,84.5
City3035,291436,165.3,57.3,575.9,49.6,58.0,57.6,56.1,78.2,64.4,57.8,324.8,57.8,80.6
City3036,501631,2650.4,34.1,555.1,33.1,43.2,41.8,38.7,54.9,52.1,57.6,201.0,64.8,57.6
City3037,166114,50.0,25.0,636.4,28.1,30.8,16.6,14.3,60.2,38.3,12.6,139.1,32.0,41.6
City3038,340663,50.0,54.8,322.9,55.2,69.1,53.7,60.3,80.9,70.6,66.2,315.5,44.0,67.2
City3039,69715,221.3,55.0,419.4,48.0,67.0,48.8,56.2,71.6,57.5,47.8,280.4,36.2,71.4
City3040,200936,3658.6,13.5,799.9,19.8,27.9,10.4,14.7,46.5,16.5,17.3,81.1,28.9,68.4
City3041,630521,191.9,24.7,611.3,45.3,58.5,32.8,33.7,72.7,38.1,23.5,200.4,48.1,82.8
City3042,334289,196.4,49.0,496.8,56.0,42.4,46.5,46.0,74.5,39.4,59.3,289.4,42.9,69.8
City3043,118049,50.0,55.7,530.8,59.9,53.4,64.6,56.1,72.0,71.7,59.7,339.0,57.7,86.5
City3044,367288,761.4,77.6,366.5,81.4,50.2,69.6,81.8,77.9,69.0,91.6,417.4,65.5,89.6
City3045,729747,768.0,35.4,580.0,48.5,43.9,36.0,45.8,61.4,29.4,31.8,208.4,44.9,57.4
City3046,15215,630.7,71.1,337.3,70.8,71.3,75.0,61.1,72.6,64.2,48.3,321.7,62.1,75.7
City3047,1359603,115.0,13.9,683.5,32.0,23.7,8.9,14.8,51.9,1.8,20.4,112.2,11.0,71.6
City3048,167584,104.8,56.8,396.5,56.6,46.0,39.6,44.4,81.2,38.4,61.6,222.0,46.2,69.2
City3049,486837,51.8,79.6,528.2,73.1,52.7,68.0,83.1,87.5,58.3,53.6,375.1,73.7,98.8
City3050,1434240,270.6,57.7,377.5,55.3,56.3,55.2,61.2,70.3,72.2,72.1,316.1,49.6,80.3
City3051,39326,66.9,37.7,558.4,68.1,46.4,43.3,54.6,68.3,37.3,39.4,221.0,44.1,68.8
City3052,99387,59.6,73.4,354.6,92.2,86.1,80.0,96.6,85.8,69.7,90.7,442.3,96.4,73.0
City3053,179159,147.2,25.6,746.3,33.3,28.7,14.4,8.5,53.3,25.3,13.9,111.5,15.6,67.0
City3054,89567,136.0,14.0,692.7,27.0,41.9,15.9,14.3,52.7,29.9,30.3,51.8,23.6,43.4
City3055,3044694,128.3,23.6,635.5,37.3,45.3,34.1,39.0,57.4,31.3,23.1,221.2,33.8,67.4
City3056,80863,428.3,62.2,348.8,56.7,49.0,61.8,55.2,81.3,45.4,52.4,234.6,45.5,63.4
City3057,123282,269.0,37.8,564.4,25.7,46.2,48.1,35.9,59.6,24.2,51.3,231.0,61.1,63.6
City3058,357233,173.2,45.3,389.7,47.9,44.4,55.7,54.7,65.4,46.4,62.7,265.2,47.9,64.3
City3059,49860,304.8,19.3,776.3,27.9,46.7,20.6,37.6,67.3,26.1,37.0,162.9,31.2,56.6
City3060,154206,74.5,41.7,682.1,23.4,50.3,27.0,21.4,44.6,10.6,24.9,172.4,13.9,66.9
City3061,418501,277.6,58.6,521.1,46.5,43.9,41.2,39.9,75.4,50.4,57.1,307.1,64.2,78.4
City3062,168382,293.2,64.3,318.6,57.6,66.6,55.3,47.7,68.1,50.7,55.2,254.9,34.1,65.2
City3063,235451,50.0,27.9,669.2,26.6,28.7,26.6,29.0,57.5,25.1,34.4,219.4,35.9,60.8
City3064,127891,808.2,47.7,552.7,39.2,50.8,52.0,53.0,76.1,47.6,40.8,171.9,53.2,91.3
City3065,32200,85.0,63.9,436.5,46.1,48.8,62.1,58.0,69.9,45.4,56.9,308.3,52.3,77.6
City3066,420933,272.7,24.5,824.5,13.2,41.9,18.7,24.4,50.2,29.5,15.3,113.6,25.8,62.9
City3067,3131135,989.6,24.4,676.6,25.3,62.2,26.7,29.8,63.8,25.8,27.1,210.2,25.2,64.1
City3068,275340,743.1,79.7,437.3,55.3,56.0,64.1,72.6,76.1,68.4,67.9,353.5,52.1,93.6
City3069,367827,255.0,80.6,366.0,68.4,69.6,72.5,74.2,80.7,80.0,76.3,409.0,61.6,88.1
City3070,707725,158.4,42.5,547.1,53.4,67.1,61.3,64.6,69.9,42.1,43.6,329.3,50.9,81.6
City3071,45385,762.8,40.3,557.8,59.9,32.0,27.6,36.8,63.0,34.0,42.2,225.0,28.7,46.5
City3072,2909583,549.8,45.4,695.1,62.0,46.0,34.4,33.6,71.8,45.0,42.2,207.9,63.2,51.1
City3073,356204,116.5,72.4,478.3,88.2,79.8,82.1,72.0,78.2,63.7,69.0,365.7,97.6,86.6
City3074,2635542,94.3,28.2,467.0,41.4,33.1,29.3,27.4,65.2,47.0,28.7,219.0,30.7,84.2
City3075,96158,50.0,20.3,560.2,46.1,68.3,31.5,36.6,57.0,47.1,16.5,165.4,20.4,51.5
City3076,3420463,294.4,58.7,473.2,43.9,41.2,37.6,34.0,61.6,39.6,29.6,267.3,51.4,66.9
City3077,794300,221.6,51.0,511.1,59.8,45.4,48.2,49.7,70.3,53.5,60.5,320.4,61.2,56.7
City3078,582017,956.6,56.3,556.3,44.0,66.2,53.0,47.2,85.2,52.3,54.4,316.8,48.9,61.4
City3079,372366,376.5,53.4,542.3,38.6,58.2,41.1,32.3,54.9,38.2,44.4,191.1,49.8,90.6
City3080,189484,1213.3,46.4,605.0,46.6,50.9,35.8,39.3,58.3,35.0,54.8,192.8,36.9,66.4
City3081,1440850,106.0,45.2,499.1,45.2,58.2,47.0,46.5,76.8,44.9,41.6,195.0,48.5,64.5
City3082,326604,958.9,25.7,601.5,13.4,26.4,13.7,20.2,43.7,13.5,13.9,67.2,33.0,73.7
City3083,17087,129.7,70.1,376.5,65.0,55.7,72.4,75.1,86.3,67.9,97.7,399.9,65.5,68.8
City3084,56158,622.1,22.4,686.7,47.0,30.0,23.0,31.1,67.6,27.8,16.5,127.4,45.0,74.3
City3085,206863,50.0,48.6,510.2,58.7,41.3,51.9,51.8,74.5,49.5,46.7,298.6,70.1,94.1
City3086,414156,324.5,42.7,646.6,60.9,62.4,46.4,46.3,63.8,45.9,32.6,214.6,48.5,62.9
City3087,247898,50.0,34.7,477.7,38.3,31.8,51.7,45.3,74.0,45.2,36.1,192.0,63.9,69.1
City3088,1478530,177.6,75.5,648.2,57.6,64.5,54.0,62.0,71.2,56.2,67.8,282.6,77.5,65.2
City3089,17473,415.1,31.6,401.3,34.7,33.2,35.5,35.9,60.2,54.7,36.0,211.0,51.3,72.8
City3090,328083,131.0,29.9,465.6,33.3,52.9,38.8,30.6,75.8,44.6,41.2,178.0,37.3,63.4
City3091,21053,69.4,19.9,698.1,34.1,42.6,22.5,34.6,58.4,28.5,16.0,103.3,55.9,78.5
City3092,777312,675.4,46.0,600.8,33.5,25.0,38.6,36.2,55.9,24.7,19.2,165.6,32.6,62.3
City3093,235098,216.1,36.5,561.8,51.6,34.8,45.6,41.0,60.1,59.8,32.6,190.2,42.8,76.9
City3094,482846,136.0,41.5,542.4,48.6,59.9,51.2,34.6,69.2,30.6,45.5,211.6,43.0,58.9
City3095,80062,257.3,29.5,608.5,40.6,57.6,28.5,32.1,61.1,29.8,57.3,196.2,44.0,65.6
City3096,1609205,5790.7,11.4,759.2,15.5,46.4,31.4,28.2,54.1,33.6,14.2,103.3,22.3,56.0
City3097,1153619,976.7,71.6,347.0,47.5,61.5,64.6,66.9,69.2,62.1,73.6,344.0,53.4,75.2
City3098,607411,987.4,34.4,725.9,57.3,53.6,34.2,26.5,62.4,53.7,42.8,226.2,26.5,50.0
City3099,223837,412.7,43.7,652.3,33.8,52.1,33.5,37.8,66.4,21.5,37.2,188.9,26.5,71.0
City3100,604284,298.8,41.3,520.4,39.8,38.0,45.1,55.3,62.9,32.6,42.1,300.1,49.9,83.7
City3101,99742,50.0,67.1,607.7,68.6,56.2,50.3,50.5,71.8,47.9,56.0,242.5,62.1,85.3
City3102,888933,108.3,48.3,440.9,69.4,46.2,51.7,58.7,83.0,76.4,69.3,368.0,49.9,84.8
City3103,2701379,137.5,42.1,561.0,55.0,51.9,41.9,52.2,65.8,47.2,64.4,256.8,43.3,72.0
City3104,1201227,50.0,30.9,804.5,42.3,37.3,28.5,39.7,62.6,31.1,21.8,201.1,42.4,49.4
City3105,96621,61.0,37.2,627.6,34.3,41.6,31.2,32.8,78.8,38.0,41.1,180.6,54.0,53.3
City3106,445068,50.0,21.9,669.7,28.4,33.2,31.5,18.3,61.9,23.4,34.5,214.6,20.8,73.8
City3107,43897,233.7,43.1,563.3,31.1,57.6,36.1,43.9,56.6,29.8,49.3,258.1,24.8,65.6
City3108,598000,653.6,38.9,798.2,46.6,48.7,24.5,28.1,71.0,42.3,28.3,127.6,16.5,56.0
City3109,504258,923.5,44.4,471.1,51.1,55.3,35.5,38.1,60.3,42.5,38.5,190.9,27.2,63.1
City3110,19579,402.5,36.6,570.0,47.1,53.8,43.0,45.7,70.4,45.4,52.0,273.1,48.8,62.8
City3111,52759,77.0,30.1,517.6,41.5,32.0,23.8,26.4,49.5,39.6,33.4,219.7,54.5,61.6
City3112,180521,50.0,72.4,212.9,68.1,60.2,79.0,65.6,71.0,58.2,71.4,302.6,92.2,71.4
City3113,176098,50.0,76.5,381.3,61.0,70.6,75.8,83.5,83.0,68.8,70.5,380.9,51.6,94.2
City3114,49351,53.4,12.1,595.7,27.2,45.4,14.6,15.0,69.0,16.9,22.4,103.6,32.0,54.8
City3115,462577,84.2,22.1,613.9,37.4,45.7,33.8,30.2,61.5,26.5,22.2,140.6,51.0,60.5
City3116,381575,202.0,42.5,646.1,67.9,49.7,37.8,43.6,64.1,54.4,44.2,219.3,33.4,74.2
City3117,204438,72.5,30.6,568.8,60.1,38.1,39.1,52.5,74.4,54.1,32.1,193.5,35.0,53.1
City3118,93143,367.5,42.7,553.1,25.0,48.2,39.7,26.7,57.1,32.8,34.8,258.8,48.6,46.4
City3119,1164951,185.2,52.5,380.2,44.7,54.8,58.7,53.2,63.9,50.3,57.6,230.9,67.1,70.3
City3120,2723885,247.8,79.0,498.6,61.8,68.0,66.7,65.0,77.9,68.8,59.4,348.3,62.1,86.1
City3121,136354,961.3,45.8,595.5,54.3,32.8,40.2,43.4,63.9,45.2,37.5,302.2,33.8,81.5
City3122,113887,59.4,26.0,521.4,47.4,36.9,32.9,31.3,72.2,50.1,42.3,121.2,34.8,72.3
City3123,533754,404.4,58.2,357.2,55.4,86.2,61.7,69.9,69.7,68.9,75.9,361.0,61.5,73.8
City3124,162552,240.6,32.3,459.9,33.3,56.6,39.3,29.7,66.2,41.6,48.9,152.9,36.0,50.4
City3125,220762,164.0,69.4,431.3,59.8,60.1,74.4,68.2,67.1,68.3,61.6,302.6,72.9,106.9
City3126,755786,707.9,28.1,548.5,40.0,51.2,41.2,36.1,70.5,41.0,29.5,123.7,50.3,47.3
City3127,18525,702.6,52.6,674.0,45.6,45.9,36.8,45.2,67.2,38.1,49.5,250.8,24.8,48.7
City3128,1699123,78.6,64.0,446.0,51.0,59.6,63.0,54.7,66.5,50.1,37.0,233.3,67.7,93.3
City3129,297078,196.6,32.4,621.5,32.8,37.0,29.2,18.3,59.3,25.8,34.6,174.5,30.8,55.5
City3130,150830,342.9,52.8,440.7,45.5,55.2,57.4,59.1,58.5,44.4,55.8,278.6,55.5,59.8
City3131,236823,176.3,64.8,533.0,69.7,61.7,70.0,64.0,76.4,63.2,53.7,298.0,56.8,100.3
City3132,254587,493.7,35.5,625.1,54.9,44.4,29.8,23.7,50.8,41.2,57.0,168.3,42.0,53.1
City3133,23773,342.9,39.6,574.6,42.7,39.1,22.3,27.4,55.8,14.2,50.7,104.4,30.2,37.3
City3134,2175814,2206.3,61.0,361.2,53.6,81.4,52.7,63.0,76.4,48.7,55.7,351.6,65.3,88.3
City3135,284320,50.0,44.7,726.1,51.0,30.1,36.3,37.7,70.1,41.7,41.1,150.0,29.3,74.2
City3136,498920,211.3,30.5,796.2,45.6,62.0,27.2,28.0,59.4,21.1,29.4,113.4,48.8,42.4
City3137,1016798,82.3,42.6,552.9,30.9,44.0,49.6,41.4,59.3,36.9,38.9,244.0,28.7,46.6
City3138,64239,505.2,20.9,632.5,42.1,34.7,35.9,28.5,64.7,25.3,16.7,177.3,42.7,50.7
City3139,520664,50.0,54.6,372.8,55.0,58.2,55.9,55.9,72.1,43.9,64.2,244.4,49.3,60.2
City3140,184481,370.8,48.5,545.7,48.9,66.9,44.0,46.0,67.1,45.6,44.8,237.0,34.4,82.2
City3141,878067,114.9,14.3,652.7,41.3,28.5,16.6,19.3,52.3,17.6,27.3,200.2,13.8,47.8
City3142,13655,101.4,21.2,711.6,34.1,43.3,27.4,21.9,61.4,18.6,46.9,173.6,41.3,53.4
City3143,233577,50.0,30.8,703.7,37.9,26.8,24.9,17.4,62.7,24.7,22.2,122.6,13.6,37.4
City3144,115387,140.0,56.3,591.7,60.2,55.1,60.9,50.9,77.9,64.1,55.9,329.1,67.2,58.0
City3145,491475,899.1,46.8,613.3,40.3,44.9,39.8,34.0,65.8,41.8,39.8,208.3,40.1,73.4
City3146,518171,237.4,45.9,567.2,53.7,56.6,54.1,55.6,80.2,50.4,71.5,335.1,57.5,58.3
City3147,99640,519.7,60.2,292.3,55.1,48.3,50.5,45.9,62.5,44.4,46.4,274.0,63.8,61.9
City3148,99008,1803.7,17.8,749.2,33.7,32.0,4.6,8.2,50.2,11.3,30.0,102.5,28.2,34.6
City3149,229823,335.8,75.4,231.3,71.2,66.2,67.8,73.6,76.5,73.6,72.9,396.9,64.7,61.7
City3150,76473,125.1,20.3,595.5,40.4,41.9,28.8,19.9,56.9,14.9,13.7,136.4,17.4,70.6
City3151,872202,428.7,65.1,437.3,59.1,63.5,53.3,54.4,72.8,52.1,60.0,305.6,65.1,72.6
City3152,160028,127.3,59.5,503.2,62.2,50.4,55.8,65.9,69.3,57.1,64.8,282.9,71.0,65.4
City3153,10000,133.6,11.9,715.4,26.5,34.0,16.8,14.6,50.0,13.6,16.8,89.6,18.5,42.2
City3154,158775,50.0,76.1,303.3,69.1,49.6,64.1,72.4,75.7,63.9,50.3,286.9,70.9,96.9
City3155,62695,743.6,35.8,625.6,30.2,50.5,31.4,40.3,62.0,41.7,41.4,212.4,25.1,70.4
City3156,27342,154.0,41.8,377.4,44.1,44.6,41.6,45.9,59.6,41.1,58.3,197.1,66.1,71.4
City3157,47458,304.5,39.6,411.3,61.9,43.2,50.6,51.1,69.5,38.5,48.9,259.9,42.4,70.0
City3158,312753,70.6,17.2,558.5,44.6,37.2,18.4,13.4,51.7,18.7,5.7,77.7,17.9,61.5
City3159,1723895,412.9,50.6,400.8,62.6,68.0,50.4,65.8,63.9,47.2,56.0,277.1,73.1,83.2
City3160,416007,98.1,73.2,449.9,69.8,68.2,54.5,59.6,69.0,69.5,56.9,305.3,49.3,87.6
City3161,114794,206.4,44.5,426.3,48.4,63.4,49.7,43.6,74.7,38.9,45.3,233.4,33.4,66.5
City3162,508014,701.6,9.4,578.2,23.4,29.0,12.6,8.7,60.2,13.9,12.5,102.8,25.3,61.4
City3163,141106,632.0,27.1,597.0,48.0,38.7,41.4,33.3,54.4,30.4,55.1,121.7,36.0,79.0
City3164,101474,238.3,46.5,410.1,51.9,63.9,51.0,54.4,75.2,48.1,57.9,258.5,39.8,86.0
City3165,53310,50.0,69.6,426.1,66.7,57.7,59.2,62.7,82.9,59.4,57.7,274.1,82.9,101.7
City3166,23096,8878.4,28.1,559.9,46.4,70.9,28.0,40.0,64.3,24.3,26.6,147.5,23.6,57.0
City3167,155454,1988.3,24.7,525.8,30.6,27.5,15.0,25.3,56.3,29.0,15.5,127.2,19.8,58.8
City3168,334795,582.4,54.0,391.4,50.5,66.9,55.2,46.6,73.3,47.8,44.7,282.1,47.8,82.4
City3169,234386,99.1,47.6,368.1,67.4,60.9,55.9,58.9,68.7,62.8,63.4,258.6,68.5,69.8
City3170,149888,213.5,87.9,319.8,69.4,73.4,62.5,62.1,85.8,59.8,77.2,312.2,75.3,78.6
City3171,71393,127.5,50.9,439.0,57.0,46.4,52.1,58.7,70.2,67.4,58.0,294.5,42.9,53.7
City3172,628785,1115.0,31.4,680.0,37.8,41.7,30.1,38.3,69.3,32.9,53.8,135.3,57.0,54.8
City3173,42447,335.3,33.0,549.2,22.9,47.2,18.0,26.7,64.8,19.3,14.7,90.7,26.4,72.8
City3174,795271,95.5,17.7,710.6,48.3,37.7,17.9,17.0,55.2,27.2,24.9,75.4,26.1,45.4
City3175,65966,139.1,47.4,587.4,61.6,53.6,46.1,62.1,68.8,40.2,50.8,248.0,53.7,52.5
City3176,93581,939.6,41.0,683.3,28.2,42.8,37.8,35.5,63.9,58.1,22.2,187.6,23.7,65.6
City3177,34423,1669.2,66.0,632.7,74.5,61.0,59.2,53.2,65.2,52.3,74.8,369.3,72.3,71.2
City3178,132991,1531.5,64.6,534.3,57.0,44.4,53.1,55.3,80.9,48.5,53.3,252.6,43.4,54.7
City3179,1051194,606.9,19.1,513.9,38.0,56.7,31.2,22.6,55.4,45.1,22.4,201.9,42.8,56.4
City3180,552318,180.7,69.6,404.2,63.8,63.5,70.8,67.8,89.7,63.0,73.8,348.9,68.1,79.1
City3181,1055780,50.0,49.4,328.4,61.3,69.4,57.3,63.3,75.0,49.8,62.4,258.2,46.5,58.2
City3182,557378,349.5,51.1,463.5,52.9,42.2,44.9,59.2,63.3,42.3,33.3,279.4,47.4,89.5
City3183,57231,244.2,39.6,438.3,44.1,44.2,59.7,40.9,62.6,43.5,58.1,262.2,42.9,70.6
City3184,168871,289.4,73.1,336.7,62.0,65.7,84.0,76.5,79.2,85.1,71.8,328.7,55.4,89.8
City3185,90014,261.0,51.8,520.1,66.3,63.1,48.6,47.5,59.5,48.4,34.7,231.5,48.9,62.7
City3186,1728569,50.0,33.7,658.7,43.6,64.0,39.3,27.9,55.5,31.1,46.3,218.7,52.1,61.6
City3187,50236,477.7,37.2,571.3,35.3,36.5,46.7,35.1,61.5,43.1,39.4,190.7,52.5,51.5
City3188,937691,522.5,58.2,519.8,44.9,41.5,53.6,62.4,80.4,48.8,53.5,276.1,63.6,86.0
City3189,936715,554.9,39.8,634.8,46.9,65.8,54.4,52.3,68.4,46.6,64.6,320.9,50.5,68.1
City3190,3476262,762.0,44.3,596.7,42.4,34.1,47.4,42.8,56.6,54.5,57.7,202.7,37.7,62.5
City3191,151212,505.2,9.0,502.8,20.3,48.4,17.5,23.8,54.9,14.7,30.7,116.5,48.5,45.2
City3192,727413,149.6,17.1,741.2,38.9,12.8,11.3,11.5,47.4,11.9,23.7,107.8,31.6,74.8
City3193,6545658,224.8,35.1,738.8,37.6,46.1,33.5,32.1,66.0,53.5,34.0,141.6,22.8,43.0
City3194,113017,273.0,21.4,693.9,43.5,48.0,25.9,36.1,58.9,34.3,36.2,128.6,50.3,52.3
City3195,31286,278.5,61.8,339.9,57.6,53.5,60.6,56.5,68.8,47.7,55.1,318.3,81.9,78.2
City3196,19302,810.7,20.0,726.3,29.6,52.4,20.1,33.8,51.1,17.4,32.5,164.4,39.7,52.8
City3197,727811,529.7,23.1,560.8,46.6,46.3,26.5,35.5,53.3,52.2,31.5,229.2,25.1,55.1
City3198,19217,2959.6,66.4,344.7,54.7,58.2,56.3,62.0,81.0,56.5,59.0,303.7,57.3,92.7
City3199,159333,3455.6,37.0,688.9,41.4,43.3,51.3,39.3,73.1,27.9,37.2,263.0,59.5,85.9
City3200,494963,269.2,24.0,588.6,18.4,41.6,29.2,27.1,68.9,34.6,29.8,172.0,48.7,51.5
City3201,347752,50.0,12.8,710.8,20.2,33.2,18.3,5.5,54.1,9.0,20.7,46.3,29.4,43.0
City3202,486806,1079.4,34.3,667.8,53.8,52.6,40.5,51.6,66.3,35.9,57.9,231.7,45.6,50.5
City3203,366299,127.9,62.3,516.5,71.9,56.0,58.1,48.6,68.8,57.4,64.5,249.4,68.6,91.0
City3204,1607855,93.5,65.0,336.9,55.7,51.4,62.6,60.4,62.0,56.1,52.7,252.0,59.3,107.4
City3205,70739,151.7,64.0,262.8,59.5,62.1,74.1,74.8,71.1,71.4,74.1,354.6,70.6,92.1
City3206,104006,143.2,56.1,469.2,53.3,51.8,53.7,51.8,77.5,65.8,56.8,272.4,47.1,79.5
City3207,90969,510.2,65.8,468.6,51.7,51.1,75.7,73.0,74.6,59.3,56.3,365.5,56.5,60.6
City3208,857922,50.0,13.0,693.5,43.3,40.4,19.4,29.1,68.0,23.8,42.8,161.4,25.7,85.3
City3209,946530,67.1,73.3,197.5,68.5,73.7,67.1,77.0,87.7,65.2,55.6,469.8,71.3,79.1
City3210,504697,369.4,44.8,548.8,52.2,55.7,60.9,62.7,63.1,55.7,62.1,271.2,45.0,54.3
City3211,1406888,516.7,53.7,402.5,55.1,59.7,58.6,55.8,70.0,55.8,52.7,245.6,57.2,83.2
City3212,51572,528.4,35.9,647.5,53.9,39.8,46.8,44.6,63.6,40.5,43.5,247.7,35.9,53.7
City3213,2769323,95.2,34.0,691.2,25.3,22.1,35.2,23.9,53.4,37.8,23.8,206.1,50.4,40.0
City3214,2263751,75.6,30.7,865.0,34.1,46.5,14.8,28.9,60.2,25.8,18.9,81.4,24.9,55.5
City3215,751533,133.2,28.0,523.4,27.9,28.4,33.7,32.2,62.4,46.5,35.0,146.3,22.7,64.4
City3216,3251147,326.3,46.5,648.9,67.3,41.4,42.9,50.5,64.0,47.5,58.7,243.9,31.6,49.8
City3217,26389,1454.7,56.0,474.9,56.9,64.5,58.3,47.4,82.8,48.4,39.6,302.5,42.9,87.0
City3218,128768,50.0,67.6,578.2,73.1,70.3,65.7,58.5,73.7,75.1,52.9,278.9,68.3,84.7
City3219,95853,187.8,39.1,567.0,42.0,38.3,45.3,50.5,76.5,58.7,40.3,236.8,45.3,88.4
City3220,736799,50.0,71.4,430.7,60.1,60.8,66.8,57.1,72.9,54.3,68.2,283.5,47.6,78.5
City3221,61685,50.0,32.6,719.0,33.3,37.1,28.4,38.8,59.3,42.8,19.8,126.8,25.0,65.6
City3222,774903,780.8,33.5,464.5,46.3,44.9,44.7,49.7,57.7,40.5,40.9,265.9,42.3,51.6
City3223,1828032,470.4,84.5,152.5,81.0,81.2,73.6,79.8,78.8,76.5,94.8,402.4,60.8,75.4
City3224,710187,419.6,17.5,583.5,28.7,34.1,28.8,22.4,46.7,19.2,20.4,111.8,16.1,54.3
City3225,399213,739.0,22.5,714.5,42.6,37.6,30.6,29.6,73.7,19.2,41.7,173.6,27.1,74.7
City3226,67304,137.6,60.9,431.7,62.8,69.7,70.7,73.5,82.4,69.1,53.8,331.8,57.0,70.7
City3227,81994,145.6,59.2,573.1,54.5,39.2,57.8,59.8,61.0,39.2,57.4,350.9,53.0,70.2
City3228,1543350,3370.7,74.5,412.4,70.0,77.4,58.4,67.1,83.3,64.9,73.1,311.1,59.7,81.6
City3229,798977,182.0,34.3,584.1,25.4,47.2,28.7,41.8,61.4,34.3,26.9,134.9,53.3,40.6
City3230,254071,591.2,26.1,578.3,29.8,21.5,19.9,14.7,51.2,17.7,17.7,83.0,29.5,67.6
City3231,149481,246.6,34.3,670.5,46.6,46.3,34.5,33.9,63.7,35.9,41.1,177.5,40.4,91.6
City3232,15738,50.0,78.0,226.9,65.9,67.7,62.9,63.2,74.5,70.5,81.1,400.5,78.2,68.7
City3233,59922,50.0,85.1,482.2,71.5,85.3,70.1,65.4,71.3,72.3,61.1,389.6,57.4,97.0
City3234,3898048,122.1,22.8,484.7,43.3,27.5,31.4,26.9,66.8,31.7,49.3,156.2,22.0,43.3
City3235,44683,869.0,60.1,410.8,67.0,67.8,63.5,69.2,76.1,48.8,71.1,311.8,47.8,92.2
City3236,349854,630.1,54.0,311.3,50.0,78.0,69.4,74.0,67.3,56.3,69.7,299.6,55.1,82.0
City3237,1099560,732.8,39.8,451.6,33.1,35.2,38.5,44.0,66.9,53.8,43.4,258.3,44.9,62.7
City3238,46309,74.9,29.2,733.2,36.2,52.7,34.0,35.0,62.1,45.8,21.0,240.1,35.2,49.7
City3239,347525,1701.1,37.0,581.3,47.1,52.2,36.0,37.6,73.5,54.8,37.7,189.4,58.1,59.1
City3240,997574,76.9,24.2,612.7,21.8,17.7,6.1,13.8,50.9,16.8,8.7,59.1,18.6,50.8
City3241,273074,315.9,32.5,671.1,33.7,43.5,47.9,39.8,65.0,47.4,38.0,147.7,21.2,56.3
City3242,10000000,241.7,35.0,759.8,44.5,43.9,46.6,45.2,59.7,49.9,47.5,208.9,45.9,61.8
City3243,25950,198.6,12.5,818.4,28.9,26.3,29.0,13.3,61.2,18.5,34.4,142.2,23.3,52.2
City3244,1181410,1219.6,27.9,500.0,36.5,27.7,33.5,33.8,62.4,22.6,36.9,197.0,30.9,62.2
City3245,210676,105.0,28.9,587.6,53.1,31.1,28.2,27.3,61.6,18.1,16.0,126.2,32.5,68.5
City3246,790711,50.0,24.9,750.6,41.2,24.0,28.3,20.0,59.9,45.4,51.7,104.1,46.4,58.0
City3247,497738,250.6,69.6,269.6,57.4,54.3,68.6,80.0,76.7,54.3,70.9,354.1,61.0,75.8
City3248,96141,151.4,56.5,240.6,54.9,50.9,68.7,78.0,80.7,54.4,70.3,362.2,71.6,84.4
City3249,369754,14084.9,43.0,458.3,40.2,55.1,31.5,45.1,60.5,41.4,34.2,179.4,63.4,54.4
City3250,19909,551.0,45.4,627.5,39.8,60.9,34.6,39.4,60.9,45.8,24.9,138.6,50.4,79.7
City3251,624400,149.7,63.1,328.8,50.3,52.2,53.7,44.3,68.9,42.9,44.3,260.3,55.1,52.9
City3252,407347,68.9,46.7,539.5,30.7,61.0,37.5,37.5,61.6,24.6,56.3,203.7,37.5,51.4
City3253,656136,50.0,34.6,409.2,30.2,42.8,24.3,38.8,55.0,39.1,34.5,162.8,30.8,83.7
City3254,1180402,71.5,57.4,721.2,46.8,40.9,44.7,56.2,65.0,39.2,28.5,254.4,29.9,52.5
City3255,448950,280.9,1.3,922.9,30.0,34.8,8.0,6.5,57.6,22.0,19.7,88.2,20.9,68.4
City3256,330157,1356.7,30.4,727.9,35.6,49.9,38.2,31.8,64.6,36.6,42.5,192.5,33.6,54.8
City3257,78159,940.1,56.5,675.2,64.5,60.4,43.5,50.2,77.6,39.3,53.0,304.6,53.1,67.7
City3258,99001,322.1,22.5,726.4,28.3,20.4,29.2,16.8,45.1,27.6,18.9,143.5,42.5,68.6
City3259,1413286,166.0,44.4,578.7,26.3,30.0,34.9,24.7,56.6,37.0,35.5,149.9,26.5,74.8
City3260,2004428,337.8,44.9,496.0,39.1,52.2,55.7,39.3,71.9,37.6,36.1,229.6,48.6,81.4
City3261,192267,131.3,57.6,606.2,51.2,69.6,57.2,63.1,77.7,58.3,58.3,359.2,57.1,81.9
City3262,286187,1923.8,37.6,780.9,52.8,44.3,36.8,40.5,79.5,41.9,47.5,217.2,53.7,53.7
City3263,75624,195.0,54.5,467.2,30.7,47.8,43.3,31.0,59.2,28.8,57.1,190.8,47.3,57.7
City3264,1385898,220.6,26.2,685.0,38.7,47.0,24.8,23.2,58.5,39.3,38.5,88.6,21.6,62.7
City3265,681181,50.0,40.2,633.6,30.9,64.0,43.7,50.3,66.1,52.7,44.7,199.6,51.5,57.8
City3266,4064106,193.5,50.4,604.2,48.3,62.8,43.3,53.4,57.3,41.1,48.9,210.7,39.7,46.7
City3267,78460,667.7,38.2,490.1,52.9,57.4,30.5,28.7,60.2,40.8,45.2,208.7,44.5,65.9
City3268,158069,67.9,10.4,661.4,27.2,42.1,10.3,8.6,47.0,12.8,4.1,75.3,41.3,35.8
City3269,371024,99.4,45.2,592.6,43.0,34.7,44.6,35.2,79.0,56.5,30.7,221.4,47.5,48.6
City3270,663368,633.5,35.2,838.4,35.1,36.3,19.7,21.6,64.9,38.9,19.1,137.7,48.2,60.1
City3271,198404,50.0,6.4,885.9,9.9,37.8,3.7,5.3,58.9,14.6,24.0,79.2,11.3,45.8
City3272,79051,870.8,26.5,671.2,26.8,29.7,19.9,32.5,58.2,43.1,14.5,148.8,46.0,76.9
City3273,921695,129.2,42.5,471.6,48.5,75.8,46.2,49.7,72.0,37.4,47.9,307.8,62.5,62.5
City3274,736444,153.5,14.6,785.7,28.9,39.7,18.4,22.8,60.3,27.1,19.8,101.7,54.2,76.0
City3275,74400,63.5,42.0,327.4,50.2,68.9,43.3,56.4,67.2,54.6,33.3,234.2,45.9,78.0
City3276,1789809,385.2,39.2,546.6,47.8,51.2,35.4,32.7,71.3,29.9,27.4,211.9,36.6,60.9
City3277,1380944,4683.7,39.6,646.6,38.1,59.0,35.6,36.0,59.2,33.0,47.6,205.5,24.6,77.1
City3278,323843,625.0,35.0,618.2,46.2,37.7,33.3,38.6,62.4,39.4,40.1,245.0,25.7,86.8
City3279,299969,86.7,71.4,453.7,52.1,86.7,59.6,67.3,73.1,59.2,51.0,289.8,62.2,72.0
City3280,582847,956.0,68.8,526.3,60.3,72.8,74.3,76.5,86.6,52.0,58.0,347.4,55.8,100.9
City3281,80307,167.3,42.5,538.5,45.4,47.5,47.8,35.0,76.2,35.0,24.1,184.0,56.1,64.2
City3282,279859,1273.3,40.0,560.7,63.3,40.2,44.0,52.5,72.8,61.8,43.7,182.2,54.5,63.7
City3283,13182,644.2,26.8,829.7,39.6,34.1,16.4,21.7,66.1,24.6,10.0,77.5,26.1,42.2
City3284,915328,50.0,35.2,684.3,47.7,39.8,32.1,35.1,71.9,41.5,28.7,232.7,61.2,50.7
City3285,30149,73.3,42.5,567.7,48.6,32.0,35.6,35.8,63.0,34.2,29.8,287.8,43.7,79.5
City3286,2201804,760.0,30.1,621.0,26.3,26.5,28.1,26.3,60.7,28.1,35.6,104.3,43.5,60.9
City3287,169030,293.5,72.7,364.0,61.3,65.6,79.2,72.6,90.1,55.1,71.3,375.1,53.6,105.5
City3288,199519,71.6,57.0,470.7,33.5,30.2,42.9,48.8,57.3,51.2,51.2,215.4,32.0,61.3
City3289,111432,114.4,46.4,423.0,40.7,56.4,47.5,51.7,65.9,51.1,49.7,256.0,43.7,91.2
City3290,179287,50.0,38.7,434.2,41.7,42.8,31.6,36.3,54.8,42.3,45.6,240.8,24.6,60.2
City3291,1955084,220.1,59.5,423.0,49.9,53.5,54.0,44.5,63.3,56.6,53.5,262.4,55.8,51.7
City3292,10000,3473.2,35.3,685.0,27.7,38.2,41.3,26.9,59.0,31.9,32.9,129.6,30.1,55.6
City3293,1603583,642.9,52.6,414.0,53.8,45.6,56.9,51.9,74.9,52.3,50.3,282.9,36.2,86.4
City3294,430728,3389.7,31.1,600.5,35.0,48.4,30.4,29.0,57.7,28.8,32.9,113.1,27.2,55.6
City3295,49521,705.5,65.5,377.3,47.4,49.9,58.3,78.0,67.3,60.4,59.7,369.6,73.5,78.6
City3296,59549,839.6,33.2,614.8,38.1,55.1,39.7,32.4,55.1,26.9,36.4,201.9,35.9,64.9
City3297,2805101,2614.7,68.9,477.6,42.3,60.5,52.4,63.3,76.4,62.1,46.2,360.5,64.4,75.2
City3298,71416,384.8,51.4,457.5,35.6,53.7,47.3,58.2,61.1,51.5,34.7,199.7,31.9,57.3
City3299,53386,195.5,39.9,786.0,24.5,30.9,26.9,19.6,53.5,35.2,16.0,190.1,17.7,48.6
City3300,1318809,844.9,64.2,440.4,55.7,46.9,70.9,68.2,77.9,53.9,72.1,408.4,48.7,84.9
City3301,431047,1400.5,48.8,626.8,48.4,48.3,34.1,44.0,69.1,38.3,44.5,149.4,47.6,69.7
City3302,72178,137.6,43.1,458.8,48.6,45.1,53.9,48.8,60.7,30.8,48.5,234.9,28.0,96.9
City3303,363405,102.9,54.5,614.0,62.9,60.3,51.8,49.1,63.3,45.7,57.9,207.7,46.5,83.1
City3304,63827,289.1,50.5,557.4,50.8,65.0,51.9,49.3,74.2,57.6,60.4,290.3,63.2,51.2
City3305,1253123,663.7,68.1,525.3,61.0,62.1,57.0,67.0,80.8,57.7,65.9,303.5,42.7,84.2
City3306,1185789,637.6,48.0,719.5,31.1,43.3,36.0,40.6,55.1,41.1,28.4,213.2,42.5,68.8
City3307,565128,50.0,20.3,584.0,30.7,21.3,29.3,39.2,63.0,29.9,12.6,174.1,17.6,56.8
City3308,445220,2425.8,43.4,641.9,47.2,36.6,41.7,40.9,55.4,43.1,37.6,233.7,33.1,70.6
City3309,3158675,113.4,63.6,535.3,59.2,69.8,75.4,62.2,72.7,65.2,68.5,320.8,53.4,105.3
City3310,268219,178.0,66.8,401.1,65.3,72.0,71.6,77.2,71.4,62.2,76.8,317.2,71.3,78.4
City3311,51296,82.8,43.6,349.8,45.5,53.9,59.5,51.4,71.0,53.9,49.7,237.4,47.3,57.5
City3312,503461,6235.4,7.1,680.9,29.4,29.2,15.7,7.9,42.8,23.2,19.0,83.7,29.4,56.4
City3313,4977637,327.2,74.4,308.5,62.6,54.6,71.3,83.1,79.1,68.2,73.7,317.8,58.7,58.5
City3314,64817,88.1,53.0,446.7,54.2,53.5,49.9,57.8,68.9,55.6,51.8,289.9,43.2,68.2
City3315,161773,690.0,37.2,520.8,43.1,44.5,37.7,36.1,63.7,53.9,33.2,145.5,55.4,65.1
City3316,480712,615.8,43.7,520.5,60.9,45.2,41.2,36.0,55.3,32.3,45.7,225.1,37.7,62.0
City3317,248831,195.3,36.6,669.9,55.1,63.9,49.0,42.4,66.8,50.3,38.6,185.9,39.4,80.8
City3318,67831,671.0,62.4,370.3,51.4,70.3,72.5,63.8,74.8,67.9,59.4,351.0,81.9,76.4
City3319,1290578,90.9,64.1,377.4,41.9,67.4,50.9,57.7,82.3,48.5,62.0,319.5,54.5,71.3
City3320,6907076,135.4,23.0,596.6,28.7,41.7,15.3,9.8,65.3,30.1,12.5,147.8,28.2,51.5
City3321,353127,50.0,56.2,698.7,50.3,43.9,38.3,36.3,74.8,35.9,46.6,221.3,60.5,77.1
City3322,75682,50.0,44.0,524.9,35.4,38.5,23.8,22.5,49.6,35.2,22.4,108.2,17.0,38.6
City3323,30682,2141.3,67.4,464.2,56.6,69.0,75.6,69.5,78.6,53.1,57.0,352.8,65.0,94.2
City3324,385064,1754.1,53.0,557.7,53.8,76.1,51.4,67.2,68.9,47.7,53.0,299.5,34.9,87.9
City3325,1258496,264.8,41.1,800.8,34.9,33.6,30.6,20.7,60.2,31.7,35.1,118.2,39.9,47.1
City3326,521901,1800.0,55.2,465.3,54.4,61.9,40.3,34.2,73.1,38.1,39.2,175.3,51.8,93.8
City3327,267435,201.9,69.0,541.5,59.7,79.1,73.9,57.9,69.8,74.1,62.3,411.3,66.2,79.5
City3328,117597,182.7,47.4,588.6,65.9,59.4,49.9,62.3,59.1,45.6,41.5,308.5,71.1,66.9
City3329,58161,261.9,39.1,568.2,39.9,55.7,47.2,36.5,60.1,58.7,30.1,279.9,33.4,56.4
City3330,863415,210.6,38.5,621.1,57.1,36.1,40.9,38.0,55.4,24.5,39.7,164.6,35.2,56.5
City3331,964418,189.0,36.9,565.1,59.1,39.1,38.4,42.8,72.4,36.3,47.3,160.3,25.2,64.3
City3332,30821,965.0,64.4,517.3,80.9,68.1,61.8,65.5,74.4,84.9,76.6,354.9,73.1,72.0
City3333,2484978,293.0,37.5,610.9,38.0,61.1,34.7,42.2,57.3,33.7,41.6,179.9,22.6,52.3
City3334,599409,575.3,65.4,238.6,52.6,69.6,58.3,64.0,69.3,55.4,66.8,284.2,65.1,81.9
City3335,1903933,843.6,25.2,710.7,34.0,45.3,18.6,21.1,56.8,21.2,34.1,83.8,21.2,80.9
City3336,40987,389.9,69.5,561.5,59.7,47.7,45.5,49.0,59.2,40.6,41.1,249.7,52.8,80.9
City3337,39649,76.4,21.7,702.0,26.2,20.5,14.3,23.6,41.6,8.7,27.4,111.2,28.8,47.1
City3338,217824,50.0,51.0,383.4,48.9,66.6,61.3,54.9,79.8,66.1,46.9,291.3,65.0,66.4
City3339,542475,292.5,55.6,552.2,48.6,77.6,70.3,51.5,72.2,52.6,64.6,286.4,51.1,76.5
City3340,3318107,199.2,34.3,658.6,37.2,28.7,18.9,33.3,49.3,33.8,15.0,113.9,22.4,87.1
City3341,721083,271.7,69.5,212.0,58.5,86.8,58.7,62.1,68.7,64.6,68.6,287.4,78.3,84.9
City3342,191041,240.0,60.9,612.2,47.8,69.9,57.6,56.6,85.2,54.4,54.4,265.1,48.7,68.9
City3343,63772,5433.2,33.8,408.0,48.7,53.8,40.1,29.3,65.4,44.9,40.6,201.4,26.2,75.0
City3344,1501538,50.0,67.6,548.9,60.9,62.6,60.7,54.5,76.6,54.2,58.6,249.9,46.8,82.0
City3345,69522,50.0,15.5,708.3,13.5,38.3,15.9,4.2,57.0,31.9,33.3,49.1,20.5,70.7
City3346,2623070,364.6,62.8,381.1,68.9,77.3,63.4,70.5,76.1,61.6,77.3,353.9,56.5,64.8
City3347,180207,155.8,13.7,672.3,38.8,29.9,21.9,17.6,50.5,17.0,34.1,72.4,25.7,39.4
City3348,2487565,357.6,31.9,543.6,46.0,31.2,20.8,19.1,53.4,35.3,31.1,108.9,36.7,64.4
City3349,694191,493.1,12.2,662.6,17.6,24.5,8.0,4.3,56.4,5.8,34.4,58.6,19.8,58.8
City3350,221506,1142.4,38.8,632.2,54.1,56.7,34.4,34.9,74.6,52.1,31.1,235.8,37.7,54.1
City3351,129682,50.0,26.8,717.6,24.5,29.0,17.8,11.2,59.9,13.1,34.8,156.4,40.5,51.5
City3352,166496,125.5,49.1,651.5,54.2,55.4,55.7,49.1,75.4,44.5,38.0,230.0,58.3,49.7
City3353,488768,409.3,33.1,545.9,41.4,44.5,40.1,53.3,69.1,46.7,37.3,199.6,40.3,55.5
City3354,298946,616.8,6.9,720.8,23.2,38.8,15.5,15.8,58.1,18.2,17.9,128.8,15.4,37.0
City3355,116852,3402.1,46.2,549.7,45.4,32.0,39.9,47.5,77.6,29.4,51.6,251.5,62.9,72.7
City3356,212801,770.3,46.2,569.0,40.8,57.7,34.0,28.7,59.0,17.1,22.1,236.7,44.9,52.8
City3357,299541,228.6,54.6,486.5,69.8,52.4,62.6,58.8,77.6,74.9,48.7,260.5,57.7,89.3
City3358,13626,84.1,26.7,546.9,21.6,54.6,19.2,23.6,61.8,13.4,22.9,107.2,16.1,47.8
City3359,509627,124.3,32.6,565.9,57.7,56.6,41.8,29.0,73.6,32.0,57.0,235.7,42.2,66.8
City3360,68076,120.2,32.7,488.8,50.3,66.7,43.2,28.7,67.2,25.0,20.9,230.6,52.4,68.6
City3361,53387,537.2,54.8,558.4,60.6,41.1,45.8,56.1,75.2,33.4,38.7,249.7,75.2,57.6
City3362,25278,333.1,34.8,560.4,42.9,51.1,38.2,41.7,60.2,44.1,49.1,116.5,42.1,67.9
City3363,21775,50.0,63.9,551.8,57.4,72.3,71.5,74.9,79.1,64.7,76.4,377.8,52.0,71.9
City3364,40230,145.0,43.9,471.7,61.2,74.1,52.0,51.0,61.0,49.6,69.4,301.2,55.0,87.8
City3365,99446,701.4,50.1,340.4,54.3,59.7,44.7,59.8,63.1,38.6,53.5,287.7,74.9,77.4
City3366,4133201,373.2,58.0,345.2,55.4,80.9,59.7,75.1,82.7,77.0,75.7,388.4,62.2,62.0
City3367,128510,484.1,5.8,777.3,17.7,44.7,5.5,15.4,47.4,11.4,14.3,37.0,19.6,48.9
City3368,344155,387.4,48.6,626.4,40.6,60.4,43.2,58.5,74.0,70.9,65.0,294.6,49.2,76.8
City3369,470087,1722.8,54.9,395.0,59.7,63.8,53.7,55.8,68.9,61.7,53.9,241.9,71.9,75.5
City3370,322381,324.8,45.9,719.6,38.3,33.8,34.8,25.9,59.6,42.2,43.3,146.7,33.8,40.0
City3371,240765,154.0,49.8,528.5,41.7,43.6,47.1,50.5,59.3,50.5,44.8,260.6,54.2,84.6
City3372,50341,81.5,53.7,418.2,60.2,40.6,49.2,60.5,78.2,52.1,44.9,238.6,41.4,64.9
City3373,2045798,330.1,35.7,686.6,27.7,34.5,21.9,19.9,70.7,28.6,24.9,136.6,40.9,59.7
City3374,3368827,50.0,55.9,560.4,43.1,56.7,48.3,49.6,72.0,50.9,64.6,259.8,50.1,86.8
City3375,25445,196.1,66.4,573.1,67.8,56.8,65.7,59.6,64.5,50.1,54.5,286.7,67.7,91.6
City3376,63982,191.1,47.6,802.0,43.1,45.6,30.6,45.9,57.4,47.8,47.4,181.2,37.7,65.1
City3377,181364,50.0,28.2,521.2,27.5,44.4,19.2,31.5,50.2,41.7,24.2,162.9,13.5,49.3
City3378,69539,80.3,29.1,741.6,35.9,45.8,18.8,16.9,53.0,25.6,31.2,69.5,40.2,55.9
City3379,544896,646.5,35.8,607.0,40.5,40.3,32.8,26.2,68.4,34.6,39.4,132.4,54.8,53.2
City3380,96801,322.7,72.2,396.2,70.8,75.8,84.9,74.4,79.9,65.7,70.8,353.4,70.0,94.8
City3381,5559832,276.5,45.8,514.8,49.6,61.0,46.8,44.8,59.0,55.0,44.9,200.2,57.3,68.9
City3382,1420853,353.4,50.9,652.9,55.9,51.8,59.0,44.5,60.3,46.3,54.5,290.6,34.8,56.9
City3383,361350,273.5,47.8,709.6,47.9,41.9,41.6,48.4,78.2,67.2,65.9,269.6,50.0,86.8
City3384,1130059,1087.3,59.4,502.1,51.1,48.8,56.5,58.2,68.0,62.8,53.9,322.0,41.8,76.1
City3385,1262065,283.8,57.3,501.5,46.2,53.1,47.3,38.9,66.7,47.2,42.3,233.7,53.4,53.2
City3386,121841,50.0,83.1,509.5,63.5,79.3,89.4,78.6,96.8,91.8,96.2,439.3,62.2,103.8
City3387,85587,1730.5,62.1,439.8,56.9,52.6,50.5,38.4,65.2,34.8,41.7,208.5,35.4,54.9
City3388,299359,381.6,63.1,408.0,66.2,58.5,83.4,71.3,75.8,64.8,57.4,384.0,59.9,79.0
City3389,896533,120.7,63.9,648.6,80.9,81.6,67.6,84.3,84.9,75.0,61.9,345.4,72.6,94.6
City3390,326010,54.4,58.4,447.3,37.7,43.4,43.1,58.7,66.3,44.5,54.8,236.2,63.5,65.9
City3391,29501,393.5,44.2,464.8,36.8,53.6,43.1,34.9,68.5,34.6,46.1,182.6,47.4,63.3
City3392,87207,212.6,34.8,584.6,24.6,33.8,38.3,27.0,57.1,23.3,50.0,185.2,27.8,85.0
City3393,241938,1618.0,29.3,396.1,37.1,52.0,49.1,44.1,70.6,49.3,47.8,227.8,62.0,55.3
City3394,241365,161.6,29.7,665.6,41.3,36.7,32.6,43.8,53.9,46.5,52.0,176.8,35.8,53.8
City3395,4246302,89.6,49.5,533.3,42.0,53.8,50.3,54.8,74.6,46.9,40.7,225.9,49.7,70.0
City3396,38546,716.9,33.5,602.0,40.0,46.3,24.0,34.5,61.7,42.1,40.3,164.0,26.0,63.1
City3397,544609,742.7,41.9,744.4,47.5,41.1,29.9,33.3,63.8,39.1,36.7,158.9,37.6,68.5
City3398,2158142,299.6,10.6,582.6,23.6,20.7,13.9,19.7,53.4,28.0,19.6,116.9,16.8,41.4
City3399,6452831,550.9,67.5,298.1,66.0,77.7,57.8,59.7,84.1,61.1,47.6,298.4,62.2,85.0
City3400,152335,233.9,36.3,456.1,57.4,44.0,44.1,43.9,66.6,55.6,56.7,226.5,47.1,81.3
City3401,533919,324.0,15.2,886.0,32.5,39.1,8.8,16.2,61.7,24.6,6.6,108.5,12.3,55.1
City3402,595802,990.3,54.4,507.6,53.6,30.0,35.6,34.9,72.7,32.1,34.7,202.2,33.5,66.4
City3403,352806,518.2,26.3,717.6,31.3,37.9,31.0,28.1,55.3,26.0,19.5,220.2,22.7,85.9
City3404,233658,199.7,40.8,659.1,40.2,45.4,48.7,48.8,69.7,56.7,34.8,313.4,47.2,63.7
City3405,494036,1240.0,1.4,656.4,32.0,42.6,10.3,5.4,48.4,9.3,13.6,7.8,9.9,75.3
City3406,10000,50.0,35.1,487.7,40.1,26.5,31.6,33.9,53.0,27.5,34.3,178.3,62.0,69.3
City3407,697248,2871.2,16.3,617.5,28.6,27.8,12.1,15.9,51.6,18.6,27.6,179.1,51.7,42.9
City3408,320183,50.0,43.8,760.9,38.2,30.9,28.9,40.1,52.9,44.8,44.9,225.9,60.9,56.2
City3409,196523,115.3,58.9,446.6,50.1,67.9,59.0,54.8,68.4,46.1,36.3,298.0,44.2,60.7
City3410,4711924,233.0,69.9,679.5,61.3,58.4,47.7,45.5,67.2,46.4,44.8,267.0,54.9,66.1
City3411,104306,205.2,44.4,479.4,62.7,52.9,39.4,55.8,66.3,63.3,38.4,295.7,45.5,67.0
City3412,152618,818.7,32.7,668.3,30.1,41.5,19.3,27.2,52.8,33.5,29.6,198.8,38.0,40.2
City3413,4360837,68.8,25.8,588.6,38.1,64.6,35.3,35.8,54.5,21.6,39.1,93.3,46.4,43.0
City3414,83710,334.6,23.6,652.4,28.5,39.1,18.4,16.2,64.1,14.0,32.6,145.5,28.1,45.4
City3415,124223,122.3,24.2,432.8,27.2,34.4,30.9,34.2,53.5,51.6,44.2,142.0,44.7,81.8
City3416,218417,348.7,8.4,684.9,16.8,32.1,6.6,18.9,53.5,26.6,9.7,65.9,9.1,55.3
City3417,870678,226.4,29.3,825.0,15.1,27.5,12.6,23.6,63.4,20.2,20.6,147.1,11.3,40.2
City3418,358944,273.6,9.8,725.7,7.6,48.2,13.0,3.6,53.0,24.6,19.9,113.7,11.3,58.9
City3419,43928,126.5,28.7,797.6,29.4,32.2,20.1,16.8,46.2,25.7,19.3,137.2,10.2,42.7
City3420,127384,132.7,39.1,596.2,26.4,31.4,19.3,24.7,68.1,38.4,42.8,141.3,19.2,43.2
City3421,114657,345.4,31.4,545.8,44.9,29.7,17.4,23.9,61.3,14.0,11.0,213.0,25.6,48.8
City3422,240840,759.3,30.0,595.7,11.5,27.1,9.3,12.5,49.4,15.5,22.2,78.1,43.8,67.8
City3423,487078,119.4,43.1,563.9,36.5,44.1,44.5,39.1,76.1,33.7,45.6,164.5,55.0,70.2
City3424,481898,86.3,57.2,623.1,57.7,75.7,56.3,65.6,69.6,60.9,45.7,238.9,59.3,53.9
City3425,22327,510.9,68.5,486.2,63.7,59.7,63.8,65.3,82.3,73.3,56.9,365.3,65.5,58.8
City3426,1190063,235.3,61.0,330.3,64.7,42.5,56.1,65.0,66.8,63.9,49.5,342.3,46.2,70.6
City3427,382160,662.9,35.1,558.8,27.2,24.2,32.7,25.6,56.6,25.6,22.8,179.4,40.5,44.2
City3428,1864204,82.5,61.2,342.2,62.6,49.5,53.7,66.0,69.7,65.6,47.8,263.7,61.9,82.2
City3429,499757,50.0,48.1,711.4,52.2,64.4,51.6,42.3,58.7,31.9,41.4,238.7,49.4,73.7
City3430,1254003,129.1,52.8,569.2,41.7,65.1,42.8,41.6,64.8,34.8,56.2,308.3,40.8,58.4
City3431,515639,97.6,37.8,500.4,48.0,24.4,32.9,27.1,67.8,39.9,16.0,111.6,30.9,73.6
City3432,1766862,222.6,16.0,733.1,17.1,44.7,23.5,21.6,50.7,35.7,29.2,123.7,28.2,63.2
City3433,557462,114.0,23.3,608.4,25.8,47.8,21.1,34.5,66.4,33.6,36.6,205.0,37.7,63.0
City3434,233963,595.4,25.4,552.5,32.5,41.0,19.9,16.3,52.4,16.0,15.2,62.9,22.6,75.8
City3435,6461736,173.2,44.5,521.9,51.6,55.1,48.6,45.1,74.4,48.1,54.8,263.6,45.8,57.4
City3436,931593,293.1,28.6,606.5,34.9,49.6,40.7,32.9,68.4,49.4,56.0,244.2,18.5,50.2
City3437,599134,295.6,39.3,542.8,41.8,69.5,52.2,38.1,59.7,61.6,60.1,230.4,30.4,60.3
City3438,44944,309.2,69.6,481.5,66.1,66.4,60.9,65.7,82.7,81.1,81.7,355.9,73.4,65.9
City3439,44195,237.7,33.6,698.3,28.7,40.5,14.6,19.4,52.7,11.4,42.3,128.4,27.9,84.7
City3440,404255,451.6,18.6,727.2,17.9,19.7,5.7,4.0,42.7,10.6,27.9,24.9,8.5,32.7
City3441,328972,94.2,61.9,674.9,49.1,49.7,55.5,53.4,66.3,63.4,57.8,250.4,68.0,70.6
City3442,113576,1312.0,34.9,513.7,39.2,47.8,26.8,30.5,69.6,34.2,44.4,227.6,45.6,63.1
City3443,326888,184.2,41.6,405.8,43.8,55.0,42.3,47.1,72.7,57.5,39.9,265.1,42.5,77.0
City3444,2480765,50.7,53.4,361.6,59.4,55.9,62.2,51.6,80.1,71.6,51.6,260.6,38.8,52.6
City3445,710385,306.6,75.4,205.2,60.8,63.6,82.7,80.0,90.9,89.1,81.1,406.5,78.4,91.9
City3446,54316,88.1,56.1,271.6,50.2,79.2,63.4,62.0,72.3,64.1,49.6,391.7,61.3,62.0
City3447,229552,543.7,34.0,605.9,38.3,36.4,28.3,46.3,59.1,32.7,44.7,225.9,30.2,61.9
City3448,86946,3468.7,30.7,783.9,40.1,40.5,24.1,34.3,62.2,15.8,20.2,214.5,35.2,54.0
City3449,155938,95.2,49.8,677.3,52.7,41.6,35.3,42.4,66.2,49.7,39.5,221.2,55.5,54.2
City3450,150382,364.6,37.8,502.1,21.1,58.8,25.6,25.1,56.0,25.6,16.9,161.3,27.3,77.6
City3451,137488,50.0,55.1,386.2,41.6,37.5,47.6,46.9,62.0,59.7,46.8,296.8,56.2,60.4
City3452,46295,421.9,65.2,349.6,66.0,52.9,76.8,71.3,79.3,75.8,74.6,317.4,65.8,70.3
City3453,224421,84.5,93.8,409.6,75.3,67.3,86.5,95.6,84.0,69.3,76.2,367.5,66.1,74.4
City3454,122412,115.6,39.1,760.5,49.3,69.5,41.6,47.0,66.3,40.4,51.9,197.0,30.3,80.7
City3455,10000,65.3,32.6,475.1,27.2,36.8,30.6,21.2,59.1,40.1,29.6,177.0,38.1,44.9
City3456,4752402,589.1,38.5,614.9,34.3,49.7,43.6,47.0,62.4,41.0,27.2,219.9,66.9,65.0
City3457,1232157,819.6,45.1,584.2,42.4,64.3,30.6,35.6,60.7,39.1,39.5,189.1,31.8,55.7
City3458,158447,251.7,18.7,750.1,33.8,37.9,11.5,27.8,61.7,15.4,15.6,108.8,17.2,63.8
City3459,275501,86.7,47.6,676.2,51.2,46.4,41.4,48.9,57.8,47.4,36.5,254.6,54.1,91.6
City3460,52035,1648.2,27.8,551.3,25.0,30.8,36.1,26.0,60.5,37.6,43.0,161.6,15.3,59.5
City3461,2882048,99.4,28.7,704.5,38.4,38.2,35.1,32.5,66.5,36.9,35.3,186.9,52.2,45.9
City3462,3821693,50.0,30.2,413.1,32.8,62.1,51.6,32.8,61.0,50.3,33.9,273.9,43.0,63.4
City3463,334158,424.1,79.4,539.5,66.9,75.9,75.2,83.0,73.4,81.1,65.0,329.4,52.3,78.3
City3464,1124605,65.0,61.2,431.6,51.8,44.7,61.1,68.6,83.4,50.8,70.1,302.3,52.2,91.3
City3465,342971,801.4,35.3,661.3,23.8,65.8,29.7,35.6,70.0,26.3,28.8,148.4,25.8,79.6
City3466,41298,154.9,50.2,592.0,44.2,52.8,58.1,54.8,59.7,42.9,43.3,321.5,48.7,67.6
City3467,150760,504.9,56.5,414.7,74.7,47.9,57.5,62.9,82.9,60.8,77.4,327.6,69.2,94.3
City3468,322771,1315.3,36.4,649.3,20.4,39.3,32.6,27.9,60.6,42.9,31.1,137.5,28.9,72.4
City3469,142007,57.4,66.2,623.0,37.7,52.7,40.8,37.6,63.2,44.0,45.9,280.5,67.7,55.4
City3470,197577,124.1,28.6,725.2,36.6,42.3,26.5,26.7,54.3,20.7,23.5,145.9,44.3,53.6
City3471,236107,223.5,48.8,722.3,37.1,63.7,46.0,44.0,73.4,43.1,53.1,225.2,59.8,68.6
City3472,239610,1548.5,47.3,402.8,40.7,42.8,45.9,53.7,62.7,42.8,62.1,239.5,54.8,67.9
City3473,288705,111.0,68.9,402.0,52.6,72.4,65.9,72.0,71.2,65.5,47.3,306.7,54.2,88.8
City3474,60788,119.9,71.7,323.1,89.4,54.7,74.6,78.4,89.9,77.6,84.6,372.3,57.8,78.7
City3475,98339,434.3,66.8,372.1,69.7,53.8,70.0,61.7,66.8,52.3,64.1,373.7,49.3,90.5
City3476,44426,122.4,62.6,343.5,62.4,70.5,68.1,64.1,77.8,55.7,56.3,320.1,68.8,75.3
City3477,1054884,293.8,45.3,541.2,54.3,69.4,37.6,30.4,64.5,35.5,62.9,244.4,47.9,81.6
City3478,14074,50.0,25.8,535.9,32.5,24.5,18.3,18.4,56.3,24.3,36.8,118.5,33.2,36.2
City3479,1349205,3488.4,11.3,732.4,18.7,33.4,12.2,17.1,48.0,33.1,17.3,65.8,14.4,52.4
City3480,1868953,50.0,66.7,281.7,72.7,44.1,60.2,68.5,72.7,58.0,44.3,335.2,41.7,79.4
City3481,175772,166.3,58.2,494.7,55.3,45.2,61.5,71.1,64.3,49.9,77.9,286.3,45.8,69.5
City3482,10000,235.3,44.4,378.2,42.6,38.8,51.7,44.9,68.9,47.1,65.7,211.9,44.6,55.7
City3483,161807,2429.0,68.0,447.6,65.3,76.4,71.2,63.6,65.6,59.6,72.5,332.0,77.4,108.9
City3484,245276,50.0,35.5,572.1,45.1,47.2,37.1,36.0,77.3,38.9,41.7,190.9,51.7,83.1
City3485,65196,2645.0,58.8,407.5,56.8,46.8,42.1,40.9,68.1,44.9,29.4,212.8,45.8,59.5
City3486,130443,607.1,50.0,495.7,51.6,49.8,69.7,63.5,72.8,60.3,50.9,313.9,76.7,88.2
City3487,2285906,403.6,54.3,514.4,49.3,62.7,53.1,47.3,71.5,49.9,46.0,272.7,50.7,68.4
City3488,680714,75.1,69.9,350.7,70.4,63.3,67.5,63.8,67.7,57.8,81.5,397.0,70.3,94.0
City3489,73541,485.6,30.7,509.7,24.3,44.0,21.0,23.3,65.1,26.5,26.1,119.7,39.2,75.1
City3490,28662,102.7,55.4,589.4,50.1,68.7,53.4,61.3,67.7,62.2,46.0,304.6,41.3,81.8
City3491,169765,1118.8,36.0,641.9,25.0,30.8,34.3,39.9,57.6,26.1,37.4,178.7,41.3,67.7
City3492,199019,76.3,47.0,519.3,58.4,72.1,48.4,54.5,70.7,49.6,49.2,249.5,59.1,78.1
City3493,537497,213.6,40.5,707.7,44.9,33.0,33.8,36.3,57.3,49.9,28.0,200.0,36.3,45.7
City3494,126824,125.7,65.2,465.0,60.5,70.4,79.3,74.6,63.9,54.0,63.0,352.9,74.3,86.7
City3495,549134,74.8,25.0,682.6,44.4,46.4,19.0,25.4,57.1,28.2,24.1,118.2,26.6,71.9
City3496,4029753,595.6,36.6,526.5,30.1,36.0,26.5,26.1,56.3,22.5,26.3,136.4,19.1,44.7
City3497,840457,465.2,46.3,379.6,56.9,69.0,58.4,60.1,77.5,66.8,71.9,356.4,61.6,64.1
City3498,250866,1044.0,38.5,693.5,34.2,32.6,32.1,15.5,59.8,20.1,17.1,196.4,9.2,71.4
City3499,207645,50.0,50.0,519.4,46.3,47.4,44.6,31.7,55.1,46.5,39.6,279.9,38.0,42.9
City3500,162861,877.4,44.6,523.0,51.3,50.9,47.3,46.0,73.4,44.7,52.3,312.4,73.6,71.2
City3501,1401280,4947.0,30.8,479.4,37.1,58.8,46.9,46.9,69.0,52.1,47.3,263.2,43.6,55.4
City3502,111497,142.3,75.4,393.8,68.8,44.9,58.0,55.3,76.9,66.7,69.9,279.6,41.8,58.9
City3503,285875,2378.4,75.0,577.1,72.2,67.3,80.9,65.9,74.0,79.6,59.2,366.9,63.0,77.0
City3504,288276,178.4,44.9,356.2,70.6,50.0,45.4,48.4,63.5,51.5,45.9,197.9,58.5,67.6
City3505,132919,50.0,17.7,491.8,18.2,48.1,22.2,15.5,58.7,18.1,18.7,103.9,32.3,67.2
City3506,39283,169.6,26.3,571.0,26.9,43.8,39.8,26.9,51.9,44.8,36.0,210.4,34.4,64.9
City3507,421748,860.8,36.5,737.9,29.0,48.8,27.2,28.6,67.2,29.4,21.9,182.8,57.3,68.5
City3508,246371,89.5,66.5,395.2,48.0,62.4,51.6,64.5,59.4,51.3,52.5,353.8,58.3,77.4
City3509,540546,119.1,41.3,530.6,32.9,50.9,31.5,22.0,56.8,47.0,25.2,185.9,45.6,46.3
City3510,127129,498.8,9.7,818.0,38.4,40.9,6.0,9.3,44.6,10.3,1.8,129.3,2.3,56.6
City3511,1482365,245.6,75.7,502.2,66.8,57.7,67.5,81.2,85.7,72.7,57.2,290.0,57.6,65.1
City3512,78630,493.5,30.9,729.3,38.4,41.5,23.4,39.2,61.4,33.4,35.7,122.4,26.3,57.9
City3513,2948645,325.5,50.4,519.4,46.8,40.8,30.1,53.2,60.3,45.7,26.1,289.6,26.9,82.6
City3514,23232,435.1,53.2,522.0,67.0,55.8,52.1,45.2,72.6,51.4,56.4,289.7,34.4,95.9
City3515,493203,145.7,39.6,426.3,43.2,59.2,29.6,32.7,60.0,28.5,29.8,214.4,51.2,56.5
City3516,522094,323.1,39.9,450.8,38.6,29.6,34.9,38.4,55.0,19.4,48.4,155.1,28.5,75.0
City3517,88099,80.4,86.1,420.0,69.6,66.2,91.3,93.9,84.7,77.0,93.7,420.7,71.3,104.0
City3518,486091,1148.4,35.3,562.0,45.1,46.6,35.7,25.1,61.6,44.2,25.7,200.0,54.7,54.9
City3519,1609326,114.3,79.2,432.4,58.7,59.8,58.3,75.0,81.5,64.8,69.3,332.3,48.9,97.2
City3520,12045,948.2,27.3,591.6,42.3,24.7,37.5,37.7,75.9,24.2,32.9,158.4,43.6,67.9
City3521,542445,184.9,73.9,324.0,66.9,54.0,61.5,65.2,80.3,48.4,72.1,297.6,42.8,87.1
City3522,10000,311.8,12.5,718.7,23.4,26.6,31.0,27.7,48.5,29.9,37.3,77.2,27.5,39.5
City3523,69429,135.1,38.1,569.2,20.5,23.4,32.8,15.6,61.3,28.4,28.1,150.1,16.7,52.9
City3524,2625633,72.3,60.4,437.0,64.6,41.5,59.0,59.8,69.4,52.6,54.0,304.4,54.9,76.5
City3525,118836,50.0,41.2,637.0,45.8,45.1,35.1,46.4,65.3,51.5,39.8,164.8,33.8,42.9
City3526,51873,69.0,77.1,458.1,59.6,75.2,81.0,87.0,76.5,84.7,66.1,388.6,59.0,95.3
City3527,203391,165.9,34.4,581.1,36.8,34.0,43.0,47.3,76.8,38.3,33.8,212.9,52.4,93.9
City3528,4852811,315.5,51.4,524.0,43.2,62.0,56.8,49.9,72.4,68.7,50.5,244.9,57.0,66.2
City3529,20653,822.6,40.7,577.6,37.5,46.8,25.3,22.6,49.1,36.4,41.8,210.9,32.8,74.0
City3530,61584,143.3,31.1,633.3,28.3,22.0,17.1,16.1,65.6,42.6,15.4,149.1,27.5,66.2
City3531,2183422,84.9,44.9,475.8,48.6,53.2,35.7,33.4,56.9,43.8,28.2,182.2,37.1,69.6
City3532,3615653,50.0,20.8,705.2,11.3,30.2,17.4,17.4,51.7,14.3,37.9,92.0,27.3,35.7
City3533,232163,435.3,65.8,381.0,46.9,56.3,46.1,58.0,86.1,53.1,59.0,283.2,73.6,53.2
City3534,47350,1286.7,27.0,689.6,37.0,25.2,21.3,32.8,48.9,29.1,53.1,138.4,34.2,58.0
City3535,5046375,1118.3,50.4,478.3,40.9,55.0,45.4,44.5,59.0,31.6,54.3,270.8,61.9,55.0
City3536,2501045,573.6,47.3,522.6,58.9,42.9,46.7,60.1,76.7,55.5,40.0,221.7,36.5,75.3
City3537,694207,526.5,21.4,457.2,26.6,43.1,38.4,23.0,59.7,20.3,36.3,165.1,57.8,67.0
City3538,86045,1876.5,51.8,550.3,45.1,68.0,49.0,47.6,63.8,36.3,42.0,238.2,48.7,67.7
City3539,250536,364.5,37.0,629.2,45.1,47.9,38.2,49.0,53.2,26.0,24.7,190.2,55.8,50.4
City3540,214377,531.3,45.4,791.2,35.6,28.1,32.0,36.7,57.2,38.8,55.5,164.8,35.8,57.2
City3541,426425,166.5,39.9,411.6,48.6,44.3,41.4,46.5,62.3,34.9,46.8,205.2,48.5,66.7
City3542,2046009,50.0,41.0,705.5,40.7,24.3,30.8,30.7,58.1,36.2,28.9,158.7,39.9,51.9
City3543,919130,107.7,68.1,557.6,53.8,51.3,78.2,66.2,71.6,75.3,85.2,369.2,58.9,59.6
City3544,59377,242.0,15.2,702.2,33.3,26.6,17.9,9.8,51.8,11.3,19.8,163.2,37.4,34.4
City3545,1843349,263.2,51.5,625.4,37.8,44.9,47.2,43.9,53.3,39.5,41.6,236.0,22.5,65.3
City3546,415976,2468.9,27.8,564.7,21.6,48.2,21.1,18.1,44.0,21.5,24.3,94.8,9.9,42.9
City3547,702142,269.8,79.6,263.4,56.9,66.1,73.8,75.2,88.4,73.2,67.1,425.6,83.9,94.7
City3548,2091008,1006.9,82.4,321.0,51.4,88.9,57.7,75.5,78.2,76.2,64.0,374.2,74.3,90.1
City3549,56601,145.2,71.6,264.4,73.6,63.7,65.2,68.1,71.3,62.7,59.4,323.9,67.8,76.1
City3550,255210,168.3,11.9,698.9,35.9,20.7,5.4,16.1,59.8,12.3,11.2,38.9,33.5,49.8
City3551,127511,50.0,53.2,562.9,53.5,55.0,48.2,63.2,60.7,61.2,44.3,256.3,54.1,69.1
City3552,29881,100.4,38.7,500.2,31.5,49.3,39.6,39.4,61.6,48.8,52.4,229.4,48.4,61.1
City3553,435998,460.5,54.0,375.7,67.7,60.0,66.0,54.3,75.3,51.8,68.5,281.1,80.6,65.6
City3554,9031049,246.9,47.5,367.3,31.2,45.3,50.0,40.2,53.8,53.5,40.7,187.2,31.7,74.2
City3555,20412,758.6,30.3,429.2,36.7,26.1,35.0,31.7,64.8,45.3,34.0,164.9,30.7,48.9
City3556,256480,304.1,58.2,497.6,58.2,40.9,53.2,49.6,66.2,58.6,39.5,299.7,57.2,74.3
City3557,657868,160.3,50.2,347.9,50.3,66.7,62.6,68.4,65.5,64.9,66.7,289.2,48.1,71.8
City3558,318796,3222.6,37.6,429.1,34.0,45.4,38.9,32.0,64.7,38.3,44.5,218.9,48.9,59.3
City3559,229032,218.6,56.1,402.3,45.8,58.6,56.2,46.7,73.8,47.7,55.0,281.9,49.5,55.4
City3560,43525,987.9,55.5,542.7,29.7,54.2,35.6,50.0,63.8,44.2,24.2,242.5,54.0,71.9
City3561,371721,151.2,52.6,442.4,47.5,45.8,54.8,50.9,79.8,60.2,60.4,226.5,58.1,69.0
City3562,93016,573.4,89.7,418.4,84.7,74.0,71.7,78.1,77.2,75.3,75.3,418.2,84.8,96.5
City3563,12507,745.2,45.6,547.8,44.1,49.6,45.7,47.1,60.1,40.2,47.7,206.5,52.4,65.9
City3564,1428919,314.3,33.8,570.8,23.2,43.4,23.6,17.1,59.4,26.3,48.8,128.0,37.3,65.5
City3565,1026576,50.0,40.7,509.2,35.3,50.6,36.0,36.1,56.1,41.0,24.3,232.1,42.3,59.8
City3566,288463,250.1,52.6,463.7,40.0,45.9,43.3,40.7,62.3,47.5,52.7,187.9,45.1,60.3
City3567,369795,1071.2,47.1,392.6,42.5,56.1,46.1,46.9,73.5,54.1,50.1,245.5,53.6,90.8
City3568,1207478,460.8,68.4,392.3,54.2,76.9,69.4,80.4,75.6,59.3,66.8,296.4,50.1,64.8
City3569,367351,417.8,34.0,433.2,48.6,41.3,37.0,59.0,57.1,45.6,36.0,282.8,53.4,55.0
City3570,951337,50.0,38.4,569.4,39.3,38.8,41.3,43.6,62.7,40.3,38.9,225.3,55.6,81.8
City3571,176932,103.1,41.8,485.0,39.2,35.2,49.2,52.2,59.1,33.1,45.0,220.5,32.5,74.1
City3572,1684159,400.9,35.8,498.2,32.7,52.1,43.3,37.8,70.9,38.3,41.1,130.6,25.0,87.1
City3573,420458,400.4,46.0,445.9,51.1,44.4,32.9,39.1,53.7,33.4,23.7,258.3,31.6,85.6
City3574,352100,1051.1,27.0,630.0,15.8,27.3,18.6,19.4,57.9,25.6,21.8,86.1,24.5,55.6
City3575,45338,205.6,35.1,575.1,43.3,43.9,36.1,27.9,66.2,36.2,33.7,157.1,37.5,46.4
City3576,401008,398.2,50.5,622.2,32.9,43.4,45.5,33.5,60.0,31.3,33.6,173.1,37.4,57.2
City3577,83722,249.5,10.7,827.9,32.7,22.3,20.0,7.0,58.0,7.6,11.5,45.5,9.8,50.0
City3578,109798,74.9,48.9,568.9,45.4,49.4,35.1,20.7,51.9,26.2,17.1,139.4,31.9,66.6
City3579,85688,50.0,52.2,500.3,48.8,74.7,55.5,75.9,65.5,50.8,49.0,369.6,60.1,81.8
City3580,60311,410.4,40.4,581.4,45.6,38.7,49.6,43.2,75.6,47.3,35.4,253.5,61.5,81.2
City3581,5254944,301.5,6.1,581.6,30.0,41.3,12.1,24.5,45.6,17.2,6.2,24.8,4.1,53.4
City3582,1730419,116.5,32.9,641.4,43.5,41.8,25.1,37.4,62.3,28.0,40.0,162.3,43.9,45.5
City3583,3947190,50.0,68.4,287.0,63.9,55.4,60.7,58.2,67.6,63.9,71.6,310.1,60.4,74.1
City3584,48433,521.0,38.7,635.1,39.3,48.1,29.1,24.0,63.1,14.9,26.1,138.7,29.3,40.1
City3585,296485,177.8,48.5,389.1,42.0,39.6,47.2,52.9,80.2,67.0,34.2,268.5,77.2,60.6
City3586,43874,477.3,62.1,378.7,83.6,52.6,78.2,71.3,71.4,65.2,66.1,398.6,76.2,73.9
City3587,101318,2291.3,32.6,802.4,19.1,29.1,30.1,27.5,66.8,34.5,21.2,116.0,26.9,84.3
City3588,74207,50.0,30.5,769.1,49.3,43.0,38.8,22.9,52.0,19.4,42.5,165.4,49.1,57.8
City3589,1521820,105.7,6.2,636.6,27.4,42.8,7.1,25.8,49.1,19.3,5.3,93.8,36.6,60.8
City3590,154087,190.3,9.2,677.7,20.2,21.6,24.9,17.9,66.4,20.0,12.0,129.2,14.3,40.3
City3591,1197481,1402.2,58.3,357.3,48.4,39.9,44.2,44.7,61.1,56.8,40.4,228.3,38.9,58.8
City3592,625163,50.0,53.3,515.5,51.5,51.3,49.2,36.9,66.1,43.4,44.6,244.7,63.9,48.3
City3593,6750278,2497.5,52.8,382.5,46.2,58.1,63.1,63.3,75.1,41.6,40.8,278.8,36.0,64.0
City3594,33819,288.0,20.5,820.8,36.9,27.5,16.5,27.0,53.9,20.0,35.8,185.9,30.2,74.4
City3595,1564264,218.1,29.5,491.5,52.9,40.0,36.2,29.0,67.1,39.5,35.7,231.7,46.7,45.5
City3596,1335768,192.9,89.1,407.6,71.1,78.6,85.0,72.3,84.1,69.5,81.3,432.1,83.0,75.6
City3597,68683,145.0,60.4,422.5,61.0,47.1,76.2,61.0,69.8,59.3,53.4,273.2,71.4,61.6
City3598,1099082,860.7,73.8,341.8,67.2,60.3,62.8,65.2,73.1,72.5,51.7,305.7,45.1,73.8
City3599,429597,67.9,42.1,428.0,41.4,44.8,55.9,41.7,64.9,42.3,52.9,235.4,35.6,68.8
City3600,195151,370.4,29.1,534.1,27.4,37.8,25.4,31.6,66.3,45.7,33.9,108.3,28.7,37.8
City3601,84667,154.3,34.5,635.1,33.7,40.4,31.5,30.6,57.1,35.7,44.7,170.7,24.5,44.7
City3602,98051,98.0,90.3,268.4,80.8,83.9,98.7,94.0,95.0,77.4,70.6,465.2,86.7,73.1
City3603,4731424,5448.9,26.8,566.7,46.8,33.7,28.8,37.1,53.9,49.1,38.4,226.3,16.6,48.6
City3604,268593,404.6,12.8,637.8,41.0,45.1,17.4,20.6,52.7,21.0,27.1,117.6,31.2,52.9
City3605,802094,510.8,49.9,459.0,47.7,42.2,57.2,61.9,62.7,44.6,46.8,355.7,63.4,97.0
City3606,88675,958.5,20.8,919.3,29.3,45.9,14.2,16.1,49.3,25.4,20.1,100.7,28.1,50.0
City3607,90057,50.0,54.9,517.5,73.0,66.8,69.5,64.2,79.3,61.8,49.8,346.7,47.3,53.4
City3608,1220509,2003.7,45.8,448.0,58.8,54.7,45.5,60.3,73.9,55.4,51.7,266.9,51.6,62.6
City3609,40562,50.0,46.5,418.3,50.8,39.4,42.5,42.9,81.3,39.6,28.2,185.8,49.2,82.7
City3610,150046,97.3,13.9,641.2,28.1,45.0,7.7,12.7,60.0,7.8,14.1,60.8,20.5,63.9
City3611,281429,141.1,2.7,661.7,25.7,16.1,6.9,4.2,50.4,17.2,22.8,59.3,10.2,45.9
City3612,313615,491.8,34.6,663.0,42.4,41.3,49.4,43.4,64.6,38.8,48.4,254.3,62.0,60.8
City3613,208828,318.1,31.2,543.8,43.5,60.5,48.4,54.8,55.1,50.5,54.4,190.0,48.7,83.1
City3614,467029,200.3,56.1,526.1,54.6,67.0,60.6,58.0,70.3,49.8,50.7,316.8,46.1,68.0
City3615,707857,241.2,48.9,501.8,61.7,80.0,58.3,62.5,67.3,68.5,42.0,234.3,65.5,57.1
City3616,750498,75.7,74.2,542.8,71.9,79.0,79.8,81.8,77.3,59.4,75.5,341.2,57.6,67.5
City3617,67499,50.0,38.4,656.1,32.3,49.2,29.6,40.2,68.2,27.4,52.0,182.3,35.2,63.1
City3618,180264,585.1,18.8,615.8,29.5,27.1,13.3,10.9,51.9,28.7,23.7,116.3,34.1,49.1
City3619,1429260,562.5,24.0,730.6,43.3,44.2,40.1,36.5,52.9,38.1,29.0,204.9,22.0,60.6
City3620,938939,1638.3,34.5,730.1,29.0,39.0,20.1,17.7,61.4,30.6,16.7,105.5,15.4,56.1
City3621,39261,94.8,37.6,782.9,47.9,62.0,43.8,55.9,59.6,47.6,48.6,180.3,35.0,51.2
City3622,438919,561.9,25.8,616.4,35.5,42.1,22.0,44.5,65.8,17.5,43.4,152.0,16.7,63.8
City3623,16822,174.1,61.6,348.2,58.7,59.9,45.6,61.7,81.8,61.9,52.0,293.1,40.8,64.8
City3624,286561,1021.0,34.7,434.4,27.2,49.1,27.8,30.2,67.6,24.4,41.4,218.1,53.7,74.3
City3625,3824253,834.1,82.3,303.4,81.3,61.4,70.9,74.8,80.6,59.1,57.3,414.8,61.5,69.8
City3626,71178,315.3,28.9,764.1,41.1,23.1,18.7,25.2,46.9,17.4,36.7,154.7,27.0,67.5
City3627,83445,162.8,67.0,375.9,41.1,52.7,52.9,58.4,71.1,56.0,51.5,263.9,44.8,62.5
City3628,782024,775.2,75.6,271.3,62.4,54.5,63.3,79.9,86.8,58.6,80.4,298.5,77.6,67.6
City3629,30948,531.8,31.8,533.5,34.3,38.9,29.7,32.3,57.0,43.6,28.7,141.7,43.1,66.9
City3630,110651,107.6,50.6,575.6,28.3,42.8,36.5,35.0,79.0,46.2,29.5,248.9,53.6,55.0
City3631,618478,50.0,33.8,605.5,45.7,37.3,30.6,31.6,65.9,36.5,39.5,220.3,35.9,67.1
City3632,110414,173.1,19.1,775.2,36.2,31.5,18.9,17.1,68.5,23.9,19.8,75.7,23.0,54.0
City3633,192844,1507.9,57.9,423.8,61.8,51.2,60.2,52.5,75.5,55.3,41.6,307.8,70.3,70.3
City3634,760597,968.5,57.4,728.0,61.1,51.1,43.6,44.8,73.5,37.5,47.3,237.6,60.2,71.1
City3635,484157,64.4,76.5,376.9,67.2,58.0,58.1,54.0,67.6,67.5,48.9,295.0,47.6,58.9
City3636,389861,60.3,40.9,737.3,59.4,61.3,42.1,47.7,64.4,47.1,58.2,257.7,33.1,72.3
City3637,166913,1129.6,61.4,428.7,59.6,64.2,61.3,62.1,61.1,52.1,60.5,332.8,47.6,66.9
City3638,450487,62.6,21.7,630.6,40.3,32.5,25.0,30.0,57.6,19.8,49.7,178.8,21.3,51.9
City3639,225657,450.9,55.3,563.9,46.0,52.5,59.5,57.5,64.1,61.2,70.1,320.9,52.2,66.8
City3640,509368,116.8,36.1,682.8,39.3,45.6,31.0,24.2,60.6,19.4,35.7,146.4,28.6,37.5
City3641,133825,1703.5,74.4,432.8,71.2,99.4,70.1,79.0,78.2,68.6,88.8,441.8,89.4,92.2
City3642,207814,97.1,31.2,428.2,28.1,56.5,34.3,33.0,71.2,29.9,43.8,256.8,48.3,73.6
City3643,67108,964.9,23.1,736.3,10.7,22.6,17.9,11.9,56.6,20.7,13.3,134.8,19.7,55.7
City3644,255502,305.5,33.5,620.7,29.8,22.0,19.0,16.6,57.0,25.1,37.4,90.2,17.4,50.0
City3645,86214,331.2,78.3,555.9,61.6,53.4,54.7,65.5,69.5,70.9,53.2,299.4,60.1,63.4
City3646,56406,50.0,53.0,398.2,55.5,42.5,50.9,59.8,70.1,59.0,56.1,320.4,48.6,76.6
City3647,385434,50.0,80.5,396.5,71.6,57.5,67.6,67.4,83.0,53.6,68.9,406.9,46.3,91.6
City3648,361434,187.8,67.6,492.9,49.4,57.5,65.3,56.3,78.4,54.2,65.7,382.7,50.6,97.2
City3649,802930,329.1,38.8,611.7,31.9,36.5,37.8,36.6,61.8,31.4,32.4,207.3,59.6,45.5
City3650,146740,63.4,34.2,392.8,35.5,41.1,38.4,30.6,65.6,28.2,44.3,297.0,46.2,78.0
City3651,475096,66.3,54.6,452.2,46.9,43.4,50.5,45.6,67.1,49.6,56.5,279.7,62.5,78.9
City3652,580193,480.0,20.8,701.1,33.3,53.2,23.6,20.7,54.2,22.4,28.5,142.3,20.6,71.3
City3653,500160,480.8,64.7,427.3,52.2,70.9,62.4,62.8,72.1,49.9,60.5,372.2,46.0,93.8
City3654,84464,207.4,56.4,630.4,70.2,76.4,51.9,62.0,78.4,60.7,63.3,284.9,52.4,79.3
City3655,330746,624.1,49.5,517.0,51.9,69.4,59.6,46.7,69.9,48.3,52.7,319.7,59.0,92.6
City3656,446768,59.8,27.2,720.8,42.9,36.2,25.0,28.9,64.8,26.3,47.3,174.0,46.0,77.9
City3657,271047,159.6,37.0,586.0,42.1,52.7,41.7,50.5,60.3,37.6,40.1,218.8,32.4,95.4
City3658,14456,1767.7,37.9,591.3,35.3,44.2,38.2,41.2,55.8,39.0,26.8,190.1,38.6,47.6
City3659,335939,265.6,17.6,623.4,25.2,52.4,15.6,13.7,42.3,28.0,7.8,40.6,33.6,35.6
City3660,5941923,284.7,61.6,386.9,48.8,63.9,66.3,56.1,75.1,62.2,65.5,326.4,55.6,74.8
City3661,162096,3893.8,19.3,738.0,30.5,46.0,16.5,16.1,58.3,27.3,36.2,96.5,26.6,59.3
City3662,96828,50.0,25.6,681.3,46.2,47.8,32.0,21.5,58.9,15.8,31.4,184.1,36.7,60.8
City3663,452565,636.3,56.6,414.7,55.9,52.4,63.7,73.2,85.0,60.7,74.2,293.0,74.6,65.6
City3664,415538,1802.2,69.4,298.1,76.1,67.4,65.5,66.0,80.0,70.1,66.1,320.3,60.2,66.6
City3665,1425209,165.7,57.4,595.3,66.5,65.7,65.5,65.2,79.0,45.0,70.7,321.0,53.5,68.0
City3666,46119,686.5,8.4,715.5,21.7,42.8,14.6,26.5,47.5,19.7,14.6,134.7,22.1,50.9
City3667,747083,75.3,43.8,619.7,41.3,43.0,28.1,28.5,72.6,37.0,43.6,132.8,21.5,75.4
City3668,613288,107.3,55.9,448.1,44.0,70.6,44.6,53.5,68.6,59.8,39.1,292.8,53.9,67.8
City3669,219914,388.4,40.3,537.1,43.5,44.6,27.1,49.4,70.2,39.1,37.6,144.3,46.9,57.1
City3670,431128,638.0,29.1,734.2,33.1,37.2,29.7,21.4,68.4,20.6,27.9,131.0,39.4,53.1
City3671,1133975,939.3,50.1,556.4,26.2,69.3,41.5,29.2,58.4,30.0,45.0,207.7,20.9,74.0
City3672,910037,1609.3,61.9,381.5,46.8,49.5,65.2,60.2,69.3,47.3,50.9,308.5,71.3,59.1
City3673,54164,225.7,19.5,572.8,28.6,43.1,31.6,20.8,53.1,36.4,38.3,154.1,43.2,54.8
City3674,845955,1024.9,36.8,732.2,45.7,23.6,23.6,22.7,73.9,42.5,25.8,172.3,30.3,80.6
City3675,245103,162.3,68.5,269.6,78.1,64.7,77.4,86.0,76.3,62.2,75.3,407.2,92.2,103.9
City3676,297159,722.3,33.8,662.4,40.8,53.4,32.6,29.6,52.1,30.7,24.6,213.7,37.1,50.1
City3677,297293,313.9,27.2,520.8,40.5,54.9,39.7,32.7,64.2,45.2,36.0,155.4,36.5,63.8
City3678,217435,417.7,76.6,420.1,68.7,66.1,82.1,81.7,75.8,68.9,89.6,450.7,61.0,62.5
City3679,1423160,406.8,54.0,389.8,62.2,38.4,48.0,66.7,63.4,38.9,59.5,285.9,36.7,73.9
City3680,238659,50.0,69.9,479.0,52.1,52.9,61.3,58.6,74.8,70.7,53.9,268.2,59.7,67.9
City3681,55973,63.5,30.6,538.0,52.8,52.8,29.1,35.9,55.9,41.2,49.2,278.9,36.3,73.3
City3682,154671,276.7,42.5,411.4,41.2,51.5,52.6,51.4,68.2,54.8,71.9,188.6,35.2,55.4
City3683,344611,50.0,83.5,373.5,55.6,87.5,68.0,64.4,75.3,58.2,77.4,409.7,53.1,76.6
City3684,1499887,663.4,62.9,600.6,67.2,69.9,67.3,53.6,66.1,72.3,51.6,334.0,58.6,60.8
City3685,624266,696.4,49.4,420.7,59.3,78.0,41.6,51.6,66.2,37.8,52.3,206.5,44.7,86.9
City3686,81572,362.3,32.8,449.8,30.5,33.2,27.9,29.2,59.2,51.9,22.7,194.3,22.8,91.8
City3687,8703761,63.7,36.1,714.7,50.1,29.7,35.2,32.7,60.5,44.2,46.2,208.2,50.0,60.3
City3688,388747,1282.0,47.1,444.3,62.4,54.1,65.4,52.7,60.8,46.5,61.2,258.2,60.9,65.9
City3689,1600052,2820.5,36.7,496.2,39.9,53.1,29.7,40.5,66.3,25.6,33.3,213.7,20.4,75.0
City3690,216988,291.9,27.0,652.0,31.3,35.2,33.4,34.0,52.0,30.1,50.0,187.5,47.0,72.8
City3691,566200,451.5,70.3,530.9,58.1,63.3,63.6,62.8,71.1,44.3,65.9,327.1,74.6,90.3
City3692,869136,311.7,57.0,516.9,66.0,55.5,54.9,68.9,72.4,70.7,69.2,373.3,47.1,84.9
City3693,1476924,462.4,36.7,488.9,54.5,70.3,44.5,57.2,63.7,43.0,43.4,242.1,56.6,94.7
City3694,1179163,212.0,18.6,601.7,41.8,32.5,19.5,35.7,53.1,26.6,35.1,242.6,17.9,58.4
City3695,909887,234.8,81.4,369.0,47.0,58.1,72.3,66.9,72.6,52.2,75.9,358.0,58.2,100.4
City3696,172625,725.5,47.8,435.4,55.1,55.2,48.1,53.2,60.3,52.3,52.5,256.1,37.9,73.4
City3697,120518,4083.7,20.9,641.1,31.7,31.5,28.9,24.6,64.5,27.4,11.4,117.8,13.7,57.2
City3698,427474,50.0,72.4,395.3,75.7,72.4,83.9,80.0,79.0,74.9,78.7,413.1,69.2,94.7
City3699,990910,216.0,43.0,420.1,51.6,43.8,47.5,67.4,61.8,47.2,39.2,312.8,56.1,86.3
City3700,196455,59.3,36.5,632.6,29.3,31.3,30.9,35.2,58.8,41.3,27.3,163.5,32.3,63.9
City3701,1192116,1653.1,36.9,500.5,35.2,42.9,29.6,33.0,56.9,16.7,25.8,171.6,39.2,66.2
City3702,2050641,120.9,39.1,715.1,30.6,32.9,33.1,41.5,62.4,33.3,23.5,141.6,36.8,62.2
City3703,74395,50.0,41.8,383.1,41.6,49.5,49.5,53.9,83.6,38.4,66.8,195.8,53.2,67.3
City3704,83142,526.3,26.4,592.4,36.1,33.1,45.5,29.4,56.8,33.4,17.9,170.1,40.2,57.1
City3705,220460,1984.6,46.2,429.2,53.6,46.5,57.5,53.6,74.2,42.4,45.5,277.2,65.6,80.1
City3706,412774,542.6,52.3,534.5,42.1,48.1,42.3,43.3,70.1,53.0,45.5,290.4,46.2,60.8
City3707,128747,312.9,22.5,685.9,35.0,37.9,24.3,31.6,59.0,27.3,44.1,119.6,42.5,49.5
City3708,1781709,399.8,35.9,495.5,44.6,38.1,35.0,25.9,65.7,29.5,45.6,164.9,39.2,44.2
City3709,485868,1336.5,27.6,421.7,35.0,44.4,34.7,27.8,65.8,37.6,25.8,158.4,28.3,67.1
City3710,283573,85.7,40.8,542.2,26.5,55.3,37.0,30.7,57.5,46.8,39.1,215.2,32.7,42.0
City3711,35944,214.0,25.7,561.6,40.0,25.0,26.3,17.4,60.2,26.6,32.7,143.3,47.7,66.9
City3712,42525,142.1,23.1,511.4,39.5,53.9,21.9,25.1,64.0,17.0,40.4,165.3,27.1,59.7
City3713,397683,60.3,15.3,608.3,38.9,31.0,27.0,24.1,58.1,15.9,30.0,161.5,23.5,55.9
City3714,13553,165.0,58.0,643.9,40.8,37.3,40.8,45.7,60.1,37.4,38.2,226.8,54.2,62.7
City3715,1107584,924.5,51.1,424.2,38.1,41.1,35.7,29.4,70.1,52.4,47.5,151.2,52.7,62.4
City3716,215041,483.0,64.6,239.4,48.7,60.0,71.1,57.3,75.4,54.0,61.1,352.0,44.1,66.1
City3717,10000000,530.2,63.8,603.9,74.2,57.6,65.2,66.0,76.8,68.6,49.0,304.5,64.3,60.7
City3718,6790823,291.7,38.8,551.3,38.8,44.8,35.8,39.6,61.3,38.2,47.1,240.0,38.8,57.0
City3719,208141,458.5,57.5,722.5,53.6,52.6,55.8,52.1,59.3,52.2,44.6,222.4,60.7,101.5
City3720,231220,93.6,52.0,675.7,56.3,71.0,58.0,60.3,74.6,61.3,47.5,283.3,37.3,55.5
City3721,1081450,168.8,27.1,714.9,17.3,40.5,20.1,22.4,48.1,26.5,18.6,194.1,12.9,81.8
City3722,2912264,308.1,33.4,504.0,53.9,50.4,43.9,42.3,66.1,30.0,33.2,201.0,41.3,80.8
City3723,27085,341.4,36.4,492.7,40.8,32.7,41.3,36.9,56.0,40.9,33.1,188.1,31.8,70.9
City3724,22006,359.3,52.1,652.5,50.4,59.1,54.6,54.5,71.0,61.0,51.6,259.9,46.9,82.5
City3725,112324,207.3,42.2,467.8,49.5,28.0,27.9,35.3,52.5,31.1,23.4,218.0,47.4,51.5
City3726,606726,155.6,72.3,447.2,52.9,60.0,58.1,50.1,65.8,47.2,63.8,313.2,73.7,67.1
City3727,538004,10821.9,33.1,529.2,45.4,46.2,19.3,39.9,59.2,23.5,48.4,133.4,52.8,60.5
City3728,1199817,726.4,78.6,517.2,77.8,54.8,68.8,79.1,76.7,66.4,64.9,413.0,60.8,79.2
City3729,50032,401.7,54.3,462.3,59.8,46.6,54.4,47.0,69.5,54.3,44.4,307.8,56.6,63.7
City3730,10481,185.0,58.0,597.4,51.2,59.3,55.1,62.3,65.9,58.0,63.9,308.1,64.2,57.9
City3731,891998,142.4,13.9,729.1,33.5,54.3,24.2,14.0,61.2,17.9,24.6,48.3,22.9,55.7
City3732,84164,209.1,50.0,373.4,37.4,45.4,45.5,50.6,73.5,53.0,51.8,313.5,33.1,49.8
City3733,15900,347.7,62.8,354.1,81.3,83.0,75.6,66.2,72.2,69.0,54.0,319.4,71.4,99.9
City3734,328761,50.0,34.4,738.5,36.8,26.3,32.5,37.0,58.3,43.2,31.1,219.3,24.5,64.9
City3735,814594,50.0,54.5,560.2,40.2,48.8,49.6,45.8,65.4,59.3,46.4,235.9,33.4,58.7
City3736,226187,113.9,33.7,466.0,45.9,43.6,41.1,37.0,64.0,57.8,31.3,230.3,33.1,48.5
City3737,141352,313.7,29.6,505.1,43.5,48.1,41.8,30.2,68.3,35.3,47.2,233.8,43.4,65.5
City3738,214677,183.6,42.9,451.4,49.8,40.6,45.5,46.7,67.5,38.3,45.6,240.1,38.4,61.3
City3739,159721,1441.9,14.7,883.3,35.7,19.0,30.0,18.2,61.0,21.1,34.7,119.2,6.8,74.8
City3740,40649,50.0,45.5,500.5,54.6,62.2,40.8,58.2,69.0,43.5,40.0,221.1,72.6,60.3
City3741,98661,99.3,25.9,681.9,37.3,42.6,24.3,22.7,53.8,25.8,26.7,103.5,31.3,46.9
City3742,556705,1516.4,50.2,472.7,58.8,68.8,62.3,50.8,72.8,48.1,37.2,271.5,46.7,68.3
City3743,420983,286.4,48.9,303.0,55.4,73.3,60.0,62.4,72.0,56.2,60.1,339.8,63.1,56.1
City3744,339518,707.6,31.8,731.2,32.9,31.3,34.0,24.6,62.1,30.6,53.9,187.3,37.8,65.6
City3745,66622,2868.4,62.8,588.5,71.7,46.1,54.6,53.8,71.1,61.4,63.4,309.6,59.8,54.6
City3746,208125,106.4,82.7,282.0,73.4,67.8,76.1,77.4,88.7,92.1,80.4,361.5,69.3,110.9
City3747,12734,217.2,46.6,418.9,45.8,39.7,39.1,51.8,70.7,52.2,63.1,227.1,36.2,59.5
City3748,344506,176.5,42.1,420.4,29.4,67.1,39.7,36.1,75.1,31.8,50.8,179.0,32.2,57.7
City3749,1983554,50.0,43.5,523.9,39.1,37.7,27.7,44.8,58.1,33.1,24.0,127.2,45.3,57.2
City3750,34071,168.6,38.9,599.9,43.3,48.9,40.3,49.1,64.8,30.8,41.6,231.2,33.8,87.1
City3751,118148,704.3,30.8,710.1,21.4,49.4,13.7,16.5,46.5,24.9,10.8,112.1,6.3,49.9
City3752,425384,468.1,56.9,412.6,40.6,63.7,54.6,51.8,81.7,42.7,39.9,206.5,66.5,61.6
City3753,1550332,514.3,34.1,685.3,38.2,70.3,50.8,33.0,64.1,41.1,29.2,254.4,21.6,52.0
City3754,143269,155.9,22.5,489.7,48.1,53.8,31.0,17.3,61.5,26.1,22.4,188.9,27.8,56.5
City3755,101808,111.4,20.4,518.8,21.7,19.9,16.7,31.8,55.6,19.4,37.5,143.1,30.1,40.4
City3756,17043,1122.3,39.6,600.1,35.3,59.1,32.1,33.3,53.6,24.1,20.2,232.9,41.7,61.7
City3757,310150,134.7,26.6,632.7,36.1,47.3,13.2,34.9,57.8,17.6,31.0,165.2,22.0,37.9
City3758,4680457,348.2,52.4,419.4,43.8,66.5,51.1,64.8,81.6,64.0,52.5,331.6,70.9,57.9
City3759,395656,297.7,16.5,725.1,15.4,39.1,10.7,20.4,50.3,25.0,27.3,102.2,21.5,70.1
City3760,260096,1413.8,15.7,551.7,16.0,42.5,22.5,11.6,53.6,21.3,5.5,110.4,41.2,60.1
City3761,421221,785.0,70.5,547.8,69.6,52.7,70.8,64.3,70.7,55.3,51.1,294.8,66.9,72.1
City3762,264202,51.7,36.2,584.3,21.7,25.3,34.4,19.1,61.4,35.0,24.8,196.3,42.6,49.9
City3763,85972,58.8,60.7,526.0,69.1,61.9,61.2,62.8,62.9,57.1,46.7,246.5,48.9,91.8
City3764,849660,490.1,12.7,605.7,28.9,30.8,17.0,14.8,56.2,35.9,30.7,77.4,13.7,56.8
City3765,368083,226.5,81.3,411.0,69.9,75.7,72.3,62.1,73.5,81.0,46.8,354.6,49.1,82.1
City3766,275036,141.7,48.7,434.3,48.1,46.7,45.1,39.0,66.5,57.0,35.0,279.3,52.5,52.1
City3767,68493,827.8,52.0,575.1,46.0,55.3,47.1,59.4,65.7,61.3,59.4,311.8,33.0,54.0
City3768,1664293,306.4,34.0,463.6,28.6,43.8,41.7,28.4,72.7,23.9,35.2,165.9,21.0,41.0
City3769,680500,260.6,24.7,639.3,33.3,34.5,15.7,18.3,69.2,30.1,21.5,76.5,38.0,47.2
City3770,123736,623.8,43.9,596.2,51.7,43.4,33.2,39.5,68.3,55.8,51.9,238.2,52.8,74.1
City3771,1090944,156.0,57.7,486.3,48.6,57.0,65.3,58.1,65.0,67.6,63.9,299.1,61.0,86.0
City3772,133706,1607.2,24.1,679.6,56.0,31.3,27.3,19.8,56.2,25.8,25.3,112.2,12.2,80.3
City3773,89786,95.0,4.7,613.4,11.5,41.1,15.7,15.7,46.2,11.1,23.3,160.1,22.2,77.0
City3774,92634,538.2,35.1,597.9,35.9,53.6,39.2,43.1,57.5,51.0,52.6,147.2,59.3,86.9
City3775,22482,1367.3,43.4,605.9,41.2,39.2,26.6,41.4,67.5,23.6,46.6,208.3,17.2,47.8
City3776,519259,50.0,48.1,395.0,64.2,53.4,47.7,45.1,76.9,58.4,46.8,228.3,68.0,83.9
City3777,20669,162.1,37.5,396.4,49.1,35.3,41.2,49.0,74.6,47.9,57.0,209.1,55.8,48.5
City3778,48058,963.6,29.0,530.7,27.3,44.0,12.9,14.6,53.8,21.5,11.5,142.7,18.0,57.3
City3779,14679,981.1,68.2,676.7,62.9,62.8,52.0,59.7,73.0,65.0,53.8,289.7,53.8,67.8
City3780,237875,199.2,46.7,628.7,38.5,56.3,40.2,59.4,67.6,49.4,36.7,289.9,60.1,72.6
City3781,217412,101.3,61.2,366.5,56.9,68.9,51.0,47.3,69.7,52.0,53.3,331.1,48.5,85.2
City3782,169842,770.6,55.6,504.8,47.3,60.9,42.4,51.0,66.0,56.4,55.9,215.2,45.4,58.5
City3783,62342,1012.6,44.6,580.3,42.4,56.8,49.5,58.4,79.2,39.6,50.9,320.2,56.4,54.9
City3784,51993,60.5,57.6,290.4,47.1,62.7,61.0,62.1,79.9,61.2,66.8,312.6,63.7,70.4
City3785,514071,57.7,76.4,310.9,71.5,66.6,67.1,71.6,81.4,68.4,83.6,297.0,88.4,105.9
City3786,124147,320.6,44.9,393.5,48.2,64.6,61.0,45.0,72.0,53.9,60.2,296.7,48.3,83.5
City3787,417859,520.7,63.1,375.8,42.6,66.8,49.2,54.6,59.0,50.0,51.3,270.3,43.7,95.1
City3788,77703,170.9,35.6,476.0,42.5,50.0,42.3,27.6,61.6,47.2,32.0,239.6,25.2,59.0
City3789,345755,552.9,31.7,487.5,21.3,38.1,12.5,32.1,46.9,25.2,31.8,59.1,34.2,77.5
City3790,1663757,104.4,49.2,504.6,44.4,47.3,58.1,46.3,73.8,58.5,42.3,308.5,55.2,75.6
City3791,609645,50.0,57.0,518.9,64.9,64.6,51.2,40.2,60.6,57.7,38.3,263.5,58.6,61.2
City3792,150635,147.1,46.0,599.7,39.0,32.8,37.0,54.5,66.4,51.3,33.2,306.7,56.5,50.9
City3793,384645,264.0,67.8,290.7,50.1,79.7,60.8,66.7,74.9,78.2,55.9,338.0,59.8,94.8
City3794,191581,175.7,7.9,703.4,24.6,31.9,5.0,9.6,58.0,23.7,23.3,104.1,15.8,52.0
City3795,271314,60.9,54.5,438.8,64.1,72.1,57.3,50.6,74.6,63.5,58.9,300.4,55.6,77.7
City3796,170100,50.0,23.7,811.6,23.7,22.4,30.4,29.0,54.9,16.9,7.3,145.5,8.7,68.5
City3797,213188,132.0,48.7,688.9,45.6,61.8,45.5,49.2,67.5,60.2,51.1,204.7,49.4,68.6
City3798,361107,718.5,17.3,556.9,20.8,36.6,7.8,26.1,58.4,24.6,23.4,129.2,16.9,61.8
City3799,66789,1104.8,60.9,505.8,44.2,38.0,42.5,51.5,62.7,43.1,33.6,261.1,36.0,80.2
City3800,64716,1017.7,70.0,307.2,81.7,78.5,76.3,93.6,82.1,75.4,58.8,403.2,72.2,90.0
City3801,38408,91.9,25.6,526.2,26.2,42.7,33.0,35.6,58.7,24.8,46.4,181.0,44.5,55.0
City3802,28555,61.3,41.8,539.6,53.7,33.5,29.5,37.8,60.4,34.0,48.8,159.8,34.2,52.3
City3803,48815,444.1,51.4,559.4,58.5,62.0,62.4,56.3,79.6,63.9,50.0,331.7,43.4,89.4
City3804,335456,524.3,47.1,573.2,49.6,43.9,53.4,55.1,83.4,58.6,62.8,275.8,40.9,74.1
City3805,76887,395.5,31.4,570.4,37.6,34.0,35.9,37.4,57.3,18.4,15.2,92.6,50.2,39.8
City3806,550763,50.0,49.6,460.6,44.3,56.7,42.4,39.1,57.7,39.4,31.8,205.4,39.5,58.0
City3807,281700,86.5,45.5,441.5,39.6,42.2,47.1,45.5,62.9,44.3,47.3,258.5,46.1,91.0
City3808,17053,236.1,46.9,427.8,43.8,51.6,55.9,49.7,69.7,54.6,59.9,353.2,68.2,56.8
City3809,671296,439.1,62.1,373.6,59.0,61.6,53.4,59.2,84.5,46.1,70.7,317.3,66.9,66.9
City3810,834942,614.5,66.6,400.2,40.8,51.7,52.7,44.9,61.8,53.6,41.8,307.0,38.4,66.4
City3811,66742,290.9,62.0,320.1,62.4,46.1,57.6,50.1,71.7,48.3,79.1,311.6,58.9,83.5
City3812,483239,363.9,27.2,584.5,35.7,25.2,29.7,31.3,66.3,38.1,22.9,156.4,18.7,72.8
City3813,80894,270.9,69.0,447.3,72.2,61.2,74.3,61.9,70.7,81.9,58.9,298.7,56.8,76.8
City3814,307656,557.1,33.0,520.0,47.0,44.5,38.3,52.9,68.2,46.5,41.4,184.9,38.9,64.8
City3815,45693,356.2,62.1,550.3,56.9,59.5,50.7,44.5,67.5,68.1,44.5,229.7,34.7,64.6
City3816,21799,264.8,82.2,394.7,50.9,55.8,58.1,76.5,81.8,57.5,44.8,293.2,63.6,66.1
City3817,157008,177.3,38.3,463.0,28.5,38.6,39.3,27.7,64.3,38.1,32.0,201.3,49.5,52.1
City3818,225658,269.8,44.9,482.8,49.0,53.6,40.1,42.2,77.7,52.1,44.8,239.2,31.8,84.4
City3819,153775,437.7,63.7,454.2,60.1,44.6,50.6,49.0,68.0,60.8,71.9,315.9,43.4,60.6
City3820,51141,337.3,74.8,400.3,71.5,69.0,84.8,68.7,80.3,66.2,72.3,340.1,55.5,63.6
City3821,153298,386.4,36.1,602.1,30.7,44.2,31.1,25.5,60.5,17.5,42.8,112.0,32.0,44.9
City3822,391215,1225.7,16.9,606.9,31.6,51.7,16.9,13.9,50.3,13.2,15.5,85.0,27.8,38.7
City3823,251991,336.4,56.8,504.5,34.5,56.9,36.4,36.7,72.8,31.3,36.1,180.1,31.7,73.5
City3824,346452,112.3,42.8,518.5,51.3,75.7,54.9,38.7,67.1,49.3,44.0,227.2,29.4,54.3
City3825,105012,706.5,13.3,888.5,16.6,35.3,18.1,18.4,61.7,20.6,12.8,83.0,26.2,67.6
City3826,1383884,50.0,53.2,606.7,49.7,67.6,53.3,62.2,61.1,40.2,37.5,332.5,38.6,71.2
City3827,51707,66.8,19.4,940.7,21.2,17.9,6.0,6.6,45.1,17.6,4.8,66.9,15.4,63.0
City3828,531035,366.1,44.3,614.0,39.7,43.4,44.3,47.8,59.7,32.2,30.0,192.9,35.3,66.3
City3829,1403735,454.7,47.1,662.1,60.0,62.5,49.6,55.5,69.6,69.9,52.3,319.6,50.9,77.0
City3830,526113,54.9,27.5,699.7,24.6,39.4,31.9,23.4,49.7,27.8,23.2,161.5,21.7,38.3
City3831,202089,154.6,55.3,423.6,48.9,48.5,44.6,57.5,64.4,52.7,48.9,260.0,61.9,53.5
City3832,128076,118.2,42.7,458.4,37.9,39.8,35.4,43.8,79.4,41.2,31.2,189.1,34.1,80.1
City3833,1144550,136.5,55.5,516.7,34.3,59.6,41.8,44.4,61.8,36.3,33.0,236.8,42.5,66.2
City3834,36601,759.2,42.5,448.8,42.5,57.5,51.3,55.2,71.3,35.5,46.6,334.1,35.7,65.3
City3835,68997,571.2,37.8,793.3,35.2,47.7,41.8,35.8,74.0,33.9,49.8,188.0,50.1,87.3
City3836,153801,239.1,68.6,327.3,63.3,61.0,54.8,62.3,74.3,42.8,53.3,267.5,51.5,66.9
City3837,1517713,127.1,58.1,443.5,41.4,45.5,47.7,44.0,75.7,37.6,54.1,205.7,38.4,61.2
City3838,456650,50.0,69.1,526.8,42.1,77.7,53.2,59.1,69.8,38.7,60.2,313.0,36.2,71.3
City3839,69198,1345.1,3.2,852.7,17.3,41.5,13.4,6.7,53.2,19.3,25.6,26.8,18.3,62.4
City3840,173784,498.0,70.1,559.6,60.3,67.0,53.4,59.5,75.2,59.0,80.6,369.8,40.0,101.4
City3841,113544,104.8,49.8,687.7,40.5,45.3,41.1,48.0,57.8,39.1,27.3,224.1,22.3,59.2
City3842,99339,580.3,33.0,644.1,22.6,28.9,30.6,33.7,65.7,26.9,55.3,224.6,30.8,74.5
City3843,1056471,224.9,26.4,517.5,28.8,37.6,23.1,15.3,47.6,43.4,33.5,92.3,25.5,37.4
City3844,39322,173.4,30.3,509.5,40.8,45.6,26.5,32.6,49.8,35.6,43.4,133.0,39.4,85.4
City3845,2551758,412.5,40.9,424.1,31.3,54.2,44.8,39.0,74.5,37.0,68.2,159.7,39.6,53.3
City3846,855568,100.5,36.1,680.3,38.0,41.0,20.3,29.1,54.3,27.2,39.9,159.9,25.9,64.5
City3847,1235771,162.0,70.9,410.4,67.9,53.9,57.5,60.0,71.5,67.3,76.6,344.8,68.4,63.0
City3848,140348,283.1,26.9,674.2,38.9,54.1,33.1,35.1,60.8,18.6,34.2,158.6,13.7,71.4
City3849,217528,134.4,41.4,423.8,37.8,39.0,42.7,43.7,68.3,39.3,54.9,220.6,36.3,50.4
City3850,36083,546.2,62.2,338.2,47.4,43.0,61.3,47.8,69.2,61.6,35.0,248.6,41.2,69.7
City3851,128730,2305.1,65.3,698.6,42.5,60.6,46.1,49.4,62.1,35.2,40.2,276.6,32.4,69.5
City3852,535586,99.0,26.0,504.0,41.8,45.2,45.6,39.6,58.7,31.6,37.5,240.4,26.7,60.7
City3853,1647036,50.0,46.6,855.1,52.4,31.7,39.4,44.4,55.8,32.7,21.1,185.5,50.2,58.3
City3854,56952,50.0,50.3,629.6,50.1,61.9,47.8,47.6,71.6,48.1,46.1,231.6,30.0,97.3
City3855,160860,204.3,36.0,474.5,30.6,29.5,29.9,27.8,51.3,24.6,30.4,131.3,31.1,64.5
City3856,217114,110.4,44.5,664.6,43.9,34.5,36.8,28.4,62.7,30.9,31.2,185.3,56.2,61.7
City3857,38021,314.0,44.8,452.5,35.9,37.6,32.7,34.6,58.0,21.0,55.2,156.3,34.8,71.0
City3858,614085,286.9,60.9,370.9,50.1,56.0,52.6,57.7,85.1,56.7,59.8,361.4,47.0,82.2
City3859,97383,50.0,56.1,717.0,49.3,52.9,43.5,54.4,60.6,50.8,42.4,266.7,66.6,99.5
City3860,204117,50.0,15.3,777.0,37.1,40.8,15.9,16.9,54.8,15.2,27.7,99.1,39.8,55.3
City3861,142524,349.0,63.0,484.6,61.3,62.5,50.9,56.5,69.0,44.2,45.9,225.9,35.1,78.3
City3862,88869,287.9,11.9,536.5,17.2,42.7,16.4,14.3,44.2,16.9,16.7,65.8,31.8,61.1
City3863,265703,146.8,55.8,542.1,48.0,46.7,38.7,35.2,69.9,43.5,60.4,208.8,53.6,75.8
City3864,198421,50.0,60.4,401.3,62.5,43.0,52.2,67.4,67.7,61.1,60.1,247.1,39.7,87.2
City3865,159436,430.8,36.6,576.6,44.1,57.3,30.0,38.8,59.1,35.4,26.0,146.2,47.6,60.1
City3866,96775,1125.8,2.2,722.6,26.0,21.9,6.3,5.1,51.8,12.5,17.9,82.1,5.1,43.5
City3867,419716,341.6,60.5,437.7,61.5,76.2,68.5,64.7,76.5,61.2,49.9,273.3,73.5,97.0
City3868,2717068,88.5,59.6,271.2,53.5,67.6,65.1,60.3,70.7,48.3,69.8,307.3,53.2,67.4
City3869,326387,258.1,51.1,582.3,59.4,43.1,54.9,45.7,59.8,45.8,34.8,218.9,65.3,78.5
City3870,1082263,50.0,34.3,658.4,45.7,40.1,50.6,37.7,57.8,58.2,40.0,181.6,47.8,53.4
City3871,38318,870.9,70.0,490.1,52.5,56.2,68.4,55.9,69.4,47.2,49.5,234.6,38.4,85.0
City3872,334658,269.9,20.7,816.6,24.6,28.1,17.5,19.5,56.1,39.4,14.2,64.6,31.9,54.4
City3873,57738,50.0,35.5,474.9,25.5,37.3,22.8,32.1,55.3,29.3,16.6,150.3,22.0,67.1
City3874,33938,170.6,49.6,509.2,45.9,30.1,33.0,28.8,61.6,49.0,31.4,216.2,62.1,47.1
City3875,95309,426.6,89.4,269.9,70.2,76.2,86.9,79.1,81.4,72.3,79.7,410.6,71.9,87.5
City3876,1423542,164.1,43.1,498.8,48.6,34.9,51.5,48.1,71.5,51.8,49.4,211.6,50.1,83.2
City3877,1014617,175.7,64.5,432.1,68.5,59.7,57.0,57.3,69.0,67.9,74.1,255.9,66.3,60.3
City3878,377077,56.3,44.7,317.6,59.9,61.5,57.6,57.4,68.8,41.3,37.3,317.1,53.1,81.6
City3879,31389,482.9,39.6,427.7,48.9,60.3,54.7,53.2,58.3,56.0,36.2,205.4,29.6,77.2
City3880,203863,112.4,27.7,533.1,24.3,18.3,10.0,17.4,57.0,14.6,38.4,62.7,15.3,72.4
City3881,409372,50.0,33.1,725.1,19.4,40.3,20.6,22.8,53.6,24.6,38.7,98.8,35.0,48.3
City3882,343090,156.7,53.1,526.8,53.7,51.6,51.5,66.1,65.7,52.0,58.3,288.6,41.5,58.5
City3883,20306,794.2,57.2,402.2,60.5,49.4,58.5,52.7,83.2,51.5,46.2,270.3,38.8,60.6
City3884,77153,153.8,38.4,470.7,35.9,58.3,36.7,43.4,56.4,34.0,41.6,252.6,38.7,70.3
City3885,245313,1969.6,41.4,472.8,56.7,58.0,30.6,38.1,61.2,35.0,40.8,152.1,46.1,65.9
City3886,568528,409.4,16.8,761.3,30.5,19.8,14.3,16.1,56.2,19.4,14.8,77.5,28.1,36.0
City3887,12399,367.4,32.4,793.2,34.9,59.3,27.9,24.1,52.4,24.2,39.0,118.7,40.7,75.7
City3888,213849,209.8,44.0,408.4,54.6,50.1,40.2,65.8,76.7,44.7,65.0,230.8,37.0,95.2
City3889,327835,225.4,29.9,639.6,36.4,49.8,41.9,31.9,63.4,21.7,31.7,187.8,38.2,78.5
City3890,881567,178.4,44.4,350.5,47.6,65.8,52.5,51.9,79.6,50.2,53.8,314.9,39.8,65.0
City3891,707859,170.3,55.5,522.8,39.9,59.1,39.2,47.5,70.1,64.8,49.6,297.9,38.6,78.3
City3892,606584,462.7,32.4,638.8,45.3,74.3,41.7,41.8,65.5,29.6,43.3,182.3,58.4,58.6
City3893,87560,79.6,19.4,659.8,42.6,46.2,27.2,18.8,53.3,32.1,15.8,136.2,21.4,79.6
City3894,18560,67.3,40.8,474.6,42.5,40.9,27.6,33.5,61.5,41.7,51.1,176.8,30.1,49.6
City3895,154774,63.6,33.9,684.6,42.2,51.9,34.0,44.8,74.0,41.4,31.5,233.1,44.8,69.5
City3896,1090650,2849.2,50.6,603.2,34.5,48.0,52.9,38.4,64.5,58.6,49.8,207.4,36.5,73.4
City3897,1887636,462.4,24.6,526.7,23.9,32.7,27.5,31.1,59.8,29.3,20.6,197.0,53.0,57.8
City3898,725610,352.6,43.0,345.4,39.0,53.3,48.1,46.6,71.6,62.8,69.8,288.2,60.6,78.2
City3899,489469,68.8,60.1,538.8,62.6,72.7,60.0,65.6,80.8,74.2,73.0,390.4,66.1,57.7
City3900,456569,517.0,24.3,521.5,45.7,38.3,24.2,34.7,53.2,31.5,46.7,157.0,29.3,43.5
City3901,123183,212.7,88.9,444.9,80.5,73.1,69.7,82.3,70.7,66.4,73.7,396.2,74.9,100.6
City3902,223667,316.4,50.3,369.0,38.6,51.2,48.6,43.8,66.5,57.2,66.7,301.8,47.7,73.9
City3903,2776487,75.8,25.8,866.1,26.1,54.7,39.6,24.2,54.0,42.4,16.7,172.0,44.3,49.5
City3904,71712,296.6,40.3,831.7,32.8,41.7,30.0,23.2,50.4,22.8,36.4,144.5,24.5,61.5
City3905,2573275,147.1,75.6,423.9,72.0,72.6,65.6,76.9,72.8,68.6,51.1,322.3,63.8,95.8
City3906,170955,97.6,21.8,576.3,22.9,27.4,18.4,24.0,55.8,8.8,17.0,157.5,24.9,38.1
City3907,1716168,590.5,29.0,444.6,48.5,40.3,43.9,48.7,70.6,45.5,31.9,232.3,50.1,44.4
City3908,37438,50.0,50.7,514.5,44.2,71.0,46.9,45.8,57.2,47.4,40.8,196.3,30.5,78.8
City3909,609421,481.9,36.8,433.1,28.5,45.9,35.9,42.4,73.2,41.9,49.9,185.8,57.1,76.9
City3910,95656,556.3,74.6,510.8,61.7,65.2,58.9,62.0,74.3,63.5,45.2,283.0,55.2,59.7
City3911,36998,85.2,19.6,584.2,43.2,38.2,22.0,27.3,60.1,22.5,17.4,143.2,15.2,70.0
City3912,364378,91.4,36.1,602.8,32.7,30.2,25.4,25.3,60.9,31.2,28.7,244.7,61.1,49.7
City3913,1102687,187.2,47.7,615.3,43.6,59.2,49.3,46.9,72.3,44.3,36.4,213.7,49.1,95.0
City3914,82214,343.2,46.7,505.8,51.3,55.5,53.5,41.9,61.8,52.3,57.3,217.3,60.9,57.8
City3915,32904,203.7,78.2,335.4,60.2,52.2,69.4,66.8,68.3,68.1,54.2,343.5,49.7,70.9
City3916,235959,411.7,29.5,649.7,36.2,42.2,30.1,19.3,50.7,30.2,31.0,150.7,25.9,39.2
City3917,237421,2029.6,49.6,384.0,52.4,65.3,47.5,45.2,61.4,54.8,54.4,221.9,61.3,64.3
City3918,578184,133.1,34.9,741.5,45.4,50.7,37.4,32.8,64.2,41.0,59.0,233.2,67.2,84.0
City3919,1014019,50.0,56.1,417.9,66.0,61.9,48.8,51.9,57.8,35.4,55.1,261.8,57.5,71.2
City3920,246919,659.3,50.5,556.9,32.7,38.7,34.2,28.0,69.5,47.3,34.7,124.8,23.5,54.0
City3921,3604539,1844.5,52.9,351.8,48.0,57.2,49.0,59.2,61.8,47.8,77.9,344.6,66.8,55.1
City3922,367297,392.0,23.5,468.3,42.2,59.0,43.6,30.2,63.8,24.9,56.9,189.3,43.7,44.7
City3923,165214,66.3,54.7,459.1,54.9,48.6,50.1,54.7,63.2,40.9,54.2,229.6,50.3,102.1
City3924,28107,210.9,59.5,421.6,55.9,78.4,45.8,43.5,73.5,45.4,38.1,241.2,50.7,81.3
City3925,185772,63.9,34.4,764.2,34.6,28.2,33.7,34.8,54.3,42.4,30.3,199.3,34.8,50.9
City3926,167553,529.2,68.4,252.3,72.8,74.6,74.1,68.0,84.4,71.3,69.0,341.9,89.9,90.3
City3927,1029338,50.0,46.7,629.5,55.8,80.6,43.1,45.9,69.0,52.6,67.0,242.7,45.2,67.4
City3928,512715,170.7,19.4,731.9,23.4,50.4,17.9,26.7,51.6,23.1,33.7,209.5,42.5,50.4
City3929,51476,73.3,42.6,442.0,37.1,33.5,55.6,43.7,69.0,29.4,45.5,216.4,36.7,94.6
City3930,341518,284.9,32.8,624.1,25.8,32.8,26.5,25.0,57.6,23.5,38.7,133.6,31.7,52.5
City3931,687037,157.7,54.7,501.5,38.2,50.9,59.8,51.0,62.4,57.2,46.0,290.4,46.5,69.1
City3932,2278992,302.5,62.7,381.6,56.1,54.9,56.1,59.6,70.5,57.7,50.4,295.3,70.7,64.3
City3933,929596,251.3,17.7,723.2,30.3,54.4,19.6,29.7,48.8,13.9,27.0,236.8,18.5,79.2
City3934,778547,74.9,16.2,569.5,15.0,38.4,17.6,19.9,53.2,15.8,23.7,77.7,20.2,46.6
City3935,291886,519.2,10.6,553.4,13.3,24.5,23.1,4.9,42.7,10.6,21.2,91.1,42.2,41.5
City3936,462146,230.8,65.5,357.7,76.7,51.7,76.4,63.5,79.2,82.3,79.1,325.7,63.4,65.5
City3937,1543104,74.7,47.8,550.7,36.9,43.3,33.5,45.8,64.4,39.8,64.0,230.6,48.2,56.9
City3938,41527,3601.5,62.6,594.1,40.1,60.2,49.2,42.2,77.0,39.9,54.5,253.6,47.2,77.7
City3939,164519,433.4,46.7,572.9,50.8,58.7,32.6,37.8,66.0,24.9,34.2,163.5,43.4,44.0
City3940,90980,203.6,27.2,565.6,22.6,27.8,23.3,39.3,65.5,26.3,36.9,156.6,39.4,60.6
City3941,456258,1337.1,10.1,833.0,26.9,40.8,27.8,16.4,51.3,20.5,33.6,62.8,15.9,55.6
City3942,1502004,2230.9,68.6,347.0,75.6,81.2,77.4,71.7,69.0,54.9,74.4,355.6,60.5,93.9
City3943,116335,205.5,25.1,546.4,23.3,19.4,12.4,31.5,50.9,37.6,43.7,67.0,24.8,71.0
City3944,10000,371.3,59.8,526.2,48.4,44.8,40.3,39.2,60.5,43.1,67.2,248.3,45.3,59.3
City3945,150676,74.8,65.6,505.4,51.2,62.5,63.9,61.2,69.4,63.4,71.3,346.8,60.0,77.7
City3946,964016,205.1,40.6,578.8,28.5,42.1,46.1,48.8,68.2,42.3,20.3,180.6,41.0,80.0
City3947,569595,192.7,30.4,494.8,29.6,33.4,25.6,17.0,62.7,34.8,20.7,98.1,25.5,41.9
City3948,488678,305.5,68.3,557.5,75.1,61.0,48.1,47.9,68.8,56.9,56.5,259.5,46.6,76.0
City3949,181318,364.8,17.8,551.3,33.1,45.0,23.2,27.0,51.1,23.7,29.1,154.7,20.3,85.1
City3950,44772,479.0,12.4,688.9,36.1,32.7,13.1,29.8,54.9,27.5,24.1,111.9,22.8,47.7
City3951,552060,325.4,25.1,753.7,39.5,22.0,16.1,38.1,71.1,31.7,15.1,112.9,25.7,41.4
City3952,83450,57.2,18.3,780.9,30.5,51.3,25.6,30.4,53.0,32.7,28.5,177.5,53.6,71.4
City3953,5710033,79.3,24.0,644.5,10.7,36.7,21.5,16.5,58.2,31.0,11.6,110.5,17.8,48.4
City3954,596425,127.0,9.5,870.8,15.8,25.2,17.7,3.7,49.8,10.2,30.1,44.3,24.6,49.5
City3955,119025,174.4,7.2,705.7,18.5,34.9,6.3,19.2,59.7,13.0,40.3,55.2,39.1,77.6
City3956,114012,863.4,33.6,388.6,40.3,34.5,31.0,46.4,67.6,55.9,28.5,234.3,40.2,64.3
City3957,235597,60.6,25.1,666.9,13.9,12.6,5.2,13.7,57.1,13.9,20.4,101.6,37.3,58.0
City3958,191893,159.3,12.6,757.8,17.7,38.7,6.9,10.7,42.5,7.6,4.3,99.2,18.4,73.3
City3959,1281532,767.9,33.7,515.6,35.2,43.8,30.9,40.8,61.5,23.6,53.0,149.2,35.1,79.2
City3960,348356,170.7,49.8,570.1,51.2,59.7,63.2,45.4,66.8,61.6,45.0,249.3,71.9,81.6
City3961,96347,425.2,34.6,587.0,49.2,46.6,32.9,35.5,61.8,47.5,38.8,189.7,30.9,86.9
City3962,3785229,207.0,33.1,535.0,39.9,36.4,27.7,34.9,61.2,27.8,46.6,185.8,29.9,60.8
City3963,287515,333.0,23.3,732.9,18.6,26.7,35.7,19.4,64.4,35.5,19.8,177.3,27.5,43.1
City3964,787308,186.0,32.4,526.4,35.4,62.0,46.7,39.7,56.1,44.9,41.4,181.5,41.4,66.2
City3965,114517,544.8,50.0,488.7,49.1,49.0,48.6,48.4,66.5,41.1,35.2,231.1,64.1,77.7
City3966,446128,50.0,41.7,670.3,54.2,67.6,41.5,45.6,65.2,36.4,44.1,259.8,50.3,58.9
City3967,414800,158.2,49.2,559.6,37.1,42.5,29.1,43.0,54.6,36.1,37.9,122.7,48.8,60.0
City3968,19043,349.3,48.5,501.4,48.4,48.4,49.5,46.8,74.8,52.1,33.0,263.5,50.1,65.4
City3969,4508094,464.3,6.2,634.4,30.2,52.7,18.9,16.2,47.8,22.9,4.0,65.3,22.7,46.2
City3970,1634589,1467.8,6.2,748.2,29.1,12.8,20.7,9.4,49.2,27.3,13.7,146.8,23.4,37.9
City3971,153879,153.1,59.0,460.3,44.2,60.1,38.6,39.5,66.6,39.1,65.5,234.8,49.0,90.8
City3972,57343,1444.3,47.1,542.7,31.5,41.7,32.9,39.5,58.6,19.0,27.3,217.0,37.1,75.5
City3973,436518,111.0,52.2,501.8,36.9,48.0,56.1,42.7,64.5,36.1,49.4,295.3,62.7,81.2
City3974,302966,1205.2,24.3,545.8,29.5,49.3,25.8,33.1,52.7,35.7,13.8,94.2,46.5,57.3
City3975,441501,652.6,38.4,614.1,55.3,74.6,57.4,48.9,71.9,52.6,55.4,243.2,60.2,59.5
City3976,350883,81.8,66.9,319.8,50.1,54.6,70.0,74.9,82.6,74.2,53.4,344.2,66.7,98.4
City3977,545107,353.7,34.3,752.0,52.3,40.6,36.8,44.0,62.5,30.5,57.7,162.5,31.7,53.3
City3978,2035451,230.1,37.4,509.4,40.7,44.5,51.3,50.2,67.4,32.8,38.0,230.1,34.1,88.2
City3979,594421,518.4,47.4,493.9,37.1,43.9,41.0,38.9,64.0,56.1,55.7,250.8,39.0,64.2
City3980,61727,187.2,14.8,640.2,41.8,27.8,22.6,28.4,59.2,37.8,27.2,105.2,26.7,54.2
City3981,1807739,169.2,31.6,536.7,42.7,46.3,43.5,42.9,66.9,25.4,32.9,217.4,37.7,51.4
City3982,2668055,1265.1,12.5,660.0,30.5,17.0,21.7,15.3,46.0,25.1,24.6,57.2,24.4,53.3
City3983,10000000,217.4,71.0,177.5,72.9,76.2,78.9,82.9,91.7,78.7,59.9,393.1,92.6,83.7
City3984,55665,659.6,52.7,396.2,47.7,43.4,47.6,52.0,63.9,65.6,51.3,337.9,47.7,79.9
City3985,377012,186.7,48.4,710.0,51.5,64.6,55.4,42.2,60.6,47.2,71.7,198.8,57.2,76.1
City3986,14545,1808.0,41.9,453.3,38.3,39.7,47.8,51.7,72.6,43.2,50.3,218.7,33.8,69.3
City3987,582106,108.4,88.6,326.7,87.5,70.1,81.7,90.2,76.4,78.1,66.8,410.4,67.6,83.0
City3988,124557,117.1,10.2,683.5,25.5,47.9,23.2,18.2,51.5,31.3,11.2,63.7,15.5,68.3
City3989,3964237,1524.5,21.9,561.0,25.9,54.4,11.8,22.0,51.9,13.7,16.6,106.2,15.8,46.4
City3990,90720,143.5,60.5,539.1,58.3,45.8,57.3,62.4,71.5,63.3,71.5,353.7,61.3,69.8
City3991,25213,1671.2,51.1,445.0,65.0,49.3,50.1,59.6,81.3,52.2,57.3,266.7,50.5,90.4
City3992,138722,713.5,46.2,404.9,41.7,34.3,30.1,33.8,52.7,38.3,41.4,242.7,42.2,55.0
City3993,16887,203.2,70.2,238.9,54.4,57.2,76.9,72.2,78.8,84.0,62.0,374.9,52.9,91.2
City3994,767995,50.0,54.6,590.6,62.0,70.4,52.8,39.7,76.4,43.2,38.2,252.1,30.6,98.2
City3995,14896,239.1,76.5,162.4,80.3,96.7,74.3,80.0,91.8,66.0,69.4,467.5,78.4,98.5
City3996,279243,276.4,68.4,373.2,44.6,61.9,58.5,63.1,69.6,71.6,47.9,334.3,52.1,67.9
City3997,14633,992.9,41.4,528.2,44.9,73.8,44.9,59.3,61.6,47.0,33.6,236.9,50.3,67.9
City3998,171370,1646.1,43.7,618.5,44.6,57.9,31.4,30.4,57.9,41.5,35.1,196.5,26.5,59.3
City3999,2678398,107.6,49.4,566.4,45.5,42.8,56.6,69.2,69.8,48.2,61.0,299.9,59.8,74.0
City4000,444589,640.0,18.1,680.9,26.3,45.8,18.6,31.0,55.9,26.5,33.2,142.6,10.9,54.7
City4001,80106,613.1,47.4,778.5,57.6,40.9,34.1,39.1,60.2,29.2,21.4,126.9,29.2,66.7
City4002,256867,887.2,45.6,661.3,39.2,56.8,38.7,34.2,66.4,36.8,44.9,190.6,25.2,52.8
City4003,275191,445.2,61.7,409.3,72.1,84.0,60.4,70.7,66.9,62.4,56.3,361.2,49.3,66.8
City4004,520051,50.0,50.5,574.6,35.7,77.5,47.4,56.7,69.3,59.8,44.0,290.3,68.6,61.7
City4005,39592,203.1,60.5,654.8,57.2,54.7,58.4,47.5,79.6,49.1,53.1,321.8,53.1,56.9
City4006,615133,61.1,56.2,358.2,52.2,48.3,59.2,56.1,77.7,37.8,54.3,261.6,35.9,57.7
City4007,10000,191.9,74.4,501.7,71.5,83.0,67.7,62.4,72.1,49.1,60.5,364.7,60.0,74.0
City4008,111097,793.1,35.2,437.7,38.2,41.9,38.1,36.9,62.9,46.4,36.1,215.0,62.5,75.9
City4009,135457,352.9,51.6,418.2,61.1,69.2,50.2,54.9,68.6,42.3,59.9,240.1,35.5,80.1
City4010,651255,970.4,51.0,643.2,43.3,51.6,41.6,53.0,69.5,64.5,41.7,315.8,44.0,54.7
City4011,276975,368.7,60.4,414.7,46.3,75.7,54.5,60.3,82.0,60.9,46.3,298.0,58.5,66.4
City4012,37504,51.5,34.7,420.6,43.5,42.6,40.7,49.5,67.4,42.3,58.0,225.8,24.9,92.6
City4013,67576,50.0,31.9,579.0,39.2,36.2,24.5,23.4,61.2,44.8,23.1,135.7,20.9,47.8
City4014,354389,292.5,17.4,868.9,17.1,57.4,13.1,10.1,53.7,18.1,3.7,123.0,27.2,82.4
City4015,240218,189.3,46.1,571.6,34.2,62.9,24.8,40.0,57.3,45.4,51.9,203.3,36.0,73.1
City4016,119279,75.8,25.6,599.9,29.0,31.6,20.9,26.6,47.6,40.6,29.0,227.2,32.1,81.7
City4017,136876,50.0,55.2,724.6,34.4,37.9,33.1,44.3,64.3,32.5,29.1,206.5,23.2,65.9
City4018,711147,101.3,26.8,710.6,27.1,41.9,21.7,23.5,54.1,16.3,17.0,93.5,12.2,50.3
City4019,129992,193.8,24.0,645.4,31.9,33.0,19.6,18.5,63.7,12.5,20.7,71.9,34.3,69.5
City4020,237203,544.1,18.9,734.1,26.1,53.2,26.6,24.1,55.4,39.0,10.3,94.5,30.4,47.5
City4021,5597951,306.8,73.4,263.7,56.1,70.5,71.7,76.1,78.6,75.6,72.6,433.0,74.4,94.5
City4022,36564,1685.3,35.5,483.3,33.0,45.6,32.7,29.7,55.5,51.0,45.0,127.4,24.1,55.2
City4023,20078,70.6,46.7,408.6,32.1,61.0,43.9,42.2,61.2,47.5,42.5,207.3,33.8,73.8
City4024,803735,704.3,70.9,375.0,62.6,52.2,59.1,59.8,82.1,58.2,75.1,385.7,46.1,106.6
City4025,103766,259.0,47.6,498.5,42.6,53.2,44.3,51.6,67.3,34.4,56.9,232.0,45.7,66.1
City4026,171865,563.2,37.5,620.6,49.9,55.9,45.8,43.9,56.2,39.3,33.3,175.2,43.0,58.4
City4027,89893,144.9,20.8,513.6,39.6,32.1,34.7,27.6,61.7,17.4,43.8,181.8,19.1,41.6
City4028,186517,885.4,67.6,319.3,61.4,76.2,73.6,77.5,85.7,77.2,75.5,353.4,83.3,71.2
City4029,2515427,348.7,31.8,562.8,44.5,44.1,32.9,26.6,59.4,40.6,31.3,159.1,45.2,88.3
City4030,824868,108.3,35.2,719.2,36.6,58.5,20.5,31.0,53.3,22.6,55.2,159.2,37.6,65.9
City4031,897270,241.2,43.5,637.4,54.9,59.2,49.3,48.9,67.9,47.0,59.9,303.0,51.7,70.1
City4032,36948,183.6,66.3,561.3,53.1,73.7,50.0,58.4,73.5,50.5,53.2,241.8,66.9,74.0
City4033,53550,440.1,45.0,590.8,38.5,63.0,39.6,44.2,71.2,45.6,34.9,153.6,23.0,64.0
City4034,10000,59.4,35.8,667.6,42.4,50.6,30.5,35.9,58.2,34.3,33.0,126.7,32.4,48.4
City4035,86410,236.2,49.5,650.4,39.1,54.4,30.8,34.8,67.8,43.9,24.6,179.1,26.6,50.4
City4036,1024161,393.2,36.4,465.7,32.2,65.3,42.0,44.8,64.1,43.2,45.9,196.5,50.3,73.8
City4037,553338,254.6,55.2,580.7,45.4,38.2,46.9,43.0,67.9,60.3,39.8,220.0,51.8,95.5
City4038,196787,1231.9,24.4,613.2,28.9,35.8,23.3,27.6,63.8,44.6,28.4,140.0,26.0,53.7
City4039,260089,619.4,78.3,228.8,74.2,100.0,91.6,85.3,79.5,81.7,73.3,450.1,95.9,70.5
City4040,102289,242.5,72.4,243.5,69.8,80.3,69.1,75.7,87.9,66.8,60.5,405.7,50.7,98.6
City4041,357418,317.4,54.9,505.2,50.2,44.9,32.8,47.6,59.2,32.4,42.7,202.7,49.5,56.3
City4042,784051,348.9,38.3,785.1,22.2,45.8,15.9,22.9,56.0,30.6,37.8,183.7,22.7,39.9
City4043,27938,397.0,17.9,541.9,29.8,36.5,19.7,34.1,63.5,13.1,18.2,142.0,20.4,60.0
City4044,408197,50.0,70.4,385.5,68.8,86.6,61.8,75.4,72.1,66.2,67.0,311.0,65.4,76.7
City4045,989949,170.4,55.1,303.4,44.3,52.7,52.7,49.1,68.0,76.6,39.7,283.7,57.0,81.5
City4046,150070,50.0,11.8,663.3,21.4,21.7,16.1,22.1,58.8,6.1,34.3,119.5,28.2,60.1
City4047,715674,1134.5,59.4,635.1,50.1,44.5,52.0,58.0,81.9,44.2,51.1,248.3,52.9,81.8
City4048,10000000,227.5,33.0,609.3,34.1,41.0,19.0,25.9,50.9,32.1,28.3,85.5,59.2,55.7
City4049,231867,194.0,27.3,676.5,23.5,39.5,29.5,29.6,52.0,32.0,25.2,115.9,29.5,50.1
City4050,465389,717.8,41.2,477.6,48.7,59.9,54.0,59.7,77.1,69.0,38.5,259.0,38.6,54.0
City4051,95484,406.2,27.3,561.6,31.2,32.4,32.0,32.1,67.0,36.5,29.2,198.3,54.6,74.0
City4052,345846,63.2,68.6,397.2,60.1,49.1,74.6,76.9,78.2,67.1,81.2,344.1,56.9,80.4
City4053,511130,224.7,52.2,510.0,47.5,56.5,69.6,58.9,67.5,58.4,52.8,296.7,57.5,79.1
City4054,352490,163.7,38.2,603.9,57.2,32.2,42.5,53.9,63.9,40.7,32.1,198.7,56.9,66.0
City4055,64371,50.0,16.9,843.1,20.7,14.5,12.7,25.8,51.2,19.9,20.3,157.0,19.1,58.6
City4056,358221,106.9,32.0,619.5,43.2,36.9,29.4,31.1,68.1,50.6,57.6,198.6,34.0,80.5
City4057,2078328,196.3,14.0,551.5,31.2,65.9,22.7,28.7,52.2,37.9,21.4,160.2,18.8,44.4
City4058,502871,213.2,36.5,593.3,32.3,53.1,37.8,28.5,67.9,48.5,52.4,214.0,27.1,53.6
City4059,1031765,50.0,49.5,297.5,40.4,46.6,56.4,56.9,80.2,55.3,56.6,274.2,58.1,80.0
City4060,192563,974.6,30.8,406.3,35.3,55.0,38.2,34.8,77.0,27.8,56.2,169.6,60.0,69.4
City4061,766707,216.5,30.4,707.3,49.7,37.2,33.1,29.9,63.3,23.9,46.7,145.0,22.9,60.3
City4062,396715,256.0,31.7,617.4,33.2,35.2,39.1,35.5,58.3,20.7,50.2,152.9,42.0,51.1
City4063,70878,395.7,27.3,599.9,34.1,55.1,34.3,29.3,60.3,16.7,32.7,106.1,15.3,74.7
City4064,419127,95.0,27.8,579.7,36.8,49.3,30.6,38.0,54.5,16.7,18.0,227.4,41.2,85.0
City4065,66944,423.1,50.7,578.2,59.7,66.7,42.9,49.4,59.4,43.2,45.2,272.7,39.6,47.2
City4066,110632,157.5,57.1,499.6,57.2,52.1,53.4,57.9,72.6,47.1,54.5,272.2,65.1,58.8
City4067,349779,83.4,25.4,708.2,41.2,28.1,32.8,28.0,62.7,24.3,34.5,176.7,15.8,84.9
City4068,406826,486.9,60.6,424.7,60.9,59.8,63.2,54.7,79.8,54.8,51.3,240.9,75.9,76.9
City4069,50770,1465.6,30.8,750.6,54.7,52.3,31.9,47.0,53.5,39.7,28.7,252.4,55.3,57.0
City4070,1173592,583.9,51.2,632.9,73.2,68.0,76.5,59.4,63.6,81.1,64.0,282.4,66.6,81.1
City4071,597678,740.7,40.6,388.2,72.4,54.9,47.7,51.5,73.6,44.8,60.1,220.8,36.6,82.5
City4072,100045,131.0,43.7,563.4,34.9,48.4,34.0,47.0,68.2,33.6,32.4,198.3,37.0,75.4
City4073,31175,50.0,54.6,349.3,68.0,47.4,45.5,55.1,60.5,45.5,46.7,257.1,54.4,53.7
City4074,219067,1462.9,54.0,409.3,67.9,49.7,59.6,58.6,64.8,62.9,46.4,312.0,55.7,61.2
City4075,143728,2879.6,26.8,514.8,33.2,49.1,32.9,33.0,54.6,33.1,46.9,259.5,27.2,60.7
City4076,314392,1558.3,74.5,263.3,73.8,57.7,77.5,86.2,78.2,71.0,79.2,377.4,69.9,65.7
City4077,161399,163.5,25.7,552.9,17.6,46.9,32.9,21.9,67.4,11.6,15.3,118.0,24.9,49.0
City4078,16148,61.2,45.9,470.4,57.0,54.0,55.7,39.9,62.4,33.7,62.2,243.7,48.5,58.5
City4079,155797,68.1,46.2,622.1,49.8,40.0,50.1,51.6,73.1,64.2,60.1,241.9,37.3,65.5
City4080,174928,50.0,61.3,470.1,53.9,83.0,52.3,56.4,73.6,38.8,67.9,264.4,34.7,56.7
City4081,651560,215.1,16.5,714.4,34.0,38.1,21.6,25.9,50.7,40.0,31.9,74.1,19.2,47.3
City4082,100964,1680.4,75.4,383.4,59.9,69.5,71.5,72.8,74.5,76.2,87.3,389.0,68.7,84.0
City4083,2814076,206.4,29.1,495.0,40.1,31.4,22.4,30.7,62.6,28.0,20.4,122.1,51.3,49.8
City4084,18466,351.7,53.1,478.7,70.2,71.6,65.6,52.5,68.8,67.0,68.4,282.1,67.9,51.6
City4085,1682236,1275.0,59.2,428.5,43.1,58.7,47.3,42.6,62.6,39.1,39.4,239.7,54.1,54.6
City4086,196016,150.7,60.6,526.8,73.6,57.0,60.5,67.2,72.9,55.0,55.0,308.9,78.2,79.0
City4087,893962,2814.8,40.2,523.4,30.0,32.5,39.2,40.9,69.6,46.8,42.7,195.6,49.9,57.6
City4088,300055,2671.8,21.2,679.4,37.6,32.8,18.9,10.3,45.9,18.7,16.9,71.1,18.3,54.9
City4089,1322954,209.1,49.6,388.6,70.5,65.3,73.2,61.4,77.7,45.7,59.9,363.3,53.9,60.5
City4090,156012,122.4,48.1,490.9,42.5,40.4,37.6,38.2,57.0,43.9,40.6,226.6,34.2,76.9
City4091,57637,564.9,46.7,580.8,36.2,46.1,49.6,39.0,65.4,41.4,40.0,226.9,31.0,84.5
City4092,1960491,161.3,4.7,700.7,29.0,32.7,8.2,19.7,48.4,13.0,17.0,105.9,28.1,36.4
City4093,228919,61.1,62.6,470.7,69.3,56.1,74.3,87.9,82.8,70.1,82.7,375.5,64.6,101.1
City4094,365924,1138.5,28.0,739.3,22.6,42.0,28.1,17.9,46.5,16.2,7.5,158.9,15.7,70.7
City4095,1511559,1053.4,28.7,641.4,30.1,57.1,23.8,31.6,55.3,32.2,31.3,123.1,15.4,62.6
City4096,63276,294.9,44.1,554.4,54.3,33.5,53.4,42.5,60.9,41.8,47.4,200.8,50.0,54.3
City4097,617656,53.8,63.3,489.4,42.7,36.9,51.7,37.8,66.5,47.7,65.7,216.3,51.7,65.8
City4098,117494,56.0,58.0,435.9,60.9,43.7,55.7,60.1,77.7,45.8,51.6,324.8,69.9,55.3
City4099,223007,278.3,13.9,602.0,26.7,37.5,17.0,38.9,56.3,28.1,15.4,68.6,35.3,52.2
City4100,296911,134.3,84.1,370.1,64.8,71.7,87.9,78.6,76.2,76.6,72.4,408.1,60.0,92.1
City4101,32849,162.5,45.2,499.9,31.3,31.3,42.4,48.1,63.8,34.7,33.6,155.5,16.8,53.2
City4102,90185,834.1,51.0,367.9,70.2,75.9,50.7,48.8,75.4,46.6,46.2,316.2,48.2,90.3
City4103,1778893,589.8,32.6,688.5,47.8,40.1,26.6,25.0,64.2,43.5,41.5,193.9,30.7,61.5
City4104,927889,1278.9,71.7,573.6,59.1,88.1,72.5,73.7,73.0,56.6,56.7,414.7,61.5,62.2
City4105,245807,74.5,22.3,597.1,31.0,52.4,27.8,22.9,65.8,25.9,35.1,192.7,38.1,86.2
City4106,377140,162.1,47.1,462.5,37.5,50.6,26.2,44.5,65.1,40.1,41.9,144.1,38.4,54.9
City4107,177737,608.4,68.1,586.1,63.4,54.1,67.4,57.7,62.4,74.4,43.5,338.7,60.3,70.1
City4108,1792670,418.9,57.5,390.4,58.3,55.8,61.5,65.8,79.7,53.4,63.8,306.8,61.9,71.6
City4109,202704,1539.0,60.2,629.5,66.5,50.6,53.4,50.1,72.6,49.5,51.5,209.2,59.1,66.4
City4110,371230,405.3,33.2,407.4,55.6,61.6,40.6,29.0,52.4,51.9,44.7,203.7,59.7,59.0
City4111,1335000,2247.9,40.7,458.6,36.3,31.5,32.8,46.3,79.7,45.7,34.6,273.7,51.8,52.8
City4112,90371,467.8,65.7,556.3,54.3,63.4,56.8,51.2,74.3,50.2,57.7,288.2,56.8,79.6
City4113,2379271,875.3,68.8,566.4,75.2,56.9,56.1,64.4,76.1,72.1,62.4,356.8,66.9,93.6
City4114,31487,166.0,44.7,707.6,50.1,54.3,37.2,31.3,62.3,29.6,31.8,166.4,27.3,92.1
City4115,2627383,248.9,7.1,730.6,28.6,45.3,21.2,10.0,47.4,25.7,19.8,71.8,1.6,72.1
City4116,159253,730.1,28.2,812.1,46.7,35.4,19.7,19.5,57.5,14.1,35.4,122.4,28.4,52.9
City4117,191036,1695.2,61.1,672.9,54.4,65.0,53.0,60.9,78.8,56.4,51.4,342.0,39.0,85.5
City4118,19034,587.0,32.5,603.0,35.8,33.1,39.0,47.4,71.4,54.0,61.0,229.0,41.4,73.5
City4119,141958,221.4,36.8,658.7,40.7,59.5,40.8,36.3,68.2,31.5,35.7,184.8,27.9,52.8
City4120,62584,1277.7,29.3,787.5,26.2,51.2,21.3,26.4,52.6,36.1,26.3,158.6,55.8,67.4
City4121,114610,50.0,61.8,382.5,78.3,71.1,63.0,79.5,80.2,81.6,56.9,383.5,83.0,82.2
City4122,221408,50.0,55.0,354.8,59.0,65.7,63.2,61.3,71.6,61.4,47.0,259.1,61.3,81.8
City4123,1025722,554.4,47.3,541.4,55.3,49.5,38.3,59.6,61.9,56.7,58.9,185.9,50.2,48.3
City4124,358844,248.9,60.3,666.4,62.7,55.2,62.5,51.8,61.9,55.6,42.1,262.0,73.6,83.1
City4125,412811,506.0,50.5,641.2,48.6,48.8,43.3,61.9,73.3,59.0,52.1,263.5,47.9,84.5
City4126,57888,264.4,45.2,538.1,47.9,32.2,37.1,47.1,72.9,34.1,33.3,221.1,46.4,52.5
City4127,78193,485.5,47.1,507.9,56.1,46.3,61.4,45.8,63.9,43.9,60.1,238.4,36.3,75.6
City4128,3329108,92.1,33.5,517.6,31.8,45.4,36.3,36.4,66.1,40.9,28.1,152.2,53.3,73.8
City4129,95867,485.2,71.1,563.2,59.2,81.0,70.0,67.5,88.2,53.4,53.7,331.2,60.1,71.2
City4130,2726942,807.0,68.3,577.3,39.8,71.8,47.5,42.3,76.7,39.8,63.2,254.1,48.0,85.8
City4131,190939,1058.6,43.3,393.7,66.4,39.5,55.9,55.7,68.3,44.9,45.9,230.9,62.4,50.8
City4132,269198,2741.5,33.2,588.8,48.4,50.0,33.8,41.9,65.8,48.3,41.2,186.3,31.4,62.2
City4133,1200815,328.0,43.0,400.0,40.1,59.8,40.2,36.6,67.6,38.5,49.6,207.0,51.9,47.9
City4134,1592235,339.9,64.6,433.9,42.7,51.3,66.9,48.3,69.0,61.2,64.0,337.5,61.1,58.5
City4135,229776,50.0,50.8,552.3,59.2,43.6,56.1,54.6,67.5,38.1,37.5,254.0,48.3,73.2
City4136,155820,129.3,63.5,416.1,72.5,75.0,66.9,58.3,77.7,49.8,69.9,371.0,63.8,56.5
City4137,248130,194.1,59.5,525.0,54.6,69.3,51.3,50.1,74.1,67.2,58.0,263.8,48.0,90.7
City4138,430688,863.0,40.3,375.1,33.5,42.2,41.7,43.8,65.7,52.7,59.5,302.1,59.2,44.6
City4139,934554,117.5,41.2,550.0,28.2,53.6,42.4,38.2,70.8,30.2,40.1,181.0,59.6,59.6
City4140,269931,636.3,40.0,415.4,45.0,55.5,46.9,54.8,62.8,55.4,61.9,270.9,53.0,58.7
City4141,638221,244.2,55.3,360.8,45.5,65.7,56.1,43.9,61.2,47.0,55.3,309.8,39.8,69.6
City4142,2659646,197.8,36.6,557.6,35.8,51.0,32.1,27.0,65.7,14.9,14.5,104.2,30.7,85.2
City4143,457637,329.9,38.2,638.7,29.5,37.0,37.6,49.2,57.9,40.9,29.6,205.9,61.3,64.7
City4144,415116,153.0,25.8,800.5,12.5,37.5,24.9,19.5,57.9,25.1,14.8,116.4,20.6,57.7
City4145,32001,146.2,55.1,498.4,69.7,56.0,50.1,54.7,72.4,68.3,48.1,260.9,62.1,75.0
City4146,10000,50.0,25.9,449.2,28.7,24.8,30.9,37.3,59.3,36.7,38.1,174.6,20.7,44.7
City4147,462187,181.7,23.8,538.5,39.2,24.5,30.6,35.6,57.8,35.5,20.9,213.7,16.4,50.8
City4148,234977,137.6,53.6,576.4,37.0,43.0,30.6,29.5,73.4,32.6,31.3,257.2,37.1,69.4
City4149,130522,131.7,33.1,625.3,36.2,29.1,22.5,29.2,65.6,23.2,26.0,93.3,31.3,71.4
City4150,377355,403.5,21.1,701.9,27.4,46.7,19.0,25.0,70.3,17.1,18.5,82.1,34.3,51.9
City4151,246578,539.3,21.2,448.4,51.6,35.7,28.8,26.8,65.0,31.5,30.6,178.2,32.2,59.9
City4152,1301323,323.3,28.4,591.7,19.7,25.3,19.3,32.2,55.1,43.9,24.8,133.1,24.5,67.2
City4153,302717,807.9,46.4,408.2,50.3,39.8,50.0,43.3,82.3,38.2,58.2,286.4,47.9,87.3
City4154,94306,488.2,13.4,912.1,36.3,13.9,16.2,22.7,54.1,16.3,20.8,55.3,32.2,45.8
City4155,1073283,171.7,39.8,756.0,34.4,32.9,33.3,38.8,62.6,28.2,24.7,157.9,47.3,80.3
City4156,197998,140.4,8.6,675.2,17.9,32.4,21.3,22.1,50.3,32.3,29.5,161.4,33.1,31.4
City4157,560817,356.2,58.1,340.6,58.3,71.3,71.0,68.2,69.3,75.3,58.9,353.0,61.0,87.5
City4158,137533,487.1,34.8,616.6,39.7,39.8,39.2,18.8,52.9,24.9,40.0,147.4,32.2,62.4
City4159,108038,1309.5,22.5,456.9,32.6,55.4,42.4,36.4,67.3,40.8,45.0,165.5,28.1,58.6
City4160,301895,1021.9,58.8,334.5,50.6,52.5,59.0,63.4,63.9,66.7,61.6,259.9,77.8,83.6
City4161,273200,127.8,24.1,662.2,26.9,45.3,17.5,24.9,56.3,32.8,19.4,89.0,20.5,51.2
City4162,525317,216.5,56.2,462.4,48.7,44.9,54.1,59.0,69.8,64.8,46.8,276.7,70.4,62.0
City4163,184221,547.4,91.1,199.2,67.3,71.4,70.8,65.6,87.1,58.8,83.1,397.8,60.3,83.3
City4164,20518,881.5,43.6,607.0,36.5,63.6,35.4,32.6,70.7,27.7,51.7,160.1,31.4,64.6
City4165,146402,755.0,33.3,505.2,43.4,51.0,25.5,18.9,49.7,18.2,34.1,138.4,14.4,69.7
City4166,815328,226.6,29.3,732.2,41.8,52.8,15.4,16.1,49.9,19.9,43.8,77.5,15.9,51.5
City4167,176959,54.3,41.6,554.8,61.8,58.4,60.2,55.0,68.1,66.8,42.4,289.6,51.5,87.3
City4168,190053,73.8,39.1,597.7,37.8,62.7,27.2,44.3,59.5,46.1,37.8,233.3,45.7,51.3
City4169,1067603,339.4,18.1,790.1,28.3,48.2,12.9,8.2,50.1,22.4,15.6,114.6,29.0,41.4
City4170,99035,369.0,36.8,651.2,60.5,45.0,35.1,51.0,63.9,46.8,41.8,313.9,54.8,55.6
City4171,30948,65.5,41.6,437.7,50.5,65.8,39.4,39.9,73.7,47.2,52.2,173.9,52.0,51.1
City4172,214296,258.1,33.1,528.3,29.7,50.2,34.5,28.0,59.8,37.8,33.0,147.3,28.5,39.4
City4173,136237,521.9,57.7,335.6,52.1,51.5,62.5,51.9,81.0,44.6,43.4,242.9,42.9,77.6
City4174,69373,61.5,4.9,780.5,11.9,19.3,3.2,11.8,52.9,1.7,19.5,16.0,16.6,57.6
City4175,209917,921.5,61.0,572.0,48.5,50.4,58.5,61.7,62.3,50.2,51.0,352.8,40.4,56.7
City4176,533976,155.5,60.5,555.6,42.0,62.9,56.6,54.2,79.1,70.1,49.6,281.9,56.4,71.9
City4177,264870,1106.7,66.1,298.5,62.5,63.5,57.6,72.5,67.3,50.1,79.7,366.0,82.0,78.1
City4178,412410,129.0,67.6,566.9,54.8,77.0,56.7,47.1,77.3,58.1,59.7,268.5,59.7,82.0
City4179,3398248,71.4,32.9,511.1,26.2,44.0,28.0,40.6,63.6,41.3,44.3,223.0,50.0,60.1
City4180,166037,141.2,39.9,622.7,58.4,46.2,50.6,47.2,62.4,47.0,45.0,191.2,42.4,46.8
City4181,396205,218.3,21.7,700.2,33.9,30.8,26.1,30.6,50.4,32.2,26.7,123.3,32.5,35.9
City4182,131544,153.5,29.7,771.6,53.6,37.3,22.6,24.2,58.1,34.3,22.6,167.0,49.4,66.1
City4183,82051,188.8,29.5,521.1,41.8,56.5,27.2,37.0,63.5,41.7,36.6,132.5,33.1,91.3
City4184,118317,365.3,50.4,548.0,38.0,58.5,46.0,46.8,72.4,38.7,54.6,263.7,38.2,54.6
City4185,137274,199.3,13.4,677.9,14.7,28.5,14.1,24.5,47.7,7.1,27.5,38.4,24.5,66.6
City4186,443860,226.0,49.9,679.4,47.2,51.5,52.9,47.9,60.3,28.9,45.1,218.1,24.1,70.6
City4187,7193627,50.0,48.5,450.7,36.0,35.6,30.8,49.5,71.4,35.9,33.5,192.7,61.7,90.8
City4188,98473,391.5,69.5,560.3,68.3,78.8,69.3,80.2,82.4,59.6,62.4,298.7,53.5,68.5
City4189,149750,219.9,57.4,367.0,43.4,44.0,46.9,60.4,70.3,52.5,54.1,223.9,40.0,83.3
City4190,245641,1689.8,28.2,568.8,19.5,31.1,19.9,26.1,55.8,32.9,7.8,78.5,26.6,63.1
City4191,467015,79.2,52.3,456.6,36.0,59.6,56.5,44.9,62.3,53.5,30.8,303.3,48.3,73.6
City4192,388081,50.0,70.9,606.8,70.2,48.8,52.1,54.4,73.3,48.5,58.5,331.3,58.3,57.7
City4193,1619671,513.7,50.3,397.8,56.0,43.3,46.5,42.9,74.0,39.3,48.6,233.5,57.7,71.4
City4194,10000,370.9,42.6,649.4,33.2,64.3,27.6,38.7,74.0,39.0,43.4,127.0,27.1,70.8
City4195,10000,73.0,36.5,379.5,42.5,35.6,47.0,40.1,64.0,34.6,53.0,225.5,55.9,61.8
City4196,134023,50.0,49.1,519.9,47.0,71.3,67.5,61.5,76.4,48.6,44.3,258.1,37.6,58.7
City4197,1246961,1548.2,91.0,319.3,65.3,89.5,93.7,87.6,77.9,74.9,64.1,374.3,78.9,90.2
City4198,29974,1335.3,79.7,335.5,67.2,52.7,66.7,70.7,70.7,60.7,80.0,327.3,78.7,90.7
City4199,10000,50.0,60.4,585.4,37.2,60.0,43.5,47.1,63.1,57.9,42.7,211.3,49.5,51.4
City4200,596987,141.2,40.9,542.6,36.7,49.3,46.6,47.1,59.3,41.4,35.8,189.9,39.6,68.2
City4201,377422,1802.7,15.6,755.2,23.7,35.4,11.9,12.0,60.5,28.2,6.0,89.9,22.7,50.4
City4202,58320,138.2,36.8,632.7,35.0,63.2,42.3,54.5,71.0,35.9,55.1,301.6,44.3,60.6
City4203,67524,135.8,34.1,567.6,30.0,38.4,28.3,31.9,64.3,27.2,40.3,206.8,22.5,74.2
City4204,69034,174.3,57.5,336.8,56.4,77.4,69.0,67.9,71.0,58.4,54.8,394.3,61.8,87.0
City4205,313247,63.7,27.2,620.6,32.2,62.9,24.6,27.8,73.1,17.4,19.7,164.9,24.3,71.0
City4206,111653,50.0,48.4,660.8,46.2,63.9,50.4,46.1,62.0,57.8,48.7,308.5,67.9,86.7
City4207,535892,865.3,68.0,443.7,68.3,56.7,65.2,67.8,82.8,68.2,53.1,418.8,53.0,69.5
City4208,10000,50.0,44.9,357.7,34.4,45.2,51.4,57.1,65.2,36.4,57.3,186.7,58.0,71.4
City4209,80854,329.2,48.4,468.3,68.9,67.8,68.9,54.3,70.7,51.4,45.8,323.3,38.0,88.4
City4210,55465,709.0,61.0,485.8,40.9,59.5,57.7,60.4,82.8,62.4,62.0,288.9,43.0,62.7
City4211,187422,50.0,71.3,385.0,92.5,66.1,72.3,82.7,90.6,65.6,65.4,403.4,100.0,67.0
City4212,126340,80.7,45.7,551.9,39.7,45.8,38.3,40.7,61.8,37.4,51.2,145.1,59.4,69.5
City4213,819935,1049.2,10.1,622.5,41.0,53.8,15.9,11.0,52.3,9.0,26.9,115.8,15.8,86.4
City4214,19869,463.8,13.9,683.3,22.6,37.2,23.1,16.2,44.0,18.7,7.6,90.5,42.7,62.5
City4215,285983,116.7,12.0,631.1,22.9,35.9,23.4,34.0,67.5,9.3,21.9,148.7,31.1,61.9
City4216,586349,1035.6,19.9,671.7,28.5,34.9,26.4,37.1,54.1,39.6,54.2,149.2,28.4,75.0
City4217,3610317,1040.9,61.6,559.4,47.7,71.0,57.3,54.9,75.7,47.6,62.2,282.4,50.0,81.3
City4218,136697,337.9,44.4,599.8,36.4,34.1,35.9,40.1,66.9,55.8,64.3,261.1,52.2,84.5
City4219,422625,83.1,49.0,607.7,46.6,44.8,41.7,36.3,70.6,57.2,55.6,223.8,35.7,62.8
City4220,21473,149.0,35.4,652.2,53.5,43.2,40.0,32.9,72.0,38.8,21.9,201.3,38.8,89.9
City4221,10000,345.0,94.6,338.7,63.3,93.3,92.9,84.0,80.1,83.7,80.6,424.5,68.1,69.1
City4222,875617,195.1,40.6,709.3,44.0,46.4,40.8,43.6,76.7,43.9,51.7,202.5,58.7,55.4
City4223,266256,755.0,67.8,438.0,45.3,67.0,73.6,52.7,78.0,55.1,52.2,294.5,70.8,52.9
City4224,1397111,50.0,45.1,539.2,43.2,45.3,40.6,44.0,69.2,38.0,42.8,223.5,45.6,80.4
City4225,39231,50.0,50.6,484.6,36.9,79.7,41.8,48.0,62.2,42.7,49.7,289.8,65.7,89.0
City4226,555632,304.0,24.7,760.2,31.9,49.4,25.3,30.3,60.3,23.9,26.2,144.2,23.5,49.0
City4227,3672359,135.7,24.8,556.0,34.6,27.9,15.3,18.4,51.4,40.1,11.0,79.7,21.9,43.8
City4228,482911,115.3,43.5,475.2,54.2,55.1,35.9,37.8,59.5,26.2,33.0,230.5,36.3,57.2
City4229,395226,50.0,28.9,682.6,47.1,63.2,34.8,44.9,63.9,42.7,30.1,178.3,33.4,43.2
City4230,271570,250.5,54.5,394.1,55.6,39.0,33.8,42.7,79.5,26.1,43.9,203.7,66.2,86.3
City4231,29755,229.7,23.2,469.6,35.5,55.9,35.9,32.0,54.8,31.7,24.3,159.2,29.5,78.7
City4232,1790135,536.0,23.0,585.6,45.7,30.4,20.3,31.3,52.9,43.2,37.5,98.0,18.3,49.7
City4233,114096,265.8,27.0,646.9,30.7,57.8,24.8,16.4,56.2,24.7,22.4,162.8,28.0,51.6
City4234,543767,208.7,27.2,744.7,36.6,20.4,30.3,22.2,56.6,20.0,51.3,106.4,28.2,72.5
City4235,30084,1004.7,53.1,666.7,38.1,43.2,36.5,46.9,70.6,29.6,58.0,163.1,26.9,64.9
City4236,51470,50.7,6.0,838.5,25.2,41.7,6.1,14.6,64.7,28.6,19.9,99.2,40.2,51.2
City4237,2000929,465.8,23.2,542.9,30.8,36.3,35.9,25.1,62.8,19.6,38.4,168.2,19.8,50.4
City4238,165012,50.0,46.3,515.9,55.1,60.9,46.8,42.3,59.4,46.0,42.1,323.2,45.1,71.3
City4239,2052533,89.5,52.4,425.9,50.4,44.5,46.7,43.0,60.0,57.2,37.8,216.5,41.8,78.0
City4240,240500,57.1,57.6,415.0,48.3,55.0,42.3,35.4,71.7,43.7,33.9,227.4,49.9,49.3
City4241,20360,625.4,29.1,667.4,30.4,46.4,39.8,32.8,62.9,36.9,35.2,225.4,25.9,70.1
City4242,935554,226.2,41.9,336.2,50.5,55.3,49.9,44.9,69.2,44.3,67.3,273.7,44.3,57.5
City4243,117494,240.8,82.3,642.2,50.4,53.4,71.1,67.3,63.8,61.5,73.4,321.9,62.4,88.7
City4244,713661,64.8,12.0,634.4,28.1,37.4,20.2,11.8,48.6,34.7,18.4,141.5,30.0,72.0
City4245,277977,170.8,22.1,430.9,43.4,33.4,31.0,26.6,66.0,30.4,39.8,228.4,18.0,63.8
City4246,30934,97.9,49.0,768.6,45.4,64.7,45.5,46.2,74.2,56.3,65.7,294.4,34.7,75.5
City4247,337733,387.7,33.3,570.1,42.4,44.0,28.6,41.6,71.1,38.7,28.6,211.0,36.8,45.3
City4248,5807799,74.5,21.6,572.8,22.5,32.9,16.7,29.1,57.9,40.7,35.8,85.9,34.1,51.8
City4249,535085,1206.8,36.5,695.8,60.8,53.4,34.2,47.6,70.6,32.8,29.8,159.7,35.4,83.0
City4250,247576,50.0,50.0,499.6,48.5,63.8,60.7,59.9,66.9,59.2,60.2,254.1,32.7,94.9
City4251,1209213,93.0,93.9,381.5,82.8,72.8,84.7,90.0,77.1,67.3,88.5,389.3,84.3,61.1
City4252,360387,1831.0,58.5,471.3,56.2,57.0,65.8,67.3,70.7,60.5,60.3,333.8,47.7,63.2
City4253,359815,145.2,36.9,543.9,51.0,58.7,40.8,53.8,63.3,34.8,30.2,202.3,43.1,82.5
City4254,58204,50.5,50.3,647.9,36.6,53.6,50.4,35.3,70.4,55.2,34.0,209.0,47.3,90.5
City4255,372274,318.3,53.3,458.4,65.3,48.1,59.3,67.2,73.7,50.6,58.7,305.2,57.7,72.8
City4256,1143518,138.3,39.9,565.7,58.6,50.8,38.0,39.8,60.8,45.7,28.3,224.0,47.5,61.3
City4257,83242,89.7,57.7,511.6,53.6,64.6,50.8,58.1,79.1,58.7,42.7,301.4,38.4,94.9
City4258,1971478,65.7,29.2,480.8,25.8,55.5,21.9,38.3,65.3,35.1,29.3,113.3,29.6,35.5
City4259,236005,6782.1,17.0,695.9,32.5,38.3,25.4,22.8,59.2,18.4,29.3,205.6,31.8,56.3
City4260,77429,180.9,32.8,467.1,59.7,39.6,34.8,37.1,75.1,48.0,36.3,180.3,20.5,87.5
City4261,1084559,50.0,17.9,608.8,15.1,31.4,21.1,18.7,51.9,11.6,23.8,142.5,19.7,80.8
City4262,179600,1469.2,35.7,704.5,31.1,46.0,24.6,30.8,49.8,27.3,33.9,158.9,21.2,54.6
City4263,777097,509.4,57.4,682.6,43.8,42.0,42.9,37.5,58.7,61.8,40.7,305.2,45.2,61.3
City4264,178356,97.5,44.9,472.9,34.1,35.5,48.2,41.5,62.3,34.3,41.0,218.3,50.7,50.6
City4265,246777,79.9,48.4,587.4,49.4,38.9,44.0,43.4,55.0,45.5,46.4,233.8,44.8,74.1
City4266,535515,549.0,23.6,681.2,17.9,25.8,19.1,4.9,57.9,12.7,10.8,27.6,18.5,49.0
City4267,403227,181.9,42.3,657.2,48.8,34.2,41.0,32.9,59.7,32.5,26.9,252.9,52.4,62.8
City4268,16420,50.0,61.5,305.2,59.9,68.7,63.2,71.7,83.0,83.8,71.6,309.3,75.1,72.1
City4269,55840,2089.5,49.4,527.3,47.4,72.4,51.7,59.4,72.9,58.1,71.0,275.7,56.8,50.6
City4270,985765,145.4,16.8,626.7,17.1,45.7,22.5,24.3,50.0,11.0,22.0,79.2,13.9,65.4
City4271,223018,1472.5,86.7,545.2,65.1,80.2,72.4,80.3,85.9,62.5,75.6,365.6,83.1,62.3
City4272,128897,1134.7,33.6,494.5,41.4,30.6,41.8,30.8,56.1,25.7,40.8,178.1,33.0,47.5
City4273,40054,73.6,64.9,481.2,55.1,42.5,46.3,46.2,57.3,62.5,68.8,322.6,49.2,87.6
City4274,59181,845.4,49.6,627.9,54.3,41.7,33.1,35.9,70.8,50.0,44.2,193.3,36.0,48.4
City4275,15827,112.0,44.7,589.8,63.0,45.5,37.7,31.8,67.9,35.1,46.0,212.4,43.3,67.6
City4276,232863,50.0,23.3,720.4,34.1,29.4,17.2,24.1,64.7,14.8,38.0,95.9,43.1,78.6
City4277,116097,147.0,17.2,747.0,24.0,27.1,17.9,23.0,50.0,6.3,28.0,76.3,14.4,59.8
City4278,69339,394.3,30.9,707.6,28.0,32.8,33.0,18.0,58.0,19.9,18.0,136.7,28.5,70.7
City4279,243927,140.4,33.6,830.4,40.4,49.7,17.9,28.5,64.3,31.5,27.9,109.7,23.3,39.9
City4280,446662,169.3,37.3,540.4,33.7,50.7,36.5,27.2,62.9,46.8,39.4,115.5,28.5,69.4
City4281,5027719,965.1,33.0,483.7,53.3,27.7,45.6,40.6,64.9,40.5,45.8,274.2,49.6,53.0
City4282,32317,278.0,54.6,586.6,64.7,68.9,59.6,67.1,83.9,63.2,50.8,382.7,64.7,70.7
City4283,1360187,88.9,70.0,542.0,62.9,72.9,73.2,80.5,72.8,81.9,51.9,303.6,55.0,71.1
City4284,1047945,568.2,47.0,407.9,36.6,46.1,58.8,37.5,72.2,40.1,62.0,252.0,58.9,57.2
City4285,90153,310.2,76.8,273.6,64.6,71.8,67.3,80.0,89.4,63.7,70.1,397.1,72.8,57.9
City4286,356657,50.0,75.7,312.5,65.2,57.9,70.4,82.1,77.3,59.5,53.6,315.8,74.7,80.2
City4287,141395,409.1,36.0,541.9,30.4,51.3,31.8,32.7,62.0,32.1,36.6,136.3,42.6,46.4
City4288,348002,391.6,35.6,682.8,37.6,35.1,22.8,20.4,69.6,16.3,19.3,94.1,38.4,48.5
City4289,2219479,250.7,60.9,511.5,51.2,54.3,48.9,45.3,68.8,61.3,45.6,246.6,69.6,79.4
City4290,626465,713.4,35.1,777.5,44.2,42.4,26.6,31.3,61.7,38.4,18.6,223.3,41.2,57.3
City4291,546916,109.2,71.4,351.4,50.1,52.5,59.2,76.6,66.4,59.6,47.6,359.6,43.6,54.6
City4292,146908,366.4,40.9,653.2,45.3,43.3,33.2,42.1,71.7,39.7,37.5,265.7,66.1,88.8
City4293,33601,50.0,56.4,459.0,58.4,39.5,50.9,51.3,76.9,66.5,39.4,226.5,61.3,80.6
City4294,200414,398.8,75.4,314.0,61.4,63.3,74.4,67.1,78.3,68.1,58.2,363.8,67.8,85.8
City4295,1453160,2549.5,48.0,414.2,38.2,44.8,40.3,58.0,65.5,29.0,40.0,218.6,58.8,70.6
City4296,31633,74.2,17.9,669.7,33.6,53.4,33.5,38.8,69.3,33.3,32.3,187.4,32.5,48.9
City4297,61259,98.3,47.5,465.5,40.8,54.2,43.2,40.4,67.6,30.9,39.0,211.7,37.3,86.1
City4298,320223,104.4,40.1,767.6,22.7,38.6,17.4,20.5,64.4,27.1,45.7,124.1,36.9,46.5
City4299,67608,286.0,33.0,540.5,33.6,49.7,36.7,45.0,65.7,50.0,49.5,286.0,50.6,87.8
City4300,88474,68.3,53.8,613.9,46.5,37.8,42.2,39.5,67.7,43.3,44.0,305.0,55.9,75.7
City4301,148295,405.7,38.6,605.7,37.7,40.1,38.8,41.5,61.0,42.2,28.5,198.2,33.9,48.5
City4302,39661,676.0,59.8,439.1,41.8,48.2,57.9,59.7,62.7,44.0,62.8,230.0,51.8,69.4
City4303,68612,464.6,43.9,608.4,23.7,24.1,26.2,21.0,63.3,18.6,24.0,232.2,32.3,51.9
City4304,718412,50.0,50.5,441.4,49.5,46.3,46.9,56.7,80.2,58.6,64.7,358.9,68.9,84.5
City4305,43031,807.7,62.7,551.6,62.1,54.2,58.0,64.4,69.0,57.2,39.6,347.5,50.1,51.3
City4306,28652,753.6,65.8,234.5,61.8,59.3,72.6,71.7,80.4,68.3,78.0,418.7,59.8,70.4
City4307,111075,662.6,46.3,552.4,56.0,71.9,44.9,36.2,61.4,45.3,55.0,231.6,45.3,82.5
City4308,747685,382.8,36.3,501.0,57.8,44.4,30.5,28.1,61.6,26.0,33.7,192.1,21.6,56.9
City4309,203680,318.7,60.9,387.4,67.4,56.7,65.8,76.4,78.5,83.1,62.5,346.1,59.4,67.0
City4310,140026,844.6,43.9,765.4,35.1,57.3,42.9,40.3,66.8,26.1,37.8,204.8,37.9,60.3
City4311,285529,2460.7,45.7,555.2,30.2,45.2,35.3,49.9,64.9,50.5,51.1,203.7,42.9,75.5
City4312,23295,78.0,33.3,578.8,35.8,42.1,38.3,24.1,57.8,35.8,19.8,183.9,49.1,80.6
City4313,536374,892.3,66.4,348.1,63.1,53.2,70.3,75.7,91.3,77.9,85.0,356.6,58.6,77.6
City4314,459001,220.6,51.0,328.8,54.7,48.9,59.0,49.8,71.6,59.4,41.2,316.1,36.4,72.5
City4315,151292,209.4,75.6,444.8,61.5,71.2,60.5,57.8,68.8,47.6,67.8,357.2,71.6,90.4
City4316,1097224,50.0,73.9,396.8,61.1,72.7,78.7,82.2,93.6,72.5,77.4,355.6,73.6,98.9
City4317,55354,173.9,30.5,565.1,46.4,40.3,38.9,40.4,62.0,28.3,27.1,255.8,42.4,62.3
City4318,1301558,73.9,66.9,343.6,69.2,71.7,71.5,84.8,66.5,58.6,64.6,382.8,53.0,57.9
City4319,333131,140.2,66.7,412.4,72.6,58.5,77.0,76.5,72.2,62.0,70.8,358.8,71.1,89.4
City4320,167514,65.5,39.2,444.4,36.5,32.3,35.7,33.5,68.1,21.8,44.5,134.6,23.5,78.7
City4321,260974,142.8,59.6,596.4,57.6,41.9,45.0,58.0,80.8,51.1,69.6,330.3,79.8,62.5
City4322,230920,150.3,73.0,409.7,73.6,60.6,72.4,68.6,72.0,82.4,61.9,324.3,67.4,101.0
City4323,1481248,274.8,32.8,708.8,39.6,35.3,30.0,27.9,70.1,27.4,42.4,196.7,25.8,56.4
City4324,59435,50.0,62.1,661.4,65.7,75.7,49.8,66.6,68.3,63.4,43.9,276.9,67.4,68.5
City4325,92269,50.0,32.3,591.6,36.8,42.7,23.6,32.5,50.8,32.4,43.0,116.1,19.1,55.7
City4326,1144895,377.8,78.5,330.1,62.3,67.9,80.4,73.7,72.8,66.1,75.4,352.8,67.9,83.2
City4327,116570,94.0,37.5,754.0,44.1,29.6,30.0,25.4,55.5,35.9,56.4,198.5,49.6,60.8
City4328,946708,888.4,44.9,525.3,34.7,34.5,32.6,35.9,55.2,38.7,49.0,246.2,47.9,59.0
City4329,2897069,320.6,41.4,667.7,50.5,40.8,41.1,44.7,54.7,34.7,35.1,239.0,43.2,70.0
City4330,152891,506.8,32.6,739.2,32.5,40.7,19.7,28.5,52.7,29.6,18.1,128.3,35.6,63.9
City4331,696558,1329.9,43.5,537.6,56.2,55.4,42.8,49.7,71.5,36.2,54.2,267.9,48.4,63.9
City4332,53360,168.7,41.5,480.2,38.5,38.7,51.3,44.0,57.6,46.8,52.4,273.2,40.2,62.3
City4333,771912,122.8,33.2,590.4,49.7,24.7,21.5,20.3,52.5,22.3,8.2,153.6,22.9,67.9
City4334,354758,696.5,47.7,390.5,49.6,42.0,44.5,45.6,72.1,33.9,45.8,242.2,55.4,66.5
City4335,520348,451.0,48.5,665.7,36.3,33.4,31.5,38.7,62.9,46.9,29.5,169.9,43.0,62.1
City4336,108683,195.4,46.9,669.4,47.3,50.5,41.7,54.4,69.3,61.9,38.6,262.5,56.6,52.2
City4337,26225,1299.5,67.0,422.4,78.6,79.9,74.8,90.6,79.8,66.0,92.0,400.8,64.0,70.5
City4338,542830,189.7,66.3,334.9,53.2,47.0,60.9,55.4,67.0,54.4,53.2,226.9,48.0,81.0
City4339,14931,254.5,33.8,681.9,50.7,52.2,21.2,21.5,54.1,33.6,31.2,125.3,53.5,35.6
City4340,172079,251.0,38.6,723.7,31.4,42.9,30.6,42.5,64.0,29.7,31.6,151.7,25.2,61.1
City4341,1002146,79.7,61.9,481.6,60.2,78.8,61.8,67.2,76.5,69.0,48.3,296.2,48.3,93.9
City4342,351040,268.6,53.4,451.3,35.7,51.7,31.1,42.1,56.2,46.4,34.0,265.5,29.3,66.0
City4343,4104849,1307.8,19.6,746.9,27.1,15.3,11.8,19.1,57.1,10.4,40.4,85.7,21.3,38.2
City4344,1127093,417.4,27.7,843.7,43.6,40.5,13.8,13.6,46.9,20.4,23.3,138.2,40.5,58.1
City4345,107424,254.0,44.2,631.5,51.5,61.2,52.3,48.9,85.3,42.6,49.9,272.3,36.5,88.3
City4346,278796,201.5,64.5,379.4,69.0,70.6,56.2,73.4,71.8,51.6,66.9,386.6,69.5,71.4
City4347,251118,364.0,27.5,537.3,34.5,55.3,31.1,26.2,49.7,34.6,11.5,143.2,9.6,77.5
City4348,29288,601.7,57.9,437.2,42.2,57.3,47.2,65.1,64.5,57.0,42.1,266.8,38.3,62.6
City4349,71929,508.3,34.3,674.6,32.4,50.7,50.9,45.5,74.9,48.6,55.2,282.0,60.0,85.0
City4350,122385,164.3,42.4,576.3,40.9,47.9,40.5,38.9,59.0,42.2,31.3,283.2,30.6,55.4
City4351,15510,361.3,66.0,364.6,67.0,61.1,65.8,68.9,72.7,58.3,55.0,375.8,59.6,65.1
City4352,286785,435.3,23.8,676.1,24.8,37.2,21.7,14.5,43.5,5.7,15.0,98.9,8.3,38.9
City4353,189339,73.1,29.6,464.9,36.0,30.2,40.1,26.9,62.8,27.0,32.6,187.6,42.1,88.5
City4354,25795,299.4,11.5,699.7,19.9,49.3,11.4,15.8,59.8,18.5,33.0,77.2,40.2,58.8
City4355,472549,50.0,44.0,396.5,52.2,69.2,56.8,59.4,74.5,60.3,52.5,280.0,36.2,73.6
City4356,731038,436.6,28.5,723.6,49.1,48.9,32.8,36.5,52.8,32.5,42.4,151.0,47.2,48.2
City4357,368740,540.5,65.0,346.4,44.2,77.3,63.1,53.4,60.9,55.6,67.1,337.4,39.0,83.6
City4358,170468,600.1,4.5,688.4,26.3,33.9,0.1,8.4,40.3,25.2,12.8,10.5,20.4,73.1
City4359,614165,152.3,27.6,710.8,34.5,33.6,22.0,26.3,51.7,44.0,16.7,127.9,31.7,57.9
City4360,695445,354.6,68.5,504.8,71.2,57.5,72.6,78.4,77.6,74.2,75.4,391.5,78.0,93.8
City4361,412654,1351.2,41.4,479.9,59.8,49.9,49.5,46.2,69.5,60.6,34.5,231.1,43.8,97.0
City4362,84587,1334.8,22.4,629.1,30.8,53.9,31.3,19.1,57.5,29.8,36.7,122.0,32.0,61.7
City4363,395237,236.3,39.7,773.6,38.5,25.0,30.0,38.9,67.4,21.2,29.7,197.4,36.5,59.0
City4364,1430697,289.2,73.3,366.2,80.5,73.6,72.7,81.9,76.9,71.9,86.6,358.1,68.0,102.4
City4365,116392,928.1,44.5,669.5,57.2,33.7,39.1,46.2,52.5,48.6,29.8,271.3,41.7,67.3
City4366,5061204,50.0,33.4,516.7,46.8,45.5,45.0,30.4,63.6,44.8,33.6,141.9,55.8,76.5
City4367,128555,166.1,70.8,438.9,57.6,73.7,62.1,65.9,80.2,62.5,67.4,280.4,49.2,76.3
City4368,280792,1215.2,36.5,802.4,32.4,53.2,28.9,28.0,57.1,20.9,32.2,112.0,41.6,50.4
City4369,104665,788.6,37.3,573.0,36.1,51.1,36.3,37.1,61.0,45.7,27.8,244.9,35.2,62.2
City4370,366802,381.1,35.0,521.6,45.4,51.5,39.0,35.2,56.2,26.5,39.6,247.7,44.6,82.2
City4371,23409,50.0,47.2,337.3,59.3,48.4,42.7,52.8,67.6,50.2,44.0,207.2,60.8,49.7
City4372,124934,230.5,76.1,419.9,57.1,70.0,74.0,77.3,73.0,67.6,81.9,417.3,73.1,92.3
City4373,58164,120.6,14.5,729.8,16.0,19.4,11.0,18.7,65.0,16.1,25.2,72.7,9.6,62.9
City4374,324316,364.0,32.3,601.9,42.9,61.5,59.3,38.4,64.4,34.0,41.2,229.4,43.8,64.6
City4375,1079735,92.6,16.9,600.0,35.4,33.0,23.0,26.8,71.1,38.5,22.6,116.3,25.4,55.5
City4376,662919,71.5,44.1,425.6,67.5,48.7,48.1,52.1,62.3,49.6,33.2,288.4,27.3,76.7
City4377,10000,50.0,60.0,560.8,77.2,61.3,66.7,54.8,76.3,52.5,79.0,354.5,53.7,79.1
City4378,4680415,1060.1,63.2,471.2,46.3,40.7,53.6,65.0,77.2,62.8,45.6,245.6,62.1,85.2
City4379,405709,151.5,29.8,583.1,53.5,38.0,23.1,31.0,57.8,14.2,20.2,132.4,42.8,61.8
City4380,90481,295.5,38.9,457.8,40.5,48.1,37.1,38.2,54.6,44.1,42.3,207.0,55.8,62.2
City4381,334361,244.0,20.0,850.5,18.8,40.9,18.5,25.7,44.2,15.5,16.0,141.8,41.4,46.8
City4382,343404,68.0,24.3,797.9,28.6,53.4,10.6,5.5,58.6,23.6,18.4,91.1,9.4,47.2
City4383,105494,54.0,16.5,560.9,20.1,32.2,13.0,13.7,56.2,17.2,30.6,81.5,16.2,63.4
City4384,354011,73.2,77.3,266.8,56.9,48.9,58.4,55.0,81.7,61.0,53.2,287.4,64.2,94.8
City4385,114638,102.7,45.4,620.4,41.2,53.8,42.0,28.8,55.5,38.0,34.4,174.8,37.8,61.8
City4386,152343,379.9,72.9,491.9,70.3,57.7,54.4,57.9,72.0,52.8,66.5,395.6,50.7,80.9
City4387,102663,94.2,42.6,623.9,44.2,53.2,40.5,34.6,64.4,27.4,27.0,230.6,50.2,66.3
City4388,36107,1989.8,59.5,487.4,49.3,47.2,72.7,64.0,72.8,58.2,81.6,297.6,64.9,81.1
City4389,329117,839.3,17.2,860.3,27.8,51.4,19.3,25.7,70.4,16.7,22.5,90.3,16.4,64.2
City4390,608906,645.5,60.6,447.2,46.3,71.2,60.6,63.0,84.5,43.6,60.9,270.9,55.3,53.5
City4391,551742,212.0,49.8,563.5,51.6,49.7,61.2,67.4,64.0,65.3,47.9,321.2,66.2,71.3
City4392,845679,1505.9,38.3,348.3,57.9,52.7,34.2,42.4,59.6,50.6,47.4,219.5,38.1,80.9
City4393,422555,188.4,20.2,762.6,18.8,29.8,10.8,25.0,52.2,24.8,29.5,86.0,34.5,56.9
City4394,127285,235.7,20.8,657.7,37.5,41.8,38.3,20.2,64.9,23.6,20.3,88.9,43.8,73.3
City4395,869374,300.1,29.1,579.3,52.0,52.8,27.8,23.9,60.0,40.7,21.4,201.9,38.7,44.4
City4396,40113,568.0,69.9,504.2,62.5,58.8,57.3,49.3,69.8,63.7,46.4,258.6,48.3,90.7
City4397,76043,525.5,73.0,237.9,66.0,78.4,68.5,87.4,87.5,76.1,68.3,348.4,83.7,90.2
City4398,69572,138.4,22.1,682.3,32.5,31.3,21.3,15.3,56.4,13.2,29.0,72.2,37.3,69.4
City4399,1217217,129.1,50.7,391.1,46.5,38.0,30.9,34.1,60.0,29.2,41.5,207.4,40.3,48.9
City4400,1004403,527.4,24.0,713.1,37.6,44.8,20.3,20.9,69.5,31.8,42.4,110.6,17.5,65.3
City4401,530846,577.3,50.8,399.6,42.0,62.4,46.1,58.3,66.2,54.7,34.3,230.0,55.1,77.2
City4402,1203448,152.6,32.6,750.2,43.3,55.9,28.8,37.5,64.1,46.9,36.5,236.5,41.3,47.4
City4403,78354,50.0,68.4,329.4,67.4,73.0,52.1,66.0,68.0,63.7,51.2,271.2,45.6,95.3
City4404,437150,190.8,54.7,446.5,58.8,60.5,51.3,50.9,64.5,41.5,35.3,239.9,48.5,57.3
City4405,225202,517.1,43.5,600.6,42.8,41.6,49.1,47.7,75.8,36.9,30.4,265.8,43.6,56.4
City4406,878204,2135.6,45.6,436.8,69.1,49.6,65.3,47.5,71.5,60.9,48.8,336.3,63.8,78.7
City4407,228361,58.1,49.6,526.0,47.4,41.9,51.9,47.1,69.0,56.4,47.8,293.6,59.1,96.4
City4408,156542,146.7,32.0,540.5,53.9,42.6,32.9,48.2,60.3,35.6,39.3,190.9,27.0,66.3
City4409,572216,153.3,58.7,399.9,63.9,59.4,53.9,67.5,79.4,50.2,57.0,304.5,66.8,79.3
City4410,914961,1245.1,62.9,411.8,49.1,55.2,56.3,52.8,71.5,39.3,60.9,342.0,75.1,104.5
City4411,105273,234.6,39.3,583.8,41.5,37.3,43.9,34.3,60.7,54.5,61.2,258.7,55.7,67.1
City4412,246346,82.4,55.7,383.3,38.2,37.7,55.1,54.5,57.9,47.3,40.3,299.6,39.1,89.0
City4413,60972,478.4,31.4,550.5,34.3,42.9,38.4,27.5,67.9,40.9,36.8,186.0,46.0,63.9
City4414,10000,150.6,64.3,401.8,64.5,78.7,70.4,71.9,80.2,74.4,64.7,384.5,44.3,88.1
City4415,355273,56.3,20.4,527.2,21.7,41.5,24.0,28.3,62.0,33.9,22.9,151.4,34.5,88.1
City4416,629365,83.8,37.6,655.9,27.9,48.1,23.4,24.1,49.3,31.0,33.0,158.4,29.4,51.1
City4417,387276,1960.3,30.6,613.2,27.6,52.5,23.5,36.6,57.4,37.1,21.4,96.3,30.8,40.8
City4418,17511,388.0,72.8,448.5,62.6,51.4,56.3,67.3,74.6,55.0,47.5,272.6,48.6,52.0
City4419,164195,278.5,42.6,429.3,62.2,58.8,44.7,50.6,70.6,41.1,47.7,243.2,56.6,82.6
City4420,12019,181.3,12.9,593.3,32.0,36.6,16.0,26.6,51.1,38.0,16.1,108.3,21.4,70.0
City4421,1825896,347.4,49.8,582.7,36.2,52.5,44.2,48.1,78.1,55.1,63.4,249.9,38.5,63.4
City4422,58660,342.5,30.7,529.0,28.8,37.5,24.2,28.8,64.5,20.7,26.9,232.9,42.7,71.5
City4423,1555900,347.4,74.8,517.0,70.0,64.0,65.8,84.0,81.9,75.9,74.3,426.2,69.1,107.1
City4424,1008744,280.8,9.2,645.1,18.4,19.1,20.8,10.9,52.2,9.9,16.9,75.6,29.2,33.8
City4425,76052,694.1,27.6,654.6,18.3,36.4,25.2,22.3,53.9,17.9,44.2,120.1,21.1,80.1
City4426,54945,251.6,72.9,504.8,77.0,62.1,68.4,63.5,67.1,66.5,67.3,327.9,55.4,78.6
City4427,438238,75.7,55.1,567.5,68.5,52.4,60.4,55.5,75.0,51.8,45.1,256.5,60.5,74.3
City4428,82285,117.3,55.6,644.5,36.8,59.8,41.7,35.0,68.0,40.6,56.6,184.3,38.2,55.2
City4429,309736,50.0,48.8,597.7,43.4,46.6,36.3,49.0,62.0,48.5,51.4,287.0,58.2,67.2
City4430,136494,2785.5,41.1,536.1,43.2,55.3,48.1,48.4,67.7,40.4,64.4,266.5,53.4,52.3
City4431,22167,689.0,15.6,801.4,16.5,31.7,21.0,20.2,62.1,11.7,18.1,149.0,16.9,45.6
City4432,11817,90.4,67.9,273.9,72.0,68.9,73.9,69.3,82.1,70.2,59.9,410.5,59.8,89.4
City4433,368559,174.5,39.8,493.3,34.0,30.9,44.3,29.2,75.6,43.2,48.2,195.3,28.2,65.2
City4434,122249,113.9,10.7,557.3,19.7,15.5,6.9,14.3,51.5,18.6,19.7,103.3,31.0,51.6
City4435,123707,1557.8,42.9,428.5,36.9,36.1,47.3,45.8,61.8,49.6,49.4,270.7,34.7,55.5
City4436,710844,50.0,33.9,696.8,35.3,36.6,24.3,23.9,52.3,41.7,31.6,149.0,26.0,42.6
City4437,1387229,280.7,69.5,324.6,44.5,59.5,56.0,46.7,72.9,65.6,50.5,276.3,48.8,84.7
City4438,183218,214.8,71.3,468.0,58.3,58.3,61.8,62.0,66.2,53.1,78.3,248.0,76.1,67.7
City4439,166568,660.0,48.1,551.2,48.6,63.2,49.6,50.6,70.6,46.2,33.1,238.3,68.7,65.2
City4440,540473,216.0,42.1,656.2,43.5,37.8,36.8,40.5,69.6,50.3,34.6,151.0,52.6,72.0
City4441,40146,50.0,49.3,689.8,38.6,42.8,40.3,48.6,62.4,43.1,47.6,247.8,32.7,64.6
City4442,366742,181.0,72.1,326.6,80.8,58.3,70.8,75.0,92.1,89.3,79.4,371.9,75.3,79.4
City4443,581078,76.2,53.1,395.3,40.0,78.3,51.8,49.1,61.1,44.3,57.0,280.2,63.2,56.2
City4444,695455,269.2,37.5,679.8,46.5,40.5,38.7,46.0,54.4,27.2,36.3,163.7,43.8,62.1
City4445,17828,1367.9,26.0,895.4,26.5,34.5,25.0,19.0,47.5,39.5,22.3,132.2,18.6,60.6
City4446,92420,50.0,45.3,605.5,55.9,57.1,25.4,39.2,66.4,44.6,47.9,188.0,46.5,62.0
City4447,78466,93.7,61.0,642.9,48.6,42.5,50.2,55.9,63.2,56.9,29.9,290.7,59.4,90.3
City4448,308612,126.1,56.2,446.9,59.3,67.7,70.4,54.8,76.1,57.4,65.3,267.1,56.1,80.8
City4449,525992,154.8,35.0,579.9,40.1,47.9,35.7,35.5,62.9,33.8,38.5,109.4,26.6,41.1
City4450,2181219,594.8,78.1,310.1,74.4,76.0,67.9,76.1,76.8,77.1,70.9,331.9,65.0,101.9
City4451,134194,198.7,77.2,336.6,68.6,71.1,80.7,76.9,80.0,68.8,69.8,393.2,77.1,101.1
City4452,133705,403.0,12.6,881.2,31.2,45.1,24.6,16.8,59.1,28.8,31.2,101.6,15.9,40.0
City4453,1341824,115.5,42.4,365.8,45.3,46.3,58.1,48.3,55.9,32.2,30.8,245.8,44.6,60.9
City4454,406446,322.4,31.6,406.3,54.7,54.6,32.3,34.5,73.2,34.9,34.2,215.9,35.7,60.8
City4455,1582809,622.3,24.7,787.9,30.6,62.3,29.4,39.3,70.0,32.2,31.4,161.9,27.5,54.0
City4456,402004,101.6,52.4,366.3,58.9,56.5,50.5,52.6,69.3,44.0,40.8,311.4,68.5,57.0
City4457,53105,624.9,64.2,540.9,68.9,52.2,64.9,56.5,68.7,54.2,51.1,359.5,40.8,69.7
City4458,41507,260.6,33.9,752.8,34.0,34.1,34.9,24.8,58.1,24.4,42.7,141.0,36.7,54.4
City4459,30573,858.0,27.6,771.6,32.0,30.1,30.7,23.5,54.0,11.9,16.6,140.3,21.4,59.7
City4460,677979,192.2,41.6,562.9,42.7,56.7,32.3,40.7,70.1,30.0,53.5,172.6,47.6,57.7
City4461,1416975,386.6,35.1,674.2,43.6,31.1,32.9,37.7,71.3,41.1,36.3,300.4,66.9,75.4
City4462,3573682,233.1,65.0,375.1,45.7,49.0,45.6,46.4,62.8,41.3,52.8,214.0,68.7,58.7
City4463,873573,218.0,41.6,489.6,39.6,52.7,60.1,47.8,67.4,50.7,54.9,272.6,66.3,75.3
City4464,1366787,333.9,41.5,588.0,63.7,59.5,43.5,47.4,73.2,50.9,65.6,322.3,57.1,65.2
City4465,119130,466.0,67.8,678.7,37.9,60.2,58.9,46.5,60.9,48.7,53.8,284.1,72.2,55.7
City4466,53157,54.6,31.3,558.8,51.0,33.0,24.8,39.6,54.9,40.6,47.5,197.8,42.1,44.0
City4467,882144,1367.0,57.5,515.2,59.5,54.7,58.2,55.6,75.9,67.1,59.6,263.4,54.6,63.2
City4468,481544,50.0,63.8,359.6,81.6,56.8,60.3,57.5,64.8,55.8,69.9,356.8,53.6,88.1
City4469,311895,107.6,17.7,766.1,34.7,57.0,22.9,34.3,55.0,12.2,35.8,80.6,42.6,47.7
City4470,461538,218.5,51.2,427.8,47.4,53.4,57.5,49.9,70.8,46.2,68.1,290.1,60.6,88.0
City4471,421873,401.3,25.3,752.5,41.8,54.6,26.5,37.8,62.7,28.8,33.2,227.5,22.2,80.5
City4472,1619039,1622.0,30.2,494.4,24.7,43.3,29.4,38.1,53.3,29.7,20.5,151.3,27.5,57.0
City4473,1644554,50.0,47.1,429.4,52.2,49.3,55.9,65.4,70.4,50.5,38.1,322.0,75.2,74.2
City4474,574875,133.1,19.9,492.8,33.4,24.4,29.2,20.9,58.5,11.8,30.8,159.3,29.8,38.4
City4475,876878,50.0,67.4,497.2,61.2,68.8,70.6,77.2,81.2,56.8,62.0,335.1,76.7,69.5
City4476,551108,254.2,41.7,519.1,48.3,28.7,31.0,36.1,66.0,50.8,30.6,183.5,54.3,58.9
City4477,140696,339.0,59.3,605.6,57.8,64.5,55.9,52.2,74.0,64.9,59.6,367.6,65.3,77.1
City4478,773894,1650.7,66.6,427.7,59.1,74.4,62.5,69.1,78.4,60.9,58.9,366.0,75.5,61.3
City4479,38089,282.8,23.3,599.9,29.8,44.0,35.2,43.9,55.5,25.7,29.7,157.5,34.0,51.6
City4480,1173437,856.5,26.4,431.9,41.7,66.7,44.0,38.4,52.1,53.3,37.0,234.0,32.7,57.1
City4481,50396,493.0,45.4,683.1,38.3,48.2,40.5,37.9,78.4,33.9,41.4,194.1,48.2,61.8
City4482,400362,145.1,23.5,672.7,26.9,29.8,15.9,20.3,57.2,13.6,17.2,169.0,18.9,53.8
City4483,82189,50.0,37.9,561.6,42.1,42.8,45.0,38.3,71.5,28.5,28.6,250.5,38.8,61.0
City4484,582302,340.4,33.1,561.1,31.7,58.4,33.1,29.8,52.7,39.0,57.0,137.7,20.8,56.1
City4485,255890,50.0,40.8,579.4,52.4,39.3,55.7,62.3,66.4,62.7,61.0,252.6,58.0,76.5
City4486,28777,1157.8,32.0,727.7,33.9,30.4,28.3,46.5,63.5,37.2,18.8,183.7,23.1,41.6
City4487,483583,201.4,44.6,422.8,41.4,45.0,41.9,34.8,65.6,42.0,31.6,233.8,39.9,80.2
City4488,119480,1026.8,34.7,495.1,33.4,41.4,37.5,33.7,58.0,41.4,44.7,211.3,40.3,50.3
City4489,921359,137.5,41.8,711.0,38.1,53.7,34.2,47.0,71.9,32.3,43.5,233.3,41.7,64.2
City4490,268835,337.9,49.8,524.0,54.9,36.5,42.1,42.1,55.5,48.8,44.2,242.9,42.8,78.2
City4491,466768,314.6,40.3,610.6,52.8,72.8,48.8,52.9,61.3,48.3,56.0,263.2,60.1,92.6
City4492,70221,231.8,59.9,442.6,51.4,49.7,59.2,46.2,72.5,45.8,42.4,275.1,59.2,70.2
City4493,117587,145.6,74.6,431.1,56.1,48.9,68.2,69.2,73.6,62.0,49.7,304.3,61.1,60.9
City4494,141196,391.9,51.2,450.4,65.3,54.1,64.6,62.1,75.1,73.7,74.3,319.4,72.4,85.1
City4495,890362,80.5,92.9,412.2,65.5,77.8,71.9,85.9,91.9,81.9,94.4,476.5,78.6,94.1
City4496,2808968,57.3,24.5,512.9,22.9,40.6,31.6,31.3,53.8,34.4,22.2,169.6,37.3,56.1
City4497,86921,1087.2,57.6,395.1,40.6,66.1,59.3,48.9,66.7,56.8,33.8,241.1,42.2,68.5
City4498,1211763,585.6,39.8,410.6,57.1,48.3,48.2,44.5,55.0,27.9,44.7,245.6,45.5,70.5
City4499,12867,264.8,54.5,544.7,53.3,48.7,62.8,40.5,74.6,44.7,49.3,276.5,38.4,85.2
City4500,50419,1804.7,66.8,414.5,52.3,52.7,44.1,44.5,70.8,62.0,54.0,321.5,50.6,59.5
City4501,70102,177.4,36.5,537.2,27.1,26.6,33.1,27.1,47.6,39.1,23.7,158.3,31.0,50.1
City4502,40396,1196.6,28.8,688.2,51.7,53.7,36.0,42.5,56.9,53.8,48.9,197.1,40.2,64.8
City4503,29230,302.1,16.2,669.7,24.1,39.8,8.7,8.6,45.4,15.3,26.2,69.9,22.8,60.9
City4504,478398,71.5,61.7,487.2,46.6,64.4,50.0,48.2,67.0,56.1,69.9,334.1,43.5,66.6
City4505,198849,2247.7,25.6,542.9,31.7,21.0,23.8,30.9,58.2,38.8,11.0,136.4,26.9,49.6
City4506,456419,803.4,36.0,430.3,47.9,58.4,22.2,27.4,64.3,34.8,42.5,165.0,25.0,57.5
City4507,705499,211.6,20.1,764.7,30.8,38.2,24.7,24.1,55.5,15.9,33.2,133.7,35.6,62.4
City4508,389205,585.6,62.8,370.8,48.3,56.7,43.3,63.7,65.5,48.5,56.2,264.4,55.1,56.8
City4509,673921,150.7,58.2,298.8,42.9,42.8,59.0,52.9,64.4,65.0,47.8,359.4,54.4,94.5
City4510,243447,661.8,22.1,491.5,49.5,54.8,16.2,18.5,50.6,25.4,16.6,91.1,25.2,71.5
City4511,50930,50.0,12.0,694.2,17.9,22.1,7.5,8.6,64.0,15.3,18.7,54.5,4.6,50.6
City4512,1179899,72.0,44.8,634.9,57.2,55.6,50.8,51.8,77.4,68.6,42.1,322.7,47.2,57.7
City4513,117623,792.4,63.9,523.2,51.6,66.0,70.5,64.1,66.9,66.8,61.8,387.3,77.6,90.2
City4514,72414,181.3,52.0,339.9,53.8,52.2,55.7,62.5,77.0,52.5,51.7,267.2,36.5,88.7
City4515,209172,313.9,68.3,631.2,59.9,73.3,57.3,52.3,65.8,52.4,67.0,353.7,39.5,77.6
City4516,74761,50.0,47.3,627.2,30.6,44.9,28.7,39.8,60.8,44.1,39.3,187.0,41.8,68.9
City4517,149581,2247.2,59.1,359.7,52.4,55.9,53.1,63.4,66.2,54.3,46.3,257.6,70.4,101.7
City4518,434380,1021.1,73.8,478.5,70.8,83.9,67.4,77.1,89.2,54.9,85.6,412.8,59.3,81.0
City4519,436995,192.3,26.6,705.9,34.7,29.0,19.8,23.7,57.5,28.4,18.8,80.0,26.0,54.7
City4520,76346,150.6,69.0,215.2,78.9,77.9,74.3,77.9,86.6,77.2,74.5,350.5,66.2,101.4
City4521,135565,841.8,39.3,432.7,52.6,66.4,53.4,42.4,80.5,34.8,62.9,242.2,39.8,76.7
City4522,1207504,2641.1,54.5,487.7,38.7,32.8,42.0,29.3,50.1,21.2,27.4,176.8,28.4,83.3
City4523,537648,768.6,66.6,413.7,60.9,62.0,71.2,68.8,72.3,72.5,57.4,346.7,70.7,68.6
City4524,4901692,3314.8,27.3,507.2,38.7,29.6,20.2,36.6,51.5,15.6,21.9,154.2,49.7,51.6
City4525,1400275,80.9,40.2,637.2,34.5,62.3,34.7,49.5,66.3,37.1,67.8,192.4,31.0,66.4
City4526,1331757,91.5,49.6,720.5,38.7,44.7,40.6,28.9,65.5,29.8,41.9,172.1,46.5,60.5
City4527,38445,58.7,35.2,597.4,37.4,32.9,13.7,31.0,63.4,19.5,38.6,164.9,40.8,73.2
City4528,781839,415.8,66.1,440.6,71.8,58.3,66.0,72.2,71.8,70.1,58.0,268.0,58.5,61.2
City4529,249110,302.1,36.3,549.9,44.3,30.8,32.8,39.7,54.6,26.6,25.7,178.0,26.4,61.7
City4530,124073,203.9,54.2,357.8,61.0,63.0,50.0,50.4,81.3,59.8,56.3,243.7,53.5,94.1
City4531,339497,646.2,47.6,570.2,44.7,38.9,48.1,49.8,71.9,58.8,48.7,197.1,31.7,68.0
City4532,1007815,1073.6,79.3,317.3,77.9,69.8,81.6,67.0,72.0,66.7,66.0,338.3,65.7,88.4
City4533,540994,50.0,50.6,521.1,59.6,50.0,63.4,54.1,74.7,54.1,37.8,345.5,55.1,87.5
City4534,78443,119.5,31.4,662.8,32.8,33.2,27.2,17.7,56.5,26.8,39.1,116.1,19.8,63.6
City4535,758761,654.7,28.3,428.5,47.1,58.8,35.3,41.2,57.9,25.1,52.8,213.5,46.5,53.4
City4536,109905,139.6,33.0,876.0,28.7,22.0,26.4,19.0,58.7,37.2,29.9,118.1,45.3,54.7
City4537,363435,93.9,79.3,230.1,67.1,53.0,72.7,76.2,78.1,87.1,79.6,392.2,81.4,103.2
City4538,175485,830.7,57.3,602.3,60.4,80.8,54.1,51.1,70.7,68.5,52.6,262.2,44.3,59.0
City4539,197518,52.1,62.1,640.1,54.2,46.8,47.8,43.9,66.4,44.1,40.0,290.1,65.5,77.2
City4540,784451,170.4,12.5,615.9,26.6,21.2,23.8,13.1,67.4,19.6,18.8,63.7,19.4,43.5
City4541,62550,363.0,31.2,547.3,54.0,43.9,36.6,31.4,55.6,25.5,49.1,190.4,43.8,75.0
City4542,4086801,122.9,15.4,585.3,15.7,19.8,15.8,24.4,50.9,31.8,32.8,84.1,37.5,66.3
City4543,20962,626.3,69.7,631.9,53.1,47.9,54.4,59.7,65.4,55.8,68.2,249.6,59.6,89.2
City4544,116222,123.6,31.7,485.4,45.7,30.7,32.7,41.7,57.6,21.9,27.3,234.8,54.0,44.9
City4545,450582,1326.6,43.7,395.8,32.0,31.5,40.1,50.5,64.7,32.8,47.0,183.2,48.9,47.6
City4546,608066,210.4,67.4,586.1,60.0,55.7,67.4,51.6,62.0,50.1,50.6,256.8,36.8,84.5
City4547,233125,547.6,55.0,517.4,49.1,36.7,41.5,51.1,67.2,47.5,57.1,202.8,58.6,57.5
City4548,247620,599.0,52.0,607.2,59.2,53.8,45.1,54.1,69.9,45.7,51.5,325.1,33.0,52.3
City4549,476760,115.2,16.7,566.5,31.2,32.5,21.9,19.7,57.6,25.7,25.4,172.2,18.7,53.9
City4550,194172,50.0,57.2,641.5,44.2,62.3,52.2,61.5,58.6,48.5,37.9,295.2,68.3,69.6
City4551,1886914,377.2,25.8,566.3,43.6,20.4,15.1,20.9,50.7,18.1,32.6,30.8,36.8,47.3
City4552,868991,266.9,38.0,481.7,32.0,47.2,42.2,42.9,62.7,28.7,27.1,169.9,33.9,73.3
City4553,910686,476.7,15.6,520.8,23.2,15.2,22.3,9.0,47.9,7.2,23.3,105.2,22.1,60.1
City4554,69381,186.5,65.4,535.9,69.9,67.3,47.3,56.8,63.2,42.1,58.2,289.8,49.3,81.2
City4555,240110,146.0,56.0,440.9,35.2,35.0,45.4,39.6,73.3,38.8,34.1,276.9,44.5,69.9
City4556,176195,2724.8,58.2,411.8,60.8,53.8,47.3,54.2,66.4,52.4,47.0,333.2,46.3,54.1
City4557,65654,50.0,52.0,645.1,41.1,50.3,55.1,55.7,58.8,55.4,42.3,196.3,49.7,82.0
City4558,444288,590.4,22.8,819.4,41.0,33.8,22.7,33.9,57.8,32.6,26.4,161.5,45.7,41.3
City4559,126411,122.8,29.9,593.1,40.3,37.4,23.7,13.5,49.3,28.3,40.6,192.6,18.1,73.3
City4560,671698,163.5,69.0,242.0,69.9,55.8,72.3,64.8,67.5,64.1,55.4,358.0,55.6,87.6
City4561,59977,167.2,77.3,476.4,81.5,57.9,65.8,80.7,69.2,60.8,68.8,379.3,57.4,70.7
City4562,2977685,93.3,77.4,414.4,67.4,65.1,82.0,86.1,92.0,69.7,74.5,404.5,76.0,87.2
City4563,76506,485.6,23.8,632.4,17.4,31.6,15.7,18.9,58.2,12.7,14.1,145.7,27.9,51.9
City4564,364770,1298.2,53.8,602.8,48.0,51.6,49.4,42.7,63.6,45.4,50.6,202.6,52.4,83.8
City4565,813094,430.1,49.0,349.4,51.5,75.2,51.0,60.5,68.2,45.7,54.8,339.9,61.1,82.1
City4566,120704,277.0,19.5,560.9,31.5,43.2,23.3,18.4,52.6,21.4,17.5,132.9,23.8,39.7
City4567,885100,74.9,36.8,638.1,46.4,52.1,38.3,39.7,68.3,45.3,34.9,199.6,47.2,96.7
City4568,48008,455.0,52.0,397.4,29.9,40.4,46.4,41.7,62.3,44.9,39.0,219.3,33.0,63.3
City4569,2049209,3253.9,31.5,662.5,38.9,40.3,32.1,30.2,56.1,16.1,28.9,139.7,41.7,67.6
City4570,273705,155.0,8.2,782.3,12.4,24.3,13.9,17.3,54.5,22.2,14.3,27.2,27.3,74.9
City4571,116427,155.8,63.1,427.3,43.3,64.7,55.1,66.8,72.5,56.9,53.9,294.4,54.6,78.6
City4572,176512,124.8,41.6,529.5,49.9,38.4,37.2,50.1,60.1,37.0,31.4,172.4,34.4,57.1
City4573,832748,136.0,88.7,452.6,68.4,66.5,69.0,71.5,83.5,74.5,58.3,332.1,66.5,99.8
City4574,118392,50.0,61.9,405.9,47.0,59.3,59.7,58.6,77.7,54.7,54.5,336.1,75.6,73.4
City4575,93985,397.8,58.5,499.4,41.7,78.6,63.7,61.0,75.5,49.8,61.1,297.5,47.1,95.5
City4576,196781,88.7,25.9,543.2,38.3,24.6,33.0,34.9,60.3,40.7,43.5,130.9,51.1,80.5
City4577,51650,50.0,60.5,674.4,57.7,68.7,57.9,59.6,73.1,41.8,62.2,345.0,67.5,59.0
City4578,3432369,604.2,54.0,420.2,58.0,48.3,57.8,65.3,84.0,44.1,76.2,327.4,64.5,68.3
City4579,121424,66.8,20.9,591.0,30.4,34.7,11.7,18.2,50.8,30.1,10.1,116.9,9.7,48.3
City4580,859635,163.0,26.3,591.2,29.2,56.8,30.8,26.4,51.4,30.9,21.3,116.2,40.3,55.7
City4581,359783,1421.9,63.7,444.5,49.6,48.4,61.9,65.4,85.0,40.0,56.6,292.0,45.4,74.7
City4582,67619,50.0,62.7,368.9,42.8,56.5,65.3,72.1,77.8,58.8,49.1,339.8,54.7,84.9
City4583,266109,50.0,74.7,319.6,65.2,71.7,60.7,71.6,81.5,64.1,87.6,402.2,52.1,78.3
City4584,804200,338.0,35.9,579.5,46.3,45.9,21.1,31.9,55.0,36.1,23.0,214.9,11.6,57.0
City4585,206165,972.0,31.9,822.1,24.4,43.3,29.0,22.9,59.3,15.5,17.6,197.0,19.0,43.2
City4586,1425963,50.0,39.0,424.3,48.0,41.0,50.0,56.0,66.3,44.3,59.5,228.7,41.5,49.6
City4587,1121437,399.1,67.7,406.7,54.8,62.7,72.5,64.3,71.1,59.1,72.2,371.2,50.1,88.9
City4588,971387,491.4,45.4,563.0,29.1,36.9,29.7,16.6,53.3,17.8,28.5,125.3,23.8,60.3
City4589,140995,50.0,58.3,516.5,43.9,54.7,48.1,58.4,67.6,50.7,41.2,291.1,35.9,61.4
City4590,59172,637.9,5.7,909.6,29.1,32.2,10.6,14.8,51.4,17.8,9.5,76.5,17.4,62.7
City4591,113661,700.6,66.4,541.8,63.6,73.2,55.2,60.4,78.4,44.8,68.6,310.5,43.0,64.9
City4592,353181,168.3,65.8,348.4,69.9,67.8,73.3,73.4,88.3,63.1,86.0,290.2,66.5,91.9
City4593,576137,1099.7,27.8,705.4,27.3,42.9,9.6,27.3,46.5,19.9,22.4,95.3,47.2,50.7
City4594,12833,956.9,53.0,653.7,43.1,53.6,61.6,48.5,67.8,65.9,53.1,318.0,60.5,86.1
City4595,265306,276.9,50.3,576.6,52.2,79.2,51.7,47.1,60.7,44.6,58.6,310.9,47.7,59.9
City4596,334812,142.3,46.5,548.3,54.8,53.0,49.9,51.0,66.6,36.7,29.7,224.2,57.4,58.4
City4597,181941,76.1,48.7,495.4,29.6,28.1,41.9,36.6,66.8,54.6,38.5,205.4,35.3,90.2
City4598,1636030,233.9,32.1,780.1,23.0,38.1,24.8,22.6,61.8,32.7,35.6,139.5,21.0,56.8
City4599,484315,484.8,27.6,643.7,37.3,20.0,21.6,22.2,51.3,22.3,13.9,87.0,37.6,59.9
City4600,1679940,165.8,46.8,335.7,59.9,60.5,50.8,50.7,71.4,42.8,49.5,289.3,39.3,90.3
City4601,198323,50.0,60.9,494.4,45.4,34.4,46.0,37.9,67.3,48.6,33.1,216.4,64.3,50.7
City4602,996962,1121.5,34.9,463.0,56.0,58.8,41.3,56.5,55.7,33.0,48.6,280.5,53.2,69.6
City4603,2647411,307.4,52.1,412.8,68.7,73.8,58.0,69.2,84.4,45.7,75.1,300.3,53.6,59.1
City4604,1683475,155.2,6.7,645.0,13.8,44.2,17.0,8.6,46.3,35.8,26.2,158.3,15.1,49.7
City4605,58162,684.4,89.2,398.1,76.0,55.2,73.5,81.7,80.0,80.7,71.0,405.7,76.3,94.8
City4606,188123,1524.7,71.0,491.6,82.5,67.2,75.6,74.5,73.1,64.0,62.7,404.0,65.3,66.9
City4607,165507,50.0,33.3,526.6,27.5,34.0,22.0,23.3,64.6,14.8,28.4,142.5,32.9,41.2
City4608,532296,412.0,49.5,811.2,25.0,36.1,46.1,38.5,53.4,37.4,47.3,153.1,33.2,74.6
City4609,701443,50.0,87.5,250.7,85.6,71.1,78.5,77.5,89.9,74.0,83.3,382.7,82.0,79.6
City4610,82913,445.4,48.9,488.6,64.3,62.7,50.0,64.4,77.7,61.6,40.9,334.7,62.2,66.9
City4611,295071,285.3,54.4,389.2,45.7,65.3,54.8,64.0,67.7,50.5,56.9,269.9,60.2,82.1
City4612,15868,524.7,38.3,544.1,59.7,34.4,40.4,56.6,64.8,33.9,42.1,194.7,43.2,51.8
City4613,2020232,134.4,36.8,481.2,38.7,49.9,36.3,36.8,62.4,32.3,27.5,264.3,51.7,75.4
City4614,130963,50.0,51.6,749.8,38.7,56.9,43.6,39.3,56.5,45.3,44.7,195.6,28.4,57.6
City4615,290166,142.5,47.4,735.0,28.1,60.2,32.9,32.5,60.5,25.9,43.5,167.1,28.3,71.5
City4616,173944,398.7,30.9,737.2,29.7,59.6,36.4,38.2,63.7,34.5,31.5,217.9,44.8,67.8
City4617,1334995,827.6,51.1,362.8,52.9,73.2,66.3,55.8,68.7,64.2,52.0,345.3,55.2,79.2
City4618,10000,60.0,40.0,674.2,31.3,37.1,16.3,20.3,55.5,34.4,35.0,112.3,48.0,48.0
City4619,262169,839.2,50.2,565.9,48.3,50.5,43.3,41.1,72.8,55.8,38.5,255.4,40.4,99.4
City4620,231388,112.5,51.7,543.4,46.8,37.5,43.6,42.5,66.3,43.9,35.1,148.9,38.4,66.9
City4621,142188,378.0,64.7,344.2,57.8,56.8,56.3,70.3,73.7,60.7,48.5,317.7,78.7,83.7
City4622,3007793,132.7,12.0,669.0,47.1,46.0,19.8,16.9,51.6,25.1,31.7,59.8,29.5,49.5
City4623,77477,304.5,66.5,369.3,68.0,56.4,67.9,61.0,72.6,55.1,75.3,345.7,57.2,89.6
City4624,790574,713.6,44.4,524.1,43.7,62.7,66.0,47.7,78.0,47.7,47.1,295.5,64.7,78.4
City4625,441862,56.1,40.4,380.1,39.7,62.3,47.3,43.4,64.2,31.5,40.9,242.0,32.0,64.9
City4626,1569279,108.2,82.0,355.3,57.6,50.0,66.8,79.5,84.0,60.1,51.2,329.6,73.5,76.9
City4627,105443,305.5,22.9,738.7,36.1,30.5,23.2,26.7,51.9,24.3,10.1,125.1,38.1,56.9
City4628,96167,4367.3,39.4,413.5,36.1,43.4,26.4,32.7,57.2,41.5,35.5,166.4,25.5,83.9
City4629,1244815,86.8,82.1,190.8,83.5,86.0,77.6,84.6,76.0,65.4,65.0,440.7,66.4,94.8
City4630,486722,2830.4,31.9,380.8,53.2,52.2,37.9,42.4,56.2,48.0,36.3,269.2,59.8,61.8
City4631,30856,2711.6,57.6,593.1,39.6,58.9,36.8,45.0,75.5,36.4,44.8,234.7,49.0,64.6
City4632,126117,217.7,61.1,519.6,50.9,42.8,47.9,47.3,67.2,49.8,50.6,259.5,65.8,48.2
City4633,460899,171.1,45.4,405.1,42.2,50.8,40.1,42.9,65.0,45.3,37.7,196.2,41.4,54.6
City4634,867065,106.6,40.4,682.3,42.0,70.9,46.3,48.0,63.1,41.5,46.2,204.1,33.3,77.7
City4635,103681,225.5,38.9,670.8,50.4,54.6,44.3,45.1,59.4,32.6,51.0,253.5,42.9,84.9
City4636,10000,50.0,46.3,506.8,40.2,40.7,38.7,37.2,60.6,36.0,36.6,187.7,39.3,76.2
City4637,558222,223.3,44.0,480.1,32.9,38.2,18.9,18.0,52.4,30.3,23.3,136.2,44.0,56.5
City4638,48608,1474.8,54.9,543.3,65.2,61.9,49.7,57.3,62.6,52.0,35.6,277.5,73.5,89.4
City4639,15926,117.5,20.9,721.5,36.8,36.8,39.7,23.7,48.2,23.9,26.6,160.0,25.8,57.9
City4640,10000,183.3,58.3,576.6,28.5,43.9,38.8,38.3,58.1,60.3,41.4,192.7,39.6,87.1
City4641,838670,50.0,24.2,584.0,37.2,39.7,31.6,27.9,63.2,36.0,20.2,166.2,25.8,88.3
City4642,321278,383.3,44.8,449.9,35.2,52.2,46.5,35.7,57.0,42.2,51.6,242.6,46.0,68.6
City4643,195649,336.1,47.8,398.4,53.4,53.2,48.7,50.8,59.6,51.4,67.1,266.6,41.0,68.9
City4644,1875965,264.1,41.5,496.8,57.9,39.8,42.7,41.7,65.5,61.7,36.4,259.4,33.2,63.4
City4645,654910,188.6,33.3,698.2,41.1,57.3,27.8,42.6,74.0,42.8,23.2,168.7,29.8,71.8
City4646,2578762,172.2,23.7,631.0,24.6,52.2,38.4,26.5,56.6,19.4,34.6,133.2,27.5,53.9
City4647,38183,446.9,13.8,882.4,12.6,23.7,17.1,18.1,50.2,9.5,15.3,63.4,23.4,41.0
City4648,255666,236.4,43.1,410.0,60.9,51.8,47.2,44.6,64.1,45.0,45.8,279.1,40.6,83.9
City4649,27906,357.1,29.4,753.8,37.0,36.2,30.9,28.9,60.7,41.4,29.3,106.8,24.8,40.7
City4650,194631,316.7,72.4,453.7,66.4,71.8,59.9,60.9,70.1,45.3,64.4,334.1,62.5,86.5
City4651,189460,942.1,48.9,470.8,56.1,66.7,55.0,44.4,61.0,43.5,63.7,255.0,47.4,72.7
City4652,645163,551.4,35.8,667.2,33.9,32.7,35.1,32.0,58.1,36.8,37.2,241.8,38.2,76.9
City4653,286012,308.4,28.4,620.8,42.9,48.5,27.9,19.0,54.4,42.6,23.1,91.6,34.0,64.6
City4654,642273,1513.4,25.2,467.7,38.4,46.4,28.9,26.3,61.0,34.6,30.1,156.8,46.0,60.7
City4655,718424,405.2,68.4,371.8,70.0,81.7,70.8,67.9,77.1,72.7,75.4,438.0,60.6,68.2
City4656,5481559,1171.4,53.9,472.7,52.5,64.1,52.9,64.6,76.3,51.1,73.2,268.1,42.7,86.8
City4657,172574,506.9,44.6,539.2,39.9,39.4,40.1,42.5,57.6,30.0,55.8,158.4,42.4,83.9
City4658,71866,50.0,28.7,772.8,36.3,40.8,15.1,32.7,57.6,36.0,19.8,207.1,23.0,74.1
City4659,378706,1171.2,47.1,530.7,34.1,51.9,51.1,47.9,63.3,36.2,66.9,224.6,50.0,62.0
City4660,87274,287.8,42.0,469.3,29.6,37.0,43.4,45.4,66.5,34.0,34.1,215.7,21.5,77.1
City4661,2136640,229.9,57.7,467.5,46.7,53.6,51.8,59.4,72.9,61.4,55.1,245.4,60.3,87.8
City4662,180501,343.0,24.4,763.6,26.5,56.6,17.5,9.9,66.7,8.9,8.2,127.7,35.3,41.5
City4663,121563,161.7,41.7,472.9,41.6,43.8,47.5,47.3,64.2,35.4,41.2,182.5,46.6,55.0
City4664,138712,321.3,78.6,286.8,63.5,67.9,80.4,75.2,91.6,58.5,82.4,307.9,68.4,97.0
City4665,733647,120.3,61.1,369.4,45.7,56.0,44.1,46.9,68.9,39.2,53.2,334.4,74.2,63.9
City4666,215163,1129.0,15.3,656.6,22.6,33.1,17.5,17.8,58.3,32.4,18.4,91.8,41.4,58.7
City4667,109279,213.5,32.8,483.7,33.7,46.3,40.9,46.5,63.0,42.7,61.2,167.7,43.0,65.3
City4668,2762074,154.6,28.7,442.5,27.7,41.7,34.5,36.8,61.4,53.5,44.0,142.1,36.3,67.2
City4669,80931,80.6,23.2,580.6,37.5,42.4,42.5,42.3,58.4,46.1,47.1,170.7,30.3,50.4
City4670,282036,337.8,44.2,712.6,43.1,31.5,31.5,41.2,65.3,33.6,37.5,152.0,37.6,82.7
City4671,668792,306.3,35.2,458.5,63.5,40.8,38.1,33.1,74.9,37.5,45.3,160.4,26.8,51.4
City4672,27340,390.0,67.6,353.6,52.8,47.5,64.6,75.4,82.4,79.3,52.7,299.6,55.6,74.2
City4673,525636,71.3,60.4,503.9,59.6,54.0,59.2,57.1,62.3,38.4,52.2,312.9,37.0,58.4
City4674,61257,50.0,61.9,440.9,59.6,71.3,60.6,57.7,80.7,61.7,45.5,275.4,41.4,76.9
City4675,849069,518.4,52.9,387.9,52.3,44.1,62.8,50.8,83.9,48.8,42.7,225.9,37.5,60.6
City4676,69723,1453.3,12.1,818.1,27.6,37.8,34.6,29.3,47.1,18.3,12.1,161.5,6.9,43.4
City4677,707771,71.4,50.0,558.3,40.4,56.5,34.1,39.2,76.8,49.4,55.3,187.4,58.0,61.5
City4678,1261946,1648.0,54.7,652.6,48.1,53.5,52.7,43.7,63.8,38.8,53.8,308.8,39.3,73.5
City4679,896282,344.0,47.2,318.7,43.8,54.2,61.6,45.5,62.5,49.5,49.8,216.2,77.4,84.5
City4680,381491,242.6,72.2,272.7,65.1,83.3,80.9,86.7,77.9,60.4,68.5,387.3,75.4,94.0
City4681,194109,151.9,27.0,639.8,29.2,56.6,34.6,28.1,53.0,37.9,50.5,190.9,30.5,51.4
City4682,119732,50.0,28.8,571.8,51.8,56.0,29.0,26.1,57.6,34.8,44.0,193.3,62.2,66.3
City4683,2104205,800.5,52.2,632.9,43.8,63.2,35.5,48.7,61.5,47.7,44.2,189.9,52.2,59.0
City4684,100781,96.5,25.9,509.5,28.0,36.4,29.5,24.1,51.7,21.5,19.4,170.4,48.2,42.8
City4685,62824,96.0,38.8,578.9,42.2,29.8,28.9,19.2,58.9,37.9,27.3,119.4,30.3,42.3
City4686,681135,804.6,16.7,772.6,27.2,55.5,30.1,24.0,59.9,23.8,41.8,133.1,20.7,47.9
City4687,88027,50.0,33.8,724.5,42.1,41.3,27.4,30.0,62.3,22.1,45.9,189.1,29.8,65.4
City4688,70962,50.0,13.9,723.5,26.2,55.1,8.1,12.5,67.1,13.7,29.3,63.7,10.1,57.9
City4689,35559,239.4,81.1,455.4,69.3,61.7,74.0,74.1,76.4,79.9,65.8,352.6,89.7,78.1
City4690,136479,347.9,53.2,611.5,60.5,41.8,44.4,34.7,65.2,43.9,59.6,245.4,41.2,61.7
City4691,238995,437.8,25.2,510.4,43.5,42.2,36.3,38.0,57.2,34.7,45.0,137.3,43.0,57.0
City4692,377123,170.3,57.4,539.8,51.4,37.0,50.2,51.9,65.1,62.4,38.9,304.4,62.5,71.4
City4693,1016452,5097.2,5.5,772.3,28.5,17.5,18.3,14.5,43.4,19.4,10.4,134.6,14.2,62.6
City4694,561101,186.1,78.4,302.0,66.9,70.0,89.5,77.5,87.0,83.5,58.0,382.1,61.8,112.9
City4695,205413,185.5,59.1,520.8,52.7,40.8,46.8,62.0,68.6,53.4,36.1,294.1,43.6,85.6
City4696,203317,94.0,40.2,762.1,39.6,48.3,36.4,36.6,67.2,42.7,29.9,209.6,46.2,73.1
City4697,548104,283.9,43.8,485.7,64.7,45.8,53.3,54.0,79.1,63.8,49.2,263.7,65.8,74.0
City4698,1593746,511.8,59.5,548.2,43.1,53.1,40.5,45.0,67.8,34.2,58.7,231.2,36.7,68.0
City4699,320244,1037.2,44.9,654.8,56.7,54.3,37.5,46.6,69.0,35.1,60.4,279.9,50.5,81.9
City4700,139137,50.0,54.0,443.5,36.0,28.4,46.6,36.2,68.6,42.6,34.0,183.5,48.0,61.5
City4701,66835,182.1,23.2,781.1,27.7,42.4,14.0,7.7,53.3,20.2,11.6,175.3,34.4,64.6
City4702,35479,418.2,20.8,602.4,41.9,35.6,37.6,37.0,59.0,40.3,31.8,224.1,41.2,64.5
City4703,681994,495.0,56.1,552.5,63.2,80.9,49.4,50.7,66.1,37.1,60.4,237.0,51.9,59.5
City4704,602697,246.6,48.7,350.8,45.2,58.7,56.5,52.4,82.1,57.9,43.3,259.7,48.1,74.3
City4705,602178,469.1,69.0,325.7,71.9,59.3,62.9,57.8,76.6,53.3,64.3,294.8,62.4,93.7
City4706,224106,92.7,16.7,823.8,23.2,29.0,19.3,18.3,56.1,37.2,55.5,180.1,40.1,71.9
City4707,1923599,1586.8,43.0,480.6,45.6,43.7,46.2,55.2,62.6,42.9,50.6,186.7,32.2,55.2
City4708,136248,805.3,19.4,841.1,15.9,13.6,6.0,5.6,59.1,11.2,0.5,70.0,14.3,82.6
City4709,1022107,50.0,47.4,444.9,40.7,63.1,56.7,50.4,73.2,59.3,57.7,224.2,49.1,66.4
City4710,254170,67.3,49.6,442.2,56.6,48.6,65.7,64.9,78.3,69.1,70.9,362.1,69.3,88.1
City4711,114497,69.7,18.8,624.3,15.6,24.1,21.9,20.6,65.2,6.4,7.0,140.5,20.4,42.0
City4712,615101,552.0,30.6,592.9,41.5,46.0,28.2,26.5,62.8,51.4,57.3,199.9,26.0,53.5
City4713,476151,52.4,7.9,767.8,7.7,18.4,2.3,3.2,47.5,3.4,19.3,1.0,8.5,30.8
City4714,442308,164.5,46.3,715.4,39.2,61.3,42.9,47.8,68.6,40.4,52.3,212.8,31.6,80.3
City4715,300676,422.3,43.9,460.2,45.9,41.4,51.7,39.7,76.1,39.5,52.7,297.8,49.9,66.1
City4716,254472,226.0,33.3,673.4,40.2,26.7,14.2,19.3,48.6,17.9,10.5,116.2,17.3,60.1
City4717,7600471,333.8,27.2,871.3,19.1,38.6,21.4,22.2,60.9,15.9,9.4,148.0,40.4,56.6
City4718,1408392,68.1,79.2,342.1,51.0,58.8,75.8,78.3,84.7,63.1,83.4,379.0,70.2,82.3
City4719,738190,499.6,54.1,735.0,70.8,52.9,41.1,37.3,83.5,40.6,45.3,243.3,49.1,61.6
City4720,313802,117.2,36.4,507.2,41.4,59.8,41.9,41.5,56.1,36.3,34.7,240.8,41.2,72.5
City4721,1099119,165.7,20.3,786.8,38.5,45.2,37.5,23.9,60.5,26.1,29.4,191.5,13.7,43.1
City4722,554151,325.5,30.0,492.5,27.9,49.9,42.1,35.1,71.4,35.8,32.9,210.6,27.6,77.6
City4723,278364,276.9,44.3,381.1,39.5,43.3,42.7,39.2,63.9,42.8,49.0,251.7,41.9,71.7
City4724,175432,251.8,71.3,266.4,67.0,66.4,59.0,68.6,90.1,67.3,49.6,353.2,47.3,86.8
City4725,239597,99.4,34.8,495.5,34.3,40.6,41.5,34.0,60.1,47.7,26.9,209.9,53.8,49.1
City4726,10000,170.8,44.5,613.1,48.1,40.5,50.8,37.1,67.3,50.1,43.3,255.1,46.5,78.0
City4727,360353,245.3,58.5,283.1,64.9,63.0,74.4,67.9,69.3,59.1,65.8,349.9,49.8,73.0
City4728,135419,50.0,45.5,474.2,55.6,44.0,43.2,52.3,57.2,38.7,27.4,155.3,32.8,56.8
City4729,2494847,140.5,44.0,413.0,37.8,41.7,33.4,37.3,71.1,43.2,29.0,215.9,46.0,79.2
City4730,275703,389.6,10.7,938.3,18.6,18.3,13.7,6.5,44.3,18.2,0.0,106.3,11.8,47.5
City4731,50789,52.8,68.9,511.5,73.0,63.9,74.0,65.7,67.4,74.4,51.6,340.3,75.2,66.4
City4732,250238,980.3,62.4,311.1,64.7,68.9,67.4,64.3,75.4,49.6,57.6,343.6,69.0,75.2
City4733,62033,1122.7,20.1,480.0,40.1,30.5,28.3,24.9,60.5,29.6,21.1,161.1,23.6,62.2
City4734,520617,54.9,58.4,366.2,52.8,80.7,54.2,70.8,75.3,53.4,50.1,262.1,74.5,65.0
City4735,403255,1247.8,42.0,576.3,46.9,51.3,47.2,55.4,64.0,42.1,53.6,241.8,53.0,54.6
City4736,1025791,206.0,34.0,623.6,56.6,44.9,49.6,56.8,68.5,39.3,46.3,258.6,51.6,62.3
City4737,88677,404.3,51.7,477.8,49.0,60.3,57.0,55.7,70.5,72.6,40.8,300.9,63.7,83.8
City4738,281422,134.8,32.4,561.7,28.2,40.4,22.3,40.2,51.3,27.8,49.9,90.0,28.7,44.8
City4739,39694,740.7,44.0,545.7,34.5,52.1,35.5,30.4,60.1,34.9,43.8,197.7,54.2,58.2
City4740,716470,398.3,16.7,573.5,8.9,32.9,18.0,10.6,42.7,9.1,8.4,110.9,8.7,73.4
City4741,554831,92.1,63.1,520.1,43.9,37.0,47.5,44.4,61.5,34.1,43.1,280.1,29.6,81.4
City4742,537200,60.4,24.5,594.3,40.4,25.3,28.4,26.6,71.7,36.3,28.5,248.8,29.2,67.9
City4743,268946,50.0,19.6,716.3,18.0,19.2,16.4,32.0,64.4,14.0,24.3,70.9,12.5,44.7
City4744,479587,306.6,72.7,240.9,56.9,77.6,73.2,72.5,74.5,61.4,58.6,387.9,59.5,68.6
City4745,2535939,486.4,39.4,418.5,43.6,47.6,28.7,29.0,59.4,54.8,51.0,267.6,20.0,54.5
City4746,180028,534.4,72.9,249.2,65.7,80.5,71.2,79.5,75.2,77.7,79.9,404.7,92.5,70.4
City4747,325820,212.4,77.0,398.4,65.3,69.8,74.2,71.9,82.5,78.8,54.1,361.8,76.7,82.2
City4748,58654,61.0,65.2,378.3,54.5,54.4,62.9,60.7,71.2,61.5,48.4,329.0,61.2,77.1
City4749,79573,107.9,38.4,423.6,42.5,33.1,27.4,28.3,66.7,41.3,57.2,179.9,32.0,62.2
City4750,307717,975.4,31.6,791.6,25.1,28.0,17.1,17.4,54.0,11.2,12.8,157.8,22.7,63.4
City4751,1258595,136.8,20.4,732.0,40.5,41.5,15.5,13.8,52.6,6.4,16.5,92.8,25.6,71.3
City4752,187438,290.6,16.4,639.7,18.4,32.8,14.5,9.8,48.2,16.6,15.8,94.9,7.9,51.7
City4753,192859,67.3,21.7,754.6,12.7,43.1,18.0,16.8,49.1,16.4,21.1,122.0,39.7,56.4
City4754,151806,366.5,42.7,479.2,48.5,52.6,49.7,43.8,71.5,38.9,31.9,284.0,29.8,86.1
City4755,126923,141.3,57.2,565.8,55.0,51.3,59.5,53.2,67.4,61.5,63.0,269.8,67.2,60.1
City4756,405534,859.2,53.8,420.3,65.4,61.2,48.9,52.3,69.4,61.3,40.0,341.8,45.9,78.3
City4757,32986,619.1,50.0,497.8,46.0,54.2,61.4,65.5,69.5,46.2,50.7,300.2,50.8,78.9
City4758,1612530,135.0,65.2,555.2,42.1,38.6,46.0,63.2,71.1,34.6,52.7,241.9,47.4,84.6
City4759,105705,210.2,29.7,583.7,32.4,55.5,32.9,25.4,57.1,30.8,14.8,143.8,40.9,55.5
City4760,737237,126.3,42.2,645.3,29.9,34.7,31.1,49.2,72.0,42.3,36.9,225.7,62.2,59.8
City4761,45342,50.0,34.5,659.3,47.2,35.4,31.2,35.2,60.8,38.5,57.3,208.6,59.4,48.9
City4762,684453,87.5,19.2,680.2,16.4,48.1,25.9,11.8,49.8,17.7,10.2,136.7,28.6,49.5
City4763,687434,310.4,75.1,334.4,68.0,64.8,75.4,60.0,78.9,58.8,63.9,360.2,67.7,110.8
City4764,459494,361.5,38.7,727.2,40.5,41.7,37.5,26.6,51.8,39.3,25.6,114.6,59.3,53.4
City4765,66689,292.4,60.2,424.9,56.6,61.1,66.9,66.4,72.6,62.2,64.0,372.8,50.9,85.6
City4766,380547,170.4,26.2,656.1,36.7,44.6,19.4,35.9,53.9,23.3,44.1,104.1,31.5,85.4
City4767,51211,749.7,28.4,506.3,21.5,28.0,29.2,28.6,65.6,23.2,45.0,113.2,26.2,47.7
City4768,188363,264.1,42.0,541.0,41.0,53.4,28.7,35.9,57.6,28.3,32.7,180.2,54.0,65.7
City4769,1133905,569.0,24.8,517.3,57.5,61.5,40.0,30.7,58.0,29.9,38.9,229.0,32.3,52.3
City4770,818626,50.0,24.2,688.0,34.2,21.1,21.4,30.8,59.3,21.6,19.6,106.9,14.3,63.9
City4771,274102,50.0,68.0,490.0,59.9,71.8,69.0,63.1,73.3,48.1,56.1,271.8,43.4,64.8
City4772,68546,344.0,58.2,471.7,55.3,44.8,54.4,51.6,68.8,60.7,52.6,345.2,60.6,77.1
City4773,662531,50.0,64.1,428.5,55.9,44.9,58.6,61.4,67.5,65.8,56.6,301.1,46.5,54.9
City4774,275717,189.6,40.8,761.5,47.9,42.2,32.8,21.3,58.4,38.0,33.4,144.1,32.8,76.0
City4775,10420,170.3,24.1,637.7,37.4,23.1,16.1,23.8,60.1,31.3,37.2,183.3,10.1,63.8
City4776,802656,1644.0,42.4,378.5,55.0,53.5,55.3,39.8,69.1,35.0,42.6,219.7,42.0,83.3
City4777,259386,395.4,51.1,536.7,36.2,38.6,41.7,40.1,68.9,46.1,33.3,295.2,47.4,79.5
City4778,1444728,298.6,56.1,400.5,57.4,44.1,49.4,63.1,68.4,50.6,53.4,304.0,61.6,96.0
City4779,57908,668.1,17.3,713.5,40.6,45.4,32.3,28.6,57.3,23.5,26.0,149.4,14.5,60.5
City4780,10000,380.8,61.7,525.0,53.5,44.8,59.9,72.4,85.9,56.0,42.3,316.5,72.6,73.5
City4781,396613,141.3,50.0,678.6,51.2,49.4,45.2,56.9,61.9,40.0,46.3,261.5,45.1,89.3
City4782,403603,885.2,36.6,657.5,23.7,39.0,37.8,24.7,60.6,51.1,33.0,171.0,20.4,49.6
City4783,25161,64.6,25.3,521.1,20.1,47.8,24.4,35.9,59.1,16.0,48.2,163.4,24.6,46.7
City4784,68193,360.6,73.2,277.0,66.7,67.6,77.9,81.5,85.5,74.6,67.8,353.6,61.6,70.0
City4785,10000000,50.0,32.4,571.9,22.5,21.1,25.1,28.6,50.9,32.6,46.9,165.5,36.6,61.1
City4786,174930,312.5,57.8,383.0,42.2,62.3,54.4,52.6,63.7,38.6,40.3,278.0,36.7,51.5
City4787,746643,308.5,16.9,769.0,17.1,27.8,15.1,18.3,54.4,18.8,46.9,78.6,45.0,52.8
City4788,107912,1829.4,46.7,559.8,40.6,44.4,37.4,46.3,62.0,41.0,52.8,261.5,39.9,79.4
City4789,14379,50.0,45.4,575.7,47.0,59.1,52.0,37.5,69.8,61.0,46.5,216.7,39.5,69.5
City4790,211427,119.0,36.7,610.8,37.0,44.9,35.7,28.6,57.2,23.0,21.4,148.1,35.5,51.8
City4791,185007,656.7,55.8,648.7,53.9,46.9,36.6,52.6,70.1,40.6,49.5,180.8,27.1,94.0
City4792,153302,365.9,51.7,606.6,58.5,34.9,29.9,27.7,59.1,39.4,42.7,202.8,33.8,65.6
City4793,228548,303.8,38.7,614.0,42.9,66.0,39.0,47.0,64.8,39.8,35.5,200.0,33.8,86.5
City4794,388471,77.7,67.8,503.8,72.5,60.5,61.2,69.9,68.1,61.4,75.4,393.7,49.2,89.2
City4795,217474,120.4,16.7,755.1,18.9,37.4,11.5,14.9,50.7,18.1,25.2,146.5,31.4,46.4
City4796,45724,1090.1,37.0,441.7,49.3,39.7,37.3,48.7,58.2,29.8,43.8,249.3,34.8,65.7
City4797,530014,230.0,26.6,582.0,42.9,38.8,34.2,33.4,66.8,23.5,31.2,162.7,30.2,65.6
City4798,17516,383.9,56.1,370.6,62.8,39.5,47.1,51.7,65.5,62.3,32.9,205.9,53.8,89.3
City4799,15206,213.1,38.2,455.6,46.0,33.0,23.2,33.4,60.6,27.0,20.2,183.2,27.6,68.5
City4800,755286,59.2,24.0,820.8,25.0,51.2,13.9,13.0,46.5,27.6,10.9,40.1,30.5,51.5
City4801,545702,750.4,58.9,542.4,56.1,67.8,65.4,56.9,78.4,48.1,54.4,325.5,40.4,82.8
City4802,247618,447.6,61.5,467.1,77.0,67.7,63.1,61.4,78.5,48.1,65.7,396.1,42.3,58.6
City4803,38039,3892.3,69.6,366.0,50.9,59.7,61.8,62.3,65.1,70.5,56.7,284.7,47.9,59.3
City4804,99600,72.3,43.4,437.8,36.5,42.3,35.8,44.1,80.2,53.7,49.8,222.8,53.6,58.8
City4805,185749,656.6,68.0,333.4,53.2,65.8,63.3,67.8,82.7,72.1,76.1,414.9,53.7,66.5
City4806,28731,50.7,18.6,897.0,15.6,44.9,15.6,10.0,51.1,3.1,18.5,82.3,35.2,63.4
City4807,95354,295.5,14.2,518.4,25.1,22.3,16.3,18.1,61.4,24.7,26.8,141.8,24.6,43.8
City4808,668814,789.8,12.3,543.7,41.6,59.3,15.3,23.5,57.2,24.4,12.9,66.0,19.8,60.3
City4809,1979247,50.0,33.4,481.7,42.1,72.6,30.0,37.2,58.4,24.1,26.1,193.5,30.1,74.3
City4810,149162,191.3,32.4,629.3,22.6,37.7,14.3,17.4,45.3,14.9,30.0,165.2,9.9,36.5
City4811,773811,124.5,12.7,778.5,25.8,32.3,14.1,17.2,59.7,16.6,35.6,89.5,11.2,67.1
City4812,18403,105.4,34.0,741.5,34.4,18.5,24.7,19.1,58.7,21.1,39.0,125.0,54.1,61.6
City4813,675515,388.5,23.2,708.1,27.7,34.7,24.7,23.5,51.1,25.9,33.9,111.5,35.2,57.7
City4814,87070,939.0,30.5,755.6,40.3,26.3,25.7,37.4,74.2,22.6,56.8,148.8,30.5,68.5
City4815,412620,208.5,79.5,488.0,59.9,57.8,64.9,68.8,71.5,70.2,60.3,310.2,47.9,72.6
City4816,189690,313.1,64.1,476.8,80.7,73.2,81.7,79.2,90.5,62.0,67.6,424.7,62.0,86.8
City4817,1704154,280.7,50.6,467.0,55.5,54.0,42.0,45.7,72.4,45.5,30.7,168.9,32.9,49.0
City4818,78888,245.2,51.1,390.7,51.5,47.8,44.6,54.2,67.5,47.5,40.1,230.1,42.2,83.9
City4819,646060,66.2,66.5,330.7,49.7,64.4,68.5,63.6,77.0,67.2,49.4,338.1,67.9,67.7
City4820,181441,925.3,13.8,845.6,34.5,48.8,19.4,14.8,48.2,25.3,42.9,148.9,29.2,35.6
City4821,214995,348.7,62.6,459.8,55.5,50.0,54.6,55.3,75.4,41.3,61.7,294.4,58.0,77.0
City4822,207441,393.0,58.0,652.2,30.1,56.5,32.8,40.9,66.6,41.0,39.7,156.2,59.3,67.1
City4823,82129,93.0,46.4,601.3,50.7,60.4,56.6,44.6,67.4,38.1,61.0,204.6,55.3,77.4
City4824,263092,141.0,19.4,719.7,26.1,53.0,18.2,22.6,48.4,31.3,26.0,100.6,34.7,57.2
City4825,245804,198.1,14.4,666.2,28.2,42.9,19.9,12.5,53.5,18.0,19.0,98.3,22.3,37.9
City4826,376147,50.0,29.1,520.3,38.3,30.8,43.6,25.6,53.4,28.6,27.6,175.6,43.1,47.1
City4827,302037,50.0,30.4,621.1,27.9,34.6,38.9,41.5,61.7,38.5,36.5,246.9,45.7,70.9
City4828,820108,119.0,24.2,674.0,43.9,32.1,16.5,24.2,58.1,16.7,38.5,209.4,25.2,42.2
City4829,977654,458.1,38.1,580.1,35.7,63.8,37.4,20.2,61.1,23.8,32.4,221.3,40.0,82.9
City4830,61643,111.7,34.7,489.3,45.8,41.1,31.4,31.4,53.2,32.4,48.7,125.1,37.9,72.4
City4831,905535,72.1,39.9,417.9,32.6,41.7,30.4,46.5,58.0,35.6,42.2,256.2,39.1,60.7
City4832,50976,92.1,42.2,645.5,29.0,46.7,27.2,37.0,59.6,32.8,49.5,276.4,41.0,50.2
City4833,611089,141.7,1.3,618.5,19.8,28.8,6.1,7.4,59.7,15.7,30.6,44.3,11.8,68.4
City4834,638983,160.0,48.9,525.6,38.8,38.3,30.3,37.7,73.1,23.2,46.3,197.2,51.8,56.0
City4835,18474,3289.9,62.7,660.6,58.7,59.9,45.3,57.8,79.2,48.0,40.1,313.4,40.2,81.5
City4836,305642,867.4,43.2,298.4,46.7,52.6,55.5,59.1,87.2,40.7,47.3,274.5,45.5,57.7
City4837,139261,836.9,86.3,160.7,76.7,64.1,85.0,89.9,88.2,68.2,75.7,437.0,71.3,80.0
City4838,92756,994.6,56.2,487.4,41.8,44.7,51.2,47.5,71.5,46.2,55.0,294.2,53.7,70.2
City4839,1778344,73.8,53.8,689.2,41.9,66.9,47.4,49.1,81.8,47.0,50.9,253.6,50.5,84.0
City4840,107457,56.4,45.7,703.9,42.0,39.0,50.9,39.9,69.2,48.4,64.1,260.4,46.7,63.6
City4841,86774,64.8,3.8,571.5,36.1,25.2,26.3,25.3,49.1,24.9,15.3,56.9,15.9,66.6
City4842,298335,1213.7,57.2,412.9,48.4,55.2,62.4,58.8,64.1,66.7,46.7,378.8,80.1,53.5
City4843,700693,126.9,46.3,437.2,48.4,44.7,38.3,52.3,61.4,59.3,44.9,176.3,37.1,84.2
City4844,220068,54.5,15.7,640.4,30.6,16.1,10.0,14.1,51.4,14.7,23.7,137.0,40.8,52.3
City4845,1373563,145.9,70.6,448.9,74.2,67.7,67.3,63.1,79.7,75.5,77.7,407.1,63.3,87.2
City4846,564313,183.8,11.8,731.5,34.8,31.8,12.7,20.2,51.0,20.0,10.6,30.2,12.6,62.6
City4847,12714,337.7,45.1,502.7,42.8,30.8,34.3,37.9,69.7,33.3,32.6,122.2,37.1,70.9
City4848,127867,330.7,50.8,505.3,56.5,58.9,45.3,49.9,66.7,58.4,56.6,259.4,54.6,57.7
City4849,122200,90.6,18.9,838.9,36.9,32.6,26.8,37.1,60.8,26.4,24.9,168.1,25.6,77.3
City4850,524974,557.1,41.3,517.6,44.9,57.7,34.5,35.5,57.1,42.6,47.8,207.7,21.3,67.5
City4851,10000,113.6,49.6,437.7,42.9,69.4,49.6,59.9,64.7,42.5,54.3,219.0,50.8,65.9
City4852,9517222,202.9,55.7,614.5,39.3,48.8,50.2,29.2,68.5,31.7,46.8,284.7,53.1,76.4
City4853,564353,557.9,74.1,383.7,49.4,54.5,65.9,56.2,67.5,47.9,60.9,344.5,56.0,63.7
City4854,330521,113.3,60.1,665.6,50.1,44.6,52.8,51.3,78.5,55.0,39.4,245.8,38.9,52.8
City4855,1403100,123.6,35.4,593.4,31.8,35.4,32.8,34.6,67.5,43.6,30.9,192.5,52.7,68.8
City4856,7139231,497.7,21.5,664.9,29.1,26.6,18.6,19.3,63.6,34.2,31.8,45.7,21.4,38.2
City4857,908041,87.4,24.1,523.3,31.4,25.3,34.6,26.5,60.1,19.2,37.2,156.3,19.9,41.5
City4858,1012910,154.2,63.5,426.4,50.5,40.8,50.1,50.8,58.1,46.7,48.8,282.6,49.8,65.7
City4859,322212,476.7,70.7,447.9,55.5,78.7,74.6,71.1,70.2,82.0,61.6,427.6,92.2,68.2
City4860,220105,2878.2,15.2,663.7,23.2,35.1,8.1,19.5,46.4,21.5,9.5,57.1,21.6,50.0
City4861,137845,506.0,73.0,330.1,47.8,59.5,52.1,54.5,70.3,51.9,56.1,236.7,62.6,60.7
City4862,84410,431.5,27.8,592.7,27.3,46.9,16.3,21.8,58.3,14.9,24.1,112.3,13.9,68.1
City4863,102557,462.6,56.5,454.2,51.3,50.1,54.2,50.5,68.5,43.4,38.4,274.7,41.2,105.0
City4864,40506,67.5,74.9,275.1,64.9,65.8,60.6,67.8,70.2,75.0,62.4,399.3,70.6,88.9
City4865,241296,281.1,55.6,521.3,52.2,62.5,60.0,54.1,77.7,70.3,49.3,257.8,45.4,60.3
City4866,25373,236.1,20.2,815.2,13.7,29.5,16.4,9.8,57.3,11.5,6.7,121.3,32.7,48.8
City4867,350558,359.9,57.9,379.1,50.3,67.8,52.7,51.4,78.2,65.3,63.4,313.9,56.8,97.4
City4868,255030,281.4,24.2,654.7,51.2,62.8,30.9,36.1,54.7,39.1,56.5,206.5,51.5,62.8
City4869,329624,385.9,50.4,399.4,35.8,34.9,47.1,49.2,56.8,38.8,34.5,235.3,59.6,77.4
City4870,129186,168.4,46.4,543.8,32.6,46.5,23.4,21.2,57.0,27.6,38.1,234.3,31.7,50.1
City4871,10000000,262.5,71.8,577.8,48.1,64.9,61.9,63.8,76.4,54.0,46.6,312.9,68.2,66.6
City4872,1801557,56.1,70.2,476.6,70.0,56.3,67.2,69.9,79.6,66.7,58.4,368.0,60.2,75.6
City4873,46987,166.7,50.9,452.3,48.0,45.9,62.4,60.9,70.2,46.1,62.9,253.9,73.5,73.5
City4874,371764,1298.5,90.4,456.5,60.3,63.7,72.3,74.3,83.7,58.8,82.0,379.2,69.1,81.3
City4875,114552,358.7,85.5,410.2,57.8,72.2,71.0,68.9,84.4,59.1,80.2,356.4,58.5,82.3
City4876,64843,238.6,29.4,623.0,32.8,49.5,25.0,28.0,63.8,33.6,28.5,111.5,19.6,67.5
City4877,41105,2381.2,47.8,507.7,37.7,58.7,52.7,41.3,59.4,36.9,34.5,244.8,47.8,51.9
City4878,491444,50.0,42.8,305.5,45.7,51.8,68.2,53.0,74.0,50.2,51.3,275.6,41.3,78.7
City4879,103369,64.6,77.1,395.5,83.2,58.5,80.1,87.0,75.1,67.1,58.5,381.5,89.0,85.9
City4880,1040234,1910.8,71.8,442.2,53.8,55.2,63.7,60.9,78.2,58.4,50.6,389.9,72.1,89.6
City4881,1078730,258.6,21.1,571.7,47.9,50.5,40.6,19.3,54.9,25.5,21.4,117.4,43.3,44.0
City4882,1836698,182.9,32.9,636.2,35.8,53.0,36.3,35.9,59.7,48.8,30.5,218.6,67.7,84.5
City4883,81361,58.0,43.2,444.0,46.3,50.9,49.6,49.6,58.1,39.9,63.5,232.5,49.5,75.6
City4884,522046,418.7,61.4,522.6,43.6,44.3,60.7,56.6,73.6,69.8,56.8,256.0,52.7,100.2
City4885,650460,470.3,51.3,406.5,42.2,50.1,40.4,52.4,61.8,45.1,36.2,248.8,38.3,71.0
City4886,138157,65.8,53.0,419.8,68.6,69.4,61.0,48.1,74.5,54.5,58.8,293.1,36.6,85.7
City4887,91082,206.8,43.7,412.6,34.1,70.0,37.6,33.8,68.7,42.6,65.9,177.2,45.9,74.9
City4888,2554402,163.6,15.8,656.4,44.7,44.8,16.8,27.4,57.0,20.4,15.3,208.1,58.6,65.1
City4889,368978,332.7,33.3,728.6,40.2,26.8,27.5,32.3,52.9,34.9,21.8,146.4,16.9,69.9
City4890,653667,63.9,42.5,416.6,46.4,26.6,43.5,38.5,66.0,30.0,26.3,235.3,28.0,74.7
City4891,84888,1099.2,50.5,654.0,30.9,44.7,33.3,42.6,65.2,48.9,26.5,288.4,45.0,65.8
City4892,48678,734.4,8.9,675.5,16.0,28.6,12.8,18.2,68.2,5.0,21.6,59.3,22.6,80.1
City4893,120906,158.3,42.5,481.9,54.4,57.3,48.0,48.4,60.5,41.0,43.0,238.3,44.4,62.2
City4894,225566,188.7,71.8,485.8,47.4,50.9,57.8,68.7,74.1,60.6,58.8,298.1,59.0,100.2
City4895,60481,207.7,16.0,764.6,24.4,35.7,28.6,26.6,59.4,34.0,42.4,191.3,56.7,38.8
City4896,264664,96.2,30.8,581.6,28.5,21.5,19.3,24.4,51.9,18.6,40.2,77.5,30.0,61.4
City4897,25237,143.7,66.9,512.4,80.9,58.1,70.1,83.6,66.1,64.7,52.0,354.4,56.7,71.7
City4898,55934,176.9,40.7,600.0,41.2,41.2,38.0,48.7,71.9,40.1,30.9,232.3,40.3,45.8
City4899,686441,1695.0,49.3,536.8,43.5,50.0,52.6,59.8,67.1,43.9,39.1,232.1,58.7,86.8
City4900,624874,762.0,41.6,530.5,37.2,50.5,25.9,38.3,67.0,35.9,19.2,125.0,26.9,62.4
City4901,155029,751.1,24.0,823.1,37.2,27.1,16.9,13.1,51.1,30.6,37.4,76.6,39.5,64.2
City4902,64545,381.4,66.8,417.9,48.2,44.4,53.5,60.6,78.7,58.3,61.4,313.0,59.1,69.9
City4903,63680,64.0,25.4,526.8,39.9,50.7,23.8,27.7,46.6,28.4,35.0,139.6,36.1,63.1
City4904,159121,232.8,59.2,399.0,48.2,56.1,59.6,64.3,87.0,67.0,55.2,361.3,58.5,79.4
City4905,661540,784.1,23.2,745.9,22.6,32.9,24.7,30.7,52.0,24.7,26.7,158.9,37.3,56.9
City4906,984160,54.1,29.2,550.4,20.9,48.3,33.1,31.5,61.2,30.5,21.9,109.3,30.1,66.6
City4907,133900,525.2,46.0,556.9,57.5,53.1,53.2,52.5,62.8,43.9,41.3,285.3,49.6,81.7
City4908,53375,3972.4,82.3,290.6,66.2,53.7,68.6,84.6,73.6,81.0,81.8,334.9,77.8,72.8
City4909,390421,875.0,26.2,547.8,27.6,24.1,20.2,21.7,66.5,36.0,34.9,181.4,27.5,89.0
City4910,84715,1335.2,16.1,798.6,47.0,39.9,31.2,24.4,62.6,22.9,19.2,120.6,45.6,36.8
City4911,129890,318.0,40.1,614.6,40.8,35.3,36.5,43.5,62.0,26.9,50.3,228.4,28.4,77.1
City4912,1715794,781.7,53.6,532.1,56.6,61.1,54.2,52.8,74.3,36.1,60.3,234.1,64.9,59.2
City4913,854234,103.4,49.3,507.6,29.5,61.2,42.2,36.4,56.6,41.9,31.4,186.3,26.4,76.9
City4914,334758,635.9,67.6,423.1,62.6,44.6,76.6,56.3,78.5,70.2,56.8,388.9,48.8,61.2
City4915,45220,536.6,52.9,794.1,49.3,33.5,37.8,42.6,59.9,39.2,25.0,178.5,41.0,66.4
City4916,360755,346.5,56.7,531.9,49.6,58.2,73.2,60.6,72.6,50.7,75.4,308.3,52.9,92.0
City4917,1187926,1187.0,29.3,660.1,23.6,22.5,13.6,27.7,48.8,33.9,21.9,45.2,23.2,43.6
City4918,158595,128.2,39.4,494.9,58.7,46.4,44.3,39.2,74.1,35.5,44.1,201.4,43.9,66.0
City4919,1778996,195.5,23.5,552.2,21.2,25.3,14.6,19.5,62.4,30.2,43.7,85.6,24.5,73.6
City4920,1639404,274.4,61.7,613.8,47.3,69.8,56.9,50.6,77.1,35.4,35.7,219.7,38.4,96.1
City4921,2755821,71.1,27.4,534.8,36.6,37.2,36.7,49.4,63.9,44.5,54.7,172.1,39.5,51.5
City4922,411407,321.3,56.1,593.5,53.2,64.6,47.7,59.2,76.9,39.2,48.0,306.5,57.3,85.0
City4923,610692,50.0,22.8,662.2,36.5,37.2,21.1,15.0,56.9,15.6,38.1,153.1,14.8,43.8
City4924,1943230,859.5,41.4,373.9,40.6,33.6,36.6,39.2,56.0,29.7,54.4,247.0,32.5,43.1
City4925,501998,258.8,36.0,374.6,51.8,55.9,52.0,43.7,77.4,37.9,53.1,261.0,40.4,63.9
City4926,133022,131.0,41.5,504.7,28.6,40.1,32.2,26.5,53.9,26.3,22.9,167.6,53.3,65.0
City4927,143206,89.9,28.5,528.4,29.9,37.3,31.2,32.7,52.6,28.0,26.7,201.5,32.8,87.5
City4928,374735,184.7,48.6,696.1,55.3,59.8,40.9,47.2,75.1,50.4,45.6,280.2,31.9,60.1
City4929,44055,558.9,58.6,443.5,61.0,69.2,56.6,59.4,71.3,49.8,47.7,320.2,59.7,93.9
City4930,219572,472.1,51.3,559.1,27.9,39.3,39.6,32.6,60.5,25.5,41.2,251.1,60.0,85.6
City4931,1245647,104.9,50.0,560.9,39.6,47.4,52.8,62.7,77.6,54.7,42.0,246.8,40.8,71.8
City4932,12484,88.7,53.6,710.0,35.0,55.5,36.9,30.6,53.6,40.6,37.8,250.5,40.5,85.5
City4933,2299667,538.2,42.0,687.4,39.8,40.6,26.6,22.4,73.2,28.9,42.4,117.6,42.0,69.4
City4934,1291511,102.8,51.0,430.6,54.0,57.6,45.3,47.4,72.2,59.1,54.9,304.4,59.8,78.4
City4935,140973,262.9,51.0,450.6,61.0,50.5,44.9,33.4,71.0,41.2,24.7,149.9,46.0,57.4
City4936,574208,283.9,59.1,391.4,48.5,51.5,55.5,60.8,70.3,54.1,48.3,243.9,47.0,87.8
City4937,269522,355.8,33.1,545.4,41.7,64.5,31.7,46.9,68.7,37.5,38.5,290.6,40.1,79.4
City4938,1501517,685.3,26.0,530.9,44.4,42.7,44.1,36.4,62.0,30.7,52.7,239.6,44.1,47.8
City4939,1062097,53.8,53.8,544.3,55.2,34.7,39.6,40.1,58.1,28.5,41.6,267.3,25.4,79.0
City4940,37793,50.0,8.2,709.3,36.3,19.2,24.4,15.7,50.2,21.5,30.4,74.5,25.8,60.5
City4941,610581,123.8,54.7,390.6,44.4,79.2,54.6,49.4,68.7,37.6,63.1,278.3,58.9,60.0
City4942,201213,2125.7,51.0,546.6,46.0,41.8,40.4,43.3,71.5,48.1,49.5,182.3,40.4,55.9
City4943,301331,2770.0,52.1,534.1,55.0,74.6,55.7,55.1,64.3,68.1,38.0,277.2,36.1,66.8
City4944,96815,2202.6,51.8,549.9,42.7,61.5,50.1,45.0,66.4,38.7,52.9,260.1,32.9,78.3
City4945,3101485,194.1,57.4,329.6,48.6,56.2,56.1,68.7,79.7,48.1,59.4,297.2,61.7,72.3
City4946,1150936,50.0,14.6,678.1,31.8,36.2,18.0,15.8,59.5,16.7,13.0,110.3,31.6,74.6
City4947,95255,50.0,24.6,736.4,22.0,41.1,22.7,18.9,68.9,11.8,23.5,120.3,32.6,48.6
City4948,41421,117.1,16.8,529.9,45.4,33.0,22.7,25.4,59.9,27.3,30.1,144.8,59.8,52.2
City4949,156382,192.9,52.7,701.4,49.2,42.1,40.4,49.9,68.6,56.1,51.6,260.4,45.8,93.5
City4950,493019,1165.3,37.8,727.3,38.3,49.8,40.4,37.7,69.4,28.9,25.8,212.4,59.5,58.6
City4951,375603,693.2,19.6,577.5,32.1,29.0,10.7,11.4,56.2,7.0,13.8,38.3,31.1,46.4
City4952,1550962,321.5,75.1,380.0,49.6,65.3,67.2,73.5,67.9,68.2,73.3,350.9,78.6,67.9
City4953,810889,84.1,36.7,638.1,37.3,43.7,33.1,35.8,59.8,23.9,36.3,234.4,25.1,46.8
City4954,1042775,77.3,38.8,435.0,39.1,32.6,38.1,26.0,68.9,50.0,26.7,171.0,25.0,48.5
City4955,424046,331.9,30.6,769.4,20.8,45.7,25.9,28.2,57.5,40.6,45.2,128.1,28.1,53.9
City4956,38368,564.8,27.1,635.4,28.6,41.9,16.7,12.5,56.7,29.9,17.5,125.8,11.9,51.7
City4957,204029,391.6,15.8,726.9,18.1,29.0,19.2,25.8,54.2,31.3,27.6,101.5,22.7,51.5
City4958,1183664,70.7,25.4,663.2,43.3,29.9,21.2,18.2,54.4,20.6,48.7,88.5,46.2,74.0
City4959,249663,534.2,49.2,503.4,50.9,48.7,51.8,55.6,72.6,56.2,63.2,226.7,40.4,65.6
City4960,542707,407.9,42.2,501.8,34.3,31.9,36.0,34.6,61.6,48.6,57.9,210.8,24.2,81.8
City4961,171742,67.7,34.2,559.2,39.3,35.7,39.6,39.7,67.0,42.5,57.0,182.6,36.3,50.4
City4962,63466,95.5,55.0,487.0,51.1,45.2,52.0,56.1,61.2,52.9,58.0,207.0,62.8,60.6
City4963,225780,559.0,65.4,422.2,54.6,40.2,57.2,60.7,65.2,50.5,40.4,325.6,44.5,74.3
City4964,413604,184.7,54.8,542.0,61.7,76.9,55.4,52.4,80.6,58.7,44.5,310.2,42.4,84.8
City4965,107155,1647.4,43.8,586.3,49.6,50.2,47.7,49.7,57.3,39.3,60.3,308.3,54.1,66.9
City4966,192914,446.5,58.9,430.3,44.4,61.9,57.9,67.3,72.9,41.9,41.9,318.6,41.6,95.5
City4967,72023,136.5,52.2,553.9,63.1,57.1,56.3,67.0,79.7,65.9,64.7,331.8,53.2,79.0
City4968,1285865,241.7,65.4,437.5,49.6,73.3,60.9,49.2,77.9,51.7,59.0,291.9,58.3,86.7
City4969,177683,264.0,14.6,618.9,24.1,35.6,19.3,16.3,69.7,10.9,20.8,95.5,35.6,54.2
City4970,2051040,102.1,52.9,571.0,53.9,51.1,41.3,45.9,57.8,44.6,38.6,296.6,39.1,65.6
City4971,2281279,81.9,44.8,588.9,36.8,37.7,27.1,28.3,68.5,41.2,49.3,229.2,50.1,58.5
City4972,239554,567.7,11.4,643.1,37.9,19.5,8.9,27.5,62.9,20.1,24.4,85.3,25.0,66.8
City4973,65393,674.7,23.0,581.2,49.0,25.8,34.6,30.2,63.9,23.5,17.8,138.3,38.5,87.7
City4974,14468,505.0,58.8,491.2,60.0,63.1,59.0,58.1,71.8,55.9,56.6,296.9,59.3,101.0
City4975,34171,1507.8,38.3,665.2,33.6,48.4,42.3,32.1,68.2,31.7,28.6,154.3,37.2,65.0
City4976,39207,127.7,37.1,551.5,41.4,51.7,46.2,34.8,58.9,28.7,47.7,180.4,25.0,77.0
City4977,1848449,1824.6,38.4,762.5,46.1,25.2,38.0,35.7,57.3,37.6,42.6,161.2,30.7,82.1
City4978,315575,83.0,51.5,319.1,66.2,73.2,55.1,61.0,77.0,48.2,39.8,283.7,51.3,52.5
City4979,462983,72.6,45.9,484.3,43.6,41.1,40.3,39.2,69.9,52.9,30.0,239.2,33.4,82.0
City4980,11984,50.0,49.6,396.0,69.9,62.4,61.0,56.4,74.2,74.5,66.9,333.0,68.5,81.6
City4981,50153,143.3,76.0,396.1,74.1,81.9,71.3,69.4,76.5,75.5,60.5,371.0,57.2,85.0
City4982,929044,133.7,16.0,687.1,21.4,39.2,13.9,25.4,45.4,9.9,9.9,161.4,20.5,53.2
City4983,400906,460.0,22.4,655.4,26.1,32.1,15.5,18.2,51.4,17.2,25.0,100.9,31.3,72.2
City4984,218362,327.9,54.7,474.3,51.8,64.9,44.0,58.4,74.3,46.1,67.5,354.0,42.1,79.8
City4985,591714,58.5,31.6,941.3,31.5,27.7,22.5,11.2,63.4,22.8,12.5,78.0,15.9,48.9
City4986,2650123,152.7,48.5,369.6,38.8,34.0,45.6,56.2,63.8,34.0,56.7,225.1,58.3,93.0
City4987,196917,156.7,49.3,472.4,50.7,44.0,55.5,45.5,72.1,46.6,42.9,336.2,66.6,79.3
City4988,295705,50.0,18.1,650.9,29.2,42.6,24.7,33.7,56.0,16.7,25.9,136.2,18.3,58.3
City4989,351384,75.4,35.7,398.8,37.9,56.0,44.7,47.5,62.7,50.3,48.8,300.7,46.1,84.0
City4990,7640346,97.0,57.6,439.9,74.7,62.8,64.0,58.6,65.1,63.4,73.9,347.1,43.8,103.6
City4991,14198,1367.0,27.9,583.6,52.1,62.4,24.0,23.7,58.0,21.1,30.9,145.9,24.4,80.4
City4992,698375,307.9,38.0,601.9,29.5,26.1,30.1,24.9,50.2,36.4,39.8,202.3,27.8,76.0
City4993,228496,541.6,13.5,730.8,18.8,10.0,12.9,6.1,44.0,1.5,10.8,82.7,14.2,33.2
City4994,593314,50.0,43.0,699.5,37.6,64.2,40.3,46.8,68.2,52.6,47.4,230.2,30.7,65.7
City4995,106903,1025.6,9.9,576.3,27.6,37.1,24.7,17.1,49.8,20.0,24.8,84.8,25.5,40.9
City4996,250558,1166.0,61.4,489.7,49.5,69.5,51.5,51.6,72.3,42.1,61.1,310.2,59.7,70.6
City4997,726486,50.0,25.2,635.4,45.0,26.7,31.3,22.5,57.8,26.8,22.7,99.1,12.0,51.1
City4998,10000000,105.0,50.9,623.7,52.5,77.6,53.7,57.4,67.2,66.6,53.2,294.6,37.3,55.3
City4999,831719,443.6,28.9,555.2,39.4,52.7,30.4,37.4,55.7,29.6,27.9,174.2,43.9,65.1
City5000,81855,530.2,46.8,458.3,35.8,32.1,36.4,46.1,58.6,33.9,32.3,232.6,52.7,69.8
